tree
version=v4
num_class=1
num_tree_per_iteration=1
label_index=0
max_feature_idx=8
objective=binary sigmoid:1
feature_names=days_to_departure hour_of_day day_of_week seats_left price_delta_6h price_delta_12h price_delta_24h carrier route
feature_infos=[1.0416666666666667:30] [6:23] [0:6] [6:150] [-0.087209302325581398:0.12598425196850394] [-0.086062941554271036:0.15945945945945947] [-0.086956521739130432:0.19732441471571907] -1:6:0:1:2:7:5:4:3 -1:0:2:5:7:4:6:3:1
tree_sizes=1700 1768 1771 1778 1778 1768 1769 1774 1773 1775 1771 1773 1768 1771 1761 1763 1766 1773 1769 1771 1772 1769 1767 1769 1758 1764 1773 1775 1779 1775 1778 1782 1783 1768 1772 1773 1775 1775 1771 1779 1776 1777 1789 1773 1770 1775 1773 1777 1792 1779 1772 1776 1778 1772 1777 1781 1781 1783 1774 1777 1779 1784 1791 1777 1778 1780 1777 1775 1791 1783 1777 1777 1779 1773 1771 1777 1783 1798 1794 1773 1797 1779 1781 1808 1763 1774 1775 1783 1778 1801 1786 1781 1792 1785 1787 1805 1799 1800 1797 1787 1761 1787 1780 1783 1785 1810 1774 1799 1781 1752 1773 1799 1780 1766 1772 1769 1781 1762 1795 1799 1767 1751 1774 1789 1776 1759 1768 1794 1749 1773 1749 1769 1756 1760 1772 1787 1755 1791 1759 1771 1774 1776 1761 1746 1773 1759 1752 1783 1767 1769 1775 1771 1763 1760 1780 1750 1786 1785 1747 1786 1773 1772 1769 1768 1785 1748 1770 1736 1770 1779 1754 1746 1753 1773 1752 1777 1786 1748 1770 1746 1744 1745 1738 1779 1754 1753 1750 1756 1754 1745 1772 1758 1768 1770 1759 1768 1770 1782 1787 1751 1764 1745 1775 1763 1744 1752 1768 1783 1756 1769 1776 1746 1768 1764 1749 1743 1746

Tree=0
num_leaves=15
num_cat=0
split_feature=0 4 5 5 0 4 0 0 5 4 4 0 4 5
split_gain=31294.8 15012.4 5434.26 2279.1 2001.73 1722.79 1516.78 1144.36 920.238 829.031 664.88 639.577 636.693 504.425
threshold=13.937500000000002 -0.0011477762781485132 0.0098946630703132792 -0.0054873792467240237 9.5625000000000018 0.026597429021869488 19.312500000000004 19.312500000000004 -0.012576897022464761 -0.028926178395322386 0.033479924777200354 20.062500000000004 0.040006668889629886 0.038097477937553206
decision_type=2 2 2 2 2 2 2 2 2 2 2 2 2 2
left_child=4 3 7 -2 -1 13 12 -3 -9 -5 -8 -11 -4 -6
right_child=1 2 6 9 5 -7 10 8 -10 11 -12 -13 -14 -15
leaf_value=1.1469726336486588 1.1142382189073359 1.0814937646110567 1.0277817696473233 1.1080006132757274 1.1345449449917655 1.0684535906551389 0.97860769577393536 1.0673781490430228 1.016248440936278 1.0812187087953653 0.9381356723073111 1.0380719497182385 0.97249713467638088 1.0866292273949933
leaf_weight=12175.219245910645 5628.5303745269775 1733.3353710174561 1863.6655931472778 952.67431545257568 3968.1874723434448 1656.3820705413818 2833.6921234130859 1304.0566654205322 2706.379677772522 1440.7996625900269 1580.9376583099365 2126.5893697738647 722.75746917724609 637.50528335571289
leaf_count=64552 29842 9190 9881 5051 21039 8782 15024 6914 14349 7639 8382 11275 3832 3380
internal_value=1.08674 1.04763 1.0115 1.093 1.13516 1.11219 0.981928 1.04755 1.03287 1.06656 0.964114 1.0555 1.01233 1.12791
internal_weight=0 22893.4 12744.8 10148.6 18437.3 6262.07 7001.05 5743.77 4010.44 4520.06 4414.63 3567.39 2586.42 4605.69
internal_count=219132 121379 67572 53807 97753 33201 37119 30453 21263 23965 23406 18914 13713 24419
is_linear=0
shrinkage=1


Tree=1
num_leaves=15
num_cat=0
split_feature=0 4 5 5 0 4 0 5 0 5 5 5 4 0
split_gain=28380.8 12836.2 4402.08 2070.71 1951.57 1750.87 1181.82 1003.44 782.311 767.78 593.101 581.787 535.733 529.799
threshold=13.937500000000002 -0.0011477762781485132 0.0098946630703132792 -0.0054873792467240237 8.3125000000000018 0.03477100787538432 19.312500000000004 -0.012576897022464761 20.645833333333339 0.025468666847405893 0.043980967306711423 0.056125734599486062 0.02123372230678167 19.812500000000004
decision_type=2 2 2 2 2 2 2 2 2 2 2 2 2 2
left_child=4 3 7 -2 -1 11 10 -3 -9 13 -4 -6 -8 -5
right_child=1 2 6 9 5 -7 12 8 -10 -11 -12 -13 -14 -15
leaf_value=0.061773876507767417 0.026491659202207959 -0.0064457645193571932 -0.052611254646457217 0.017715821912569062 0.044190792799722864 -0.01841032807705776 -0.089854289211404245 -0.022259705309107217 -0.068040948793337511 -0.056014109728243167 -0.1037686229225572 -0.01949884901717315 -0.12414834361227112 -0.022579725984344594
leaf_weight=10070.719364091754 5551.5753094851971 1883.2740807086229 1867.2236177623272 1297.4872179925442 5955.1141696572304 1584.3749126940966 1960.6546238064766 1498.9246829599142 2472.1154429912567 1070.564774274826 813.36674804985523 381.53659030795097 2716.8275664746761 2196.8228300064802
leaf_count=55049 29842 9911 9564 6883 32257 8407 9875 7873 12669 5610 4149 2040 13531 11472
internal_value=0 -0.0364067 -0.0688605 0.00597898 0.0471694 0.0286015 -0.0946038 -0.0365047 -0.0507602 -0.0189675 -0.0681338 0.040356 -0.109773 -0.00761741
internal_weight=0 23328.8 13212.4 10116.5 17991.7 7921.03 7358.07 5854.31 3971.04 4564.87 2680.59 6336.65 4677.48 3494.31
internal_count=219132 121379 67572 53807 97753 42704 37119 30453 20542 23965 13713 34297 23406 18355
is_linear=0
shrinkage=0.05


Tree=2
num_leaves=15
num_cat=0
split_feature=0 4 6 6 0 0 6 6 0 0 4 4 4 4
split_gain=25898 11386 3562.7 2039.46 1685 1477.35 1384.3 1264.54 1039.24 985.744 532.579 496.95 444.273 422.907
threshold=13.312500000000002 -0.0011477762781485132 0.02489124164994495 -1.0000000180025095e-35 19.312500000000004 8.3125000000000018 0.044766216549714889 -0.0026696929006802248 19.062500000000004 19.812500000000004 0.024396443761082253 -0.024789208124840621 -0.024789208124840621 0.034365418993895953
decision_type=2 2 2 2 2 2 2 2 2 2 2 2 2 2
left_child=5 3 4 12 -3 -1 -7 -6 13 -5 -9 -11 -2 -4
right_child=1 2 8 9 7 6 -8 10 -10 11 -12 -13 -14 -15
leaf_value=0.060686185521669392 0.042152185888832114 -0.0064430621896919759 -0.050957960584409628 0.0092940495223727028 -0.024178519224355835 0.04629517158910379 -0.0011393877219192726 -0.058929330728973411 -0.11030731366953384 -0.0038698917251680587 -0.098181859032963614 -0.050211576639101224 0.01395251350881441 -0.093110130314101411
leaf_weight=9746.8861507475376 2711.5978213399649 2490.4344325661659 1512.1939342468977 2076.6097356677055 2079.4504488259554 4611.8880174160004 2307.7193646579981 2465.4999802708626 3302.9124971628189 826.11058565974236 1330.4780418276787 1930.1450104266405 2880.2720919698477 981.09014356136322
leaf_count=55049 14673 12829 7743 11143 10400 25386 12491 12224 16001 4423 6425 10089 15373 4883
internal_value=0 -0.0325912 -0.0617838 0.00706726 -0.0409095 0.0481433 0.0304755 -0.0555189 -0.0919125 -0.0167214 -0.0726872 -0.036322 0.027627 -0.0675445
internal_weight=0 24586.8 14162.1 10424.7 8365.86 16666.5 6919.61 5875.43 5796.2 4832.87 3795.98 2756.26 5591.87 2493.28
internal_count=219132 126206 70505 55701 41878 92926 37877 29049 28627 25655 18649 14512 30046 12626
is_linear=0
shrinkage=0.05


Tree=3
num_leaves=15
num_cat=0
split_feature=0 5 4 6 0 5 0 6 0 0 6 6 4 6
split_gain=23620.7 9966.29 3790.73 1640.65 1444.37 1360.44 1162.95 1085.07 886.751 829.531 588.757 524.839 515.637 492.762
threshold=13.312500000000002 -1.0000000180025095e-35 0.012197132357080248 -0.0013898547365167669 8.3125000000000018 0.039438411640325417 17.562500000000004 -1.0000000180025095e-35 19.312500000000004 17.687500000000004 0.0070443211234524012 0.028850117318790034 -0.017521703020779794 0.028447111457795042
decision_type=2 2 2 2 2 2 2 2 2 2 2 2 2 2
left_child=4 3 6 -2 -1 -6 -3 -8 -5 11 -11 -4 -10 -9
right_child=1 2 9 8 5 -7 7 13 12 10 -12 -13 -14 -15
leaf_value=0.059662970594358981 0.026812685945051047 0.0030660643371804128 -0.024395575704321437 0.014932202377097376 0.041737979622908851 -0.011178269827280752 -0.0091166165389780351 -0.045663707807699558 0.002659154562794178 -0.063575411118159883 -0.10139594499071297 -0.075062097247402315 -0.044709822570305757 -0.084948995809057223
leaf_weight=9426.4825867116451 5442.5453715473413 1876.5007204860449 849.98003552854061 1658.7696593850851 5226.705186650157 1582.3460340052843 1701.2995771765709 2768.9173841625452 804.68380533158779 1383.7948267012835 4013.5818182080984 1282.0780757665634 2008.4503871053457 1121.5140348672867
leaf_count=55049 29440 9842 4283 8861 29346 8531 8738 13700 4329 6572 18633 6237 10107 5464
internal_value=0 -0.0305206 -0.0562337 0.00837572 0.0469881 0.0294408 -0.0309936 -0.0424235 -0.014063 -0.0812687 -0.0916994 -0.0548631 -0.0311601 -0.0569887
internal_weight=0 24912.1 14997.7 9914.45 16235.5 6809.05 7468.23 5591.73 4471.9 7529.43 5397.38 2132.06 2813.13 3890.43
internal_count=219132 126206 73469 52737 92926 37877 37744 27902 23297 35725 25205 10520 14436 19164
is_linear=0
shrinkage=0.05


Tree=4
num_leaves=15
num_cat=0
split_feature=0 4 5 6 0 6 6 0 0 0 5 5 5 6
split_gain=21577.4 8907.81 3113.17 1692.24 1414.03 1291.31 1199.48 998.499 786.151 648.632 498.07 446.397 431.972 425.845
threshold=13.312500000000002 -0.0011477762781485132 0.019737448907270947 -1.0000000180025095e-35 8.3125000000000018 0.044766216549714889 -1.0000000180025095e-35 19.312500000000004 19.812500000000004 17.187500000000004 0.059113948767124502 0.017720912750375871 -0.0082303001121946089 0.037046310206049822
decision_type=2 2 2 2 2 2 2 2 2 2 2 2 2 2
left_child=4 3 6 12 -1 -6 -3 -8 -5 13 -7 -10 -2 -4
right_child=1 2 9 8 5 10 7 -9 11 -11 -12 -13 -14 -15
leaf_value=0.058697131063345259 0.03719095615214426 -0.0038362662197638018 -0.027564358462580235 0.009046878056640591 0.044229094996091345 0.0090336871267718086 -0.016931677052202516 -0.060121383220471059 -0.020354294091298006 -0.089410487812391276 -0.051135978128887399 -0.06675218386724438 0.0083273017577933078 -0.077656058340531409
leaf_weight=9110.5397815704346 3347.0333050489426 2419.0848479270935 823.96744008362293 2070.1186956912279 4415.6282632350922 1863.5135724395514 2019.228755787015 3967.8845065683126 2171.6608760505915 4698.2292686700821 421.77818365395069 680.95060428977013 2115.6111678779125 874.69842736423016
leaf_count=55049 18793 12254 4051 11143 25386 10273 10236 18584 11195 21244 2218 3317 11253 4136
internal_value=0 -0.0286467 -0.0535518 0.00685264 0.0458736 0.0284387 -0.0335495 -0.0455551 -0.0144086 -0.079837 -0.00207135 -0.03143 0.0260124 -0.0533582
internal_weight=0 25188.5 14803.1 10385.4 15811.5 6700.92 8406.2 5987.11 4922.73 6396.9 2285.29 2852.61 5462.64 1698.67
internal_count=219132 126206 70505 55701 92926 37877 41074 28820 25655 29431 12491 14512 30046 8187
is_linear=0
shrinkage=0.05


Tree=5
num_leaves=15
num_cat=0
split_feature=0 4 5 5 0 0 5 6 0 6 0 6 0 6
split_gain=19952 7944.2 2650.73 1549.32 1214.02 1075.47 1139.56 942.586 783.734 697.399 671.865 533.738 375.096 386.67
threshold=12.687500000000002 -0.0011477762781485132 0.019737448907270947 -0.0078584384176887175 18.937500000000004 8.3125000000000018 0.039837672853433474 -0.0013898547365167669 17.562500000000004 -0.012545206733420819 17.187500000000004 0.019811901307288625 20.979166666666668 -0.0088477783589710722
decision_type=2 2 2 2 2 2 2 2 2 2 2 2 2 2
left_child=5 3 4 12 11 -1 -7 -6 -5 -10 -4 -3 -2 -14
right_child=1 2 10 8 7 6 -8 -9 9 -11 -12 -13 13 -15
leaf_value=0.057916420024709397 0.041374895807180859 0.017215663122560215 -0.047670065751385542 0.018866500795559359 -0.012741241578813301 0.042724691291026032 -0.0090976665595934193 -0.056290923511749191 0.011026486997128659 -0.03685621973352398 -0.082262132752098788 -0.026718257752823656 0.029682709082608335 -0.0069212433854524552
leaf_weight=8817.3458258807659 2332.6403180211782 1480.9230304956436 1978.5290304869413 1498.066700398922 1768.7155501097441 4374.9429322034121 1400.3848023414612 4176.122116073966 1045.9392733722925 2785.878033131361 4831.2471921592951 1296.5308195203543 1750.9610588848591 1227.1083088219166
leaf_count=55158 13205 7754 9526 8201 8846 25619 7537 19183 5551 13944 21238 6547 10030 6573
internal_value=0 -0.0260345 -0.0488348 0.00724699 -0.0305836 0.0469309 0.030159 -0.043334 -0.0117977 -0.0237861 -0.0722117 -0.00329293 0.0263605 0.0146001
internal_weight=0 26172.7 15532.1 10640.6 8722.29 14592.7 5775.33 5944.84 5329.88 3831.82 6809.78 2777.45 5310.71 2978.07
internal_count=218912 130598 73094 57504 42330 88314 33156 28029 27696 19495 30764 14301 29808 16603
is_linear=0
shrinkage=0.05


Tree=6
num_leaves=15
num_cat=0
split_feature=0 5 4 0 4 0 5 6 0 0 5 6 4 6
split_gain=18318.8 7193.04 2813.97 1237.06 1159.8 946.773 1066.89 795.277 750.664 730.997 621.147 498.036 486.358 371.26
threshold=12.437500000000002 -0.0027020942599510806 0.012197132357080248 17.562500000000004 -0.018302405666881242 7.9375000000000009 0.039837672853433474 0.02407812391211572 19.312500000000004 20.062500000000004 -0.030455447436913613 0.02489124164994495 -0.025293177044149805 -0.013069861838118361
decision_type=2 2 2 2 2 2 2 2 2 2 2 2 2 2
left_child=5 4 3 -3 -2 -1 -7 12 -6 11 -10 -4 -5 -12
right_child=1 2 9 7 8 6 -8 -9 10 -11 13 -13 -14 -15
leaf_value=0.057774098229909178 0.031594400399668862 0.007896565995407917 -0.023884728362677649 0.012267930706799896 0.020574508339642309 0.043699346365795866 -0.0058983687076260612 -0.066573702272860955 0.022293442749042984 -0.077203931912412177 0.0018853595442045606 -0.061255526561932207 -0.031892851534179555 -0.037509502510128898
leaf_weight=8090.1906141042709 3816.7372716963291 2316.4371146559715 1388.9242444336414 746.13851210474968 2069.2652714699507 4325.8821695744991 1446.938395857811 1505.1107918918133 806.79649844765663 4696.2338816523552 815.03754848241806 2489.5126006305218 3792.6699875593185 2246.3990705758333
leaf_count=52428 21821 12401 6725 3898 11348 26099 7891 6863 4280 20268 4375 11489 18083 10943
internal_value=0 -0.0241119 -0.0438117 -0.0231706 0.0100903 0.0467364 0.0312678 -0.0350776 -0.00373293 -0.0639369 -0.0167359 -0.0478725 -0.0246332 -0.0270215
internal_weight=0 26689.3 16935 8360.36 9754.24 13863 5772.82 6043.92 5937.5 8574.67 3868.23 3878.44 4538.81 3061.44
internal_count=218912 132494 79727 41245 52767 86418 33990 28844 30946 38482 19598 18214 21981 15318
is_linear=0
shrinkage=0.05


Tree=7
num_leaves=15
num_cat=0
split_feature=0 4 5 6 0 0 5 0 0 5 6 6 6 4
split_gain=16835.3 6395.08 2112.46 1331.15 943.782 879.432 968.499 843.986 781.822 651.215 541.235 468.919 462.876 370.49
threshold=12.312500000000002 -0.0011477762781485132 0.0086227549857079144 -0.010810042014707068 17.062500000000004 7.5625000000000009 0.045463157532123058 19.062500000000004 21.604166666666668 0.017720912750375871 0.034616640707431048 0.033126875240489975 -0.0013898547365167669 0.026597429021869488
decision_type=2 2 2 2 2 2 2 2 2 2 2 2 2 2
left_child=5 3 8 -2 -5 -1 13 10 -3 -6 -4 -9 -10 -7
right_child=1 2 7 4 9 6 -8 11 12 -11 -12 -13 -14 -15
leaf_value=0.057717631559975835 0.029777187445304221 -0.001311493234346391 -0.020797417273820402 0.023967165666382965 -0.0079818048836126487 0.049688343674807393 -0.0079114724763242883 -0.058398835983598352 -0.0097808625990888423 -0.051588010846857227 -0.057820766736450604 -0.08790482000265834 -0.0486441088988986 0.01616747216950205
leaf_weight=7367.4619626551867 4106.3148983716965 2974.5287678092718 1995.5971552431583 1842.8977059870958 3677.5102589428425 3649.4951954036951 1217.1602916568518 3734.6103209853172 1129.2666371464729 1116.0117799937725 1953.3779611289501 2105.7874082773924 2382.8921874761581 1064.8044150769711
leaf_count=49507 23575 15142 9620 10519 19249 22892 6709 16006 5651 5305 8965 8786 10698 6288
internal_value=0 -0.0225398 -0.0423023 0.00740198 -0.00644278 0.0461808 0.031851 -0.0569653 -0.0201736 -0.0181341 -0.0391112 -0.0690374 -0.0361484 0.0421171
internal_weight=0 27018.8 16276.1 10742.7 6636.42 13298.9 5931.46 9789.37 6486.69 4793.52 3948.98 5840.4 3512.16 4714.3
internal_count=218912 133516 74868 58648 35073 85396 35889 43377 31491 24554 18585 24792 16349 29180
is_linear=0
shrinkage=0.05


Tree=8
num_leaves=15
num_cat=0
split_feature=0 5 6 0 0 0 6 5 0 6 5 6 6 5
split_gain=15486.6 5851.83 2215.66 1396.77 1039.86 871.161 919.297 812.162 666.153 485.272 483.845 480.937 434.022 409.332
threshold=12.312500000000002 -0.0062453918667158556 0.0094799946077822415 17.062500000000004 20.062500000000004 7.9375000000000009 0.041934844591052643 -0.030455447436913613 21.104166666666668 -0.016555076299620945 0.030209536818567081 0.037490560959273993 -0.015379687576996993 0.053300962878872551
decision_type=2 2 2 2 2 2 2 2 2 2 2 2 2 2
left_child=5 7 4 10 -3 -1 -7 -2 -9 -6 -4 -5 -10 -8
right_child=1 2 3 11 9 6 13 8 12 -11 -12 -13 -14 -15
leaf_value=0.05620440438025015 0.03617833945432615 0.010763680316896881 -0.0080095672863340992 -0.052818535217763807 -0.00064390421034566964 0.047381384611710153 0.018073181496428694 0.021065369633791981 0.013330910509082528 -0.037752080267833714 -0.04481578271328418 -0.078402533552922232 -0.026390472972030562 -0.030635771911433192
leaf_weight=7524.3958981484175 2661.5263725966215 2494.9246172904968 1943.778118878603 4803.3994618654251 1155.4236599057913 3136.2912300527096 1674.7498982101679 2668.4314650446177 1035.290043964982 3709.7023871690035 1651.578865095973 2974.4046798944473 2048.3625927865505 580.93279556930065
leaf_count=52428 15260 12998 9962 21084 5791 19890 10014 14994 5941 16859 7782 12587 10258 3064
internal_value=0 -0.0212986 -0.0368561 -0.0506891 -0.0154807 0.0452121 0.0298727 0.0133409 0.00277388 -0.0289392 -0.024917 -0.0626024 -0.0130546 0.00552859
internal_weight=0 27146.8 18733.2 11373.2 7360.05 12916.4 5391.97 8413.61 5752.08 4865.13 3595.36 7777.8 3083.65 2255.68
internal_count=218912 133516 87063 51415 35648 85396 32968 46453 31193 22650 17744 33671 16199 13078
is_linear=0
shrinkage=0.05


Tree=9
num_leaves=15
num_cat=0
split_feature=0 6 4 0 6 4 4 5 5 5 0 4 4 0
split_gain=14272.1 5230.42 1975.18 1819.3 1533.35 950.715 654.163 481.991 459.274 455.348 445.318 421.258 396.714 353.149
threshold=14.437500000000002 -1.0000000180025095e-35 0.012197132357080248 9.5625000000000018 0.03883776558322781 -0.024789208124840621 -0.022488156117863225 0.0082976076818565732 0.038097477937553206 0.029817347789824856 22.229166666666668 0.028903199709223937 0.001183435681846272 20.062500000000004
decision_type=2 2 2 2 2 2 2 2 2 2 2 2 2 2
left_child=3 5 6 -1 11 -2 -3 -7 13 10 -8 -5 -6 -4
right_child=1 2 8 4 12 7 9 -9 -10 -11 -12 -13 -14 -15
leaf_value=0.051867203555852184 0.035997887464059374 0.0062189799153768658 -0.033550300842437576 0.042972358278384998 0.027124923540956938 0.0081559123294913313 -0.0080508124789694085 -0.023259569997589429 -0.076372162246581027 -0.055994117489704426 -0.036687613128246865 -0.00086497785741691108 -0.025216112488241633 -0.059607450838977671
leaf_weight=9170.00742803514 2359.3647477626801 1556.1414348036051 2052.9309679418802 3351.4553982913494 447.97775787115097 3851.7159845083952 2543.3124620467424 1787.5619414448738 2354.900540933013 1327.0187548398972 2911.8602972924709 655.15398350358009 1886.7208345383406 3546.8071928918362
leaf_count=64557 14059 8220 9412 20756 2663 20899 12718 8350 9761 5870 13193 3576 9999 14879
internal_value=0 -0.0237656 -0.0400218 0.0376275 0.0170357 0.00934765 -0.0230181 -0.0018023 -0.0578457 -0.0297264 -0.0233366 0.0358042 -0.015173 -0.0500546
internal_weight=0 24291.6 16293 15511.3 6341.31 7998.64 8338.33 5639.28 7954.64 6782.19 5455.17 4006.61 2334.7 5599.74
internal_count=218912 117361 74053 101551 36994 43308 40001 29249 34052 31781 25911 24332 12662 24291
is_linear=0
shrinkage=0.05


Tree=10
num_leaves=15
num_cat=0
split_feature=0 5 6 0 0 0 6 5 0 6 6 6 5 5
split_gain=13020.9 4786.23 1753.83 990.478 973.091 869.179 930.745 740.782 617.473 443.007 385.198 342.504 327.512 306.793
threshold=12.312500000000002 -0.0062453918667158556 0.012198097822852316 17.062500000000004 20.854166666666668 7.4375000000000009 0.057966593274442708 -0.030455447436913613 20.854166666666668 -0.027393268831624993 0.042837030050284851 -0.015379687576996993 0.021076432383857091 0.037238135465576978
decision_type=2 2 2 2 2 2 2 2 2 2 2 2 2 2
left_child=5 7 4 12 -3 -1 13 -2 -9 -6 -5 -10 -4 -7
right_child=1 2 3 10 9 6 -8 8 11 -11 -12 -13 -14 -15
leaf_value=0.055893260607687525 0.03512107391352521 0.0068992279315107808 -0.0044032516453592829 -0.048420819333684278 0.016578556790654481 0.047814963157876637 -0.005744544513907446 0.021277541253232168 0.012084589896327498 -0.033676523653341284 -0.072964411356430656 -0.022999192088622254 -0.035880995255796765 0.015072066926960734
leaf_weight=6452.1821494400501 2566.5636416971684 3105.7740650773048 1338.0013058483601 5105.4952531605959 485.98449873924255 3349.5855333060026 1434.4617266952991 2525.4395456910133 1022.1425797343254 4490.0748121291399 2327.3747566044331 2177.8811985999346 2160.9048539400101 909.69699412584305
leaf_count=48370 15140 15984 6917 21786 2491 22749 8535 14471 5974 20237 9605 10718 10054 5352
internal_value=0 -0.0188987 -0.0327229 -0.0457798 -0.0150617 0.0433285 0.02909 0.0128 0.00279415 -0.0287684 -0.0561059 -0.0117928 -0.0238437 0.0408217
internal_weight=0 27305.6 19013.6 10931.8 8081.83 12145.9 5693.74 8292.03 5725.46 4976.06 7432.87 3200.02 3498.91 4259.28
internal_count=218383 133377 87074 48362 38712 85006 36636 46303 31163 22728 31391 16692 16971 28101
is_linear=0
shrinkage=0.05


Tree=11
num_leaves=15
num_cat=0
split_feature=0 4 5 0 0 4 6 4 0 4 6 0 6 5
split_gain=11998.4 4655.73 1937.82 897.814 861.823 940.867 757.115 653.688 530.105 410.876 389.737 397.81 293.825 292.179
threshold=12.312500000000002 -0.010523547163542731 0.019737448907270947 16.687500000000004 7.4375000000000009 0.03477100787538432 -0.0013898547365167669 -0.032580650858408021 17.187500000000004 0.034365418993895953 -0.0093008838074366672 18.812500000000004 0.037490560959273993 0.051549411459182633
decision_type=2 2 2 2 2 2 2 2 2 2 2 2 2 2
left_child=4 7 3 -3 -1 -6 -5 -2 12 -8 -9 -12 -4 -10
right_child=1 2 8 6 5 -7 9 10 13 -11 11 -13 -14 -15
leaf_value=0.055242534108863199 0.035785572641739948 0.01047575950885539 -0.012571107395932778 -0.0028828163462400226 0.03923387527064498 -0.0098854718639507198 -0.028308209782203914 0.022592814364926248 -0.051931620554181469 -0.062191462278732935 0.016908081205550842 -0.019299195066098025 -0.046608803769302876 -0.079950888519148944
leaf_weight=6207.9711402952671 2540.7261277139187 2300.3259110599756 1224.4607635289431 2801.4241490215063 4330.7497242689133 1258.1279821842909 5194.799654558301 1932.1171578466892 4573.8474823832512 1080.8654202371836 1210.845233798027 2031.2179338485003 1314.8694657981396 1168.0083605796099
leaf_count=48370 15188 12431 5885 14335 29257 7379 23158 11418 18934 4580 6925 9940 5831 4752
internal_value=0 -0.0179004 -0.0308182 -0.0174253 0.0424197 0.0281765 -0.024496 0.0150158 -0.0492185 -0.034144 0.00481703 -0.00577651 -0.0301959 -0.0576313
internal_weight=0 27373.5 19658.6 11377.4 11796.8 5588.88 9077.09 7714.91 8281.19 6275.67 5174.18 3242.06 2539.33 5741.86
internal_count=218383 133377 89906 54504 85006 36636 42073 43471 35402 27738 28283 16865 11716 23686
is_linear=0
shrinkage=0.05


Tree=12
num_leaves=15
num_cat=0
split_feature=0 4 6 0 0 4 4 4 0 6 0 6 0 6
split_gain=11061 4203.8 1672.75 885.048 855.312 881.446 725.648 473.128 449.125 440.097 346.469 316.696 297.827 259.17
threshold=12.312500000000002 0.011885356608302115 -1.0000000180025095e-35 22.229166666666668 7.4375000000000009 0.03477100787538432 0.035231801930275218 -0.024789208124840621 17.687500000000004 0.044249915931331867 20.062500000000004 0.0014005609109138319 14.812500000000002 0.045223254221882177
decision_type=2 2 2 2 2 2 2 2 2 2 2 2 2 2
left_child=4 2 7 9 -1 13 8 -2 -3 12 -9 -10 -4 -6
right_child=1 6 3 -5 5 -7 -8 10 11 -11 -12 -13 -14 -15
leaf_value=0.054618369700830983 0.036167077229164318 -0.0102922740734223 0.02979557317885137 -0.030779855774500271 0.046778776062954719 -0.0093391069924183192 -0.056301408931985611 0.027575736096716937 -0.018879615761943785 -0.03485192745889213 -0.002176973522650357 -0.046822053369435047 -0.0011345557385437409 0.020276004208414945
leaf_weight=5970.9800758957863 2421.7401488125324 1993.0682719945908 1012.0320902019739 4338.2063663303852 2862.9846938252449 1264.964553847909 4400.2513507157564 1524.8571095913649 1444.9168829768896 775.61672478914261 2730.7748925834894 3400.4944423288107 3369.709531262517 1360.9421550184488
leaf_count=48370 15194 9618 5953 19489 20579 7379 18620 8800 6616 3738 14461 14095 16793 8678
internal_value=0 -0.0169742 -0.000651623 -0.0141361 0.0415217 0.0272747 -0.0404629 0.018524 -0.0302715 -0.000135881 0.00848387 -0.0384895 0.00600924 0.0382396
internal_weight=0 27411.7 16172.9 9495.56 11459.9 5488.89 11238.7 6677.37 6838.48 5157.36 4255.63 4845.41 4381.74 4223.93
internal_count=218383 133377 84428 45973 85006 36636 48949 38455 30329 26484 23261 20711 22746 29257
is_linear=0
shrinkage=0.05


Tree=13
num_leaves=15
num_cat=0
split_feature=0 4 5 0 5 4 0 0 5 0 6 6 6 6
split_gain=10269.7 4040.92 1756.73 1013.8 667.362 563.215 526.004 524.111 679.727 479.599 476.597 405.577 327.139 296.445
threshold=11.187500000000002 -0.010523547163542731 0.021395576270833768 16.687500000000004 -0.030455447436913613 -0.032580650858408021 17.187500000000004 7.3125000000000009 0.056125734599486062 16.187500000000004 0.013702240740607016 -0.01851375797391221 0.037916105344433793 0.027651362497431432
decision_type=2 2 2 2 2 2 2 2 2 2 2 2 2 2
left_child=7 5 3 13 -5 -2 12 -1 -9 -7 -6 -11 -4 -3
right_child=1 2 6 4 10 9 -8 8 -10 11 -12 -13 -14 -15
leaf_value=0.054279629725674822 0.034916413409875217 0.024955711133862267 -0.0090916602150404383 0.024880890803861414 -0.016200346115932285 0.034382990305081788 -0.053201719304628609 0.039219505064497659 -0.017680240317836014 0.024148975379050263 -0.039799585520236852 -0.011023634179875993 -0.042435908936029741 -0.0080623045696804393
leaf_weight=5620.3561474084854 2546.0456861108541 1707.7093141525984 1366.6391743123531 696.37776906788349 5172.2533886432648 1189.0183365494013 5475.1333758831024 3641.7459515631199 613.25948759913445 1119.3019688427448 3648.5956810712814 3061.0368977189064 1592.9948795437813 1129.3858427703381
leaf_count=47351 15853 9982 6815 3762 24097 7551 22361 25743 3544 6795 15579 15608 7299 6043
internal_value=0 -0.0148552 -0.0264311 -0.0144214 -0.0222416 0.0155478 -0.0440216 0.0442572 0.0310187 0.00636356 -0.0259618 -0.00160603 -0.0270389 0.011812
internal_weight=0 28704.5 20789.1 12354.3 9517.23 7915.4 8434.77 9875.36 4255.01 5369.36 8820.85 4180.34 2959.63 2837.1
internal_count=218383 141745 95938 59463 43438 45807 36475 76638 29287 29954 39676 22403 14114 16025
is_linear=0
shrinkage=0.05


Tree=14
num_leaves=15
num_cat=3
split_feature=3 4 4 3 4 7 3 4 6 7 5 3 7 3
split_gain=5712.94 3041.22 913.319 789.7 770.417 590.279 1528.94 582.087 452.652 356.284 339.901 315.849 293.287 757.064
threshold=45.500000000000007 -1.0000000180025095e-35 0.035231801930275218 29.500000000000004 -0.026199903821542418 0 127.50000000000001 0.029290405166632057 0.0087664089369763627 1 -0.022157482290803578 92.500000000000014 2 123.50000000000001
decision_type=2 2 2 2 2 1 2 2 2 1 2 2 1 2
left_child=3 4 5 -1 -2 6 11 -5 -7 -9 -6 -3 13 -12
right_child=1 2 -4 7 10 8 -8 9 -10 -11 12 -13 -14 -15
leaf_value=0.051303024330628201 0.028964367583041217 0.04367644933136422 -0.042361225236861623 0.032049770697347373 0.022599873620432309 -0.012789683098793065 -0.02635017648239954 -0.011190685070987701 -0.039037148859457763 0.054709794831447105 0.038446306037332484 0.0083036830026831741 -0.016299073973213632 -0.013126812854917985
leaf_weight=3761.2251576408744 3549.563774548471 1130.1268995553255 4810.9118928909302 4236.0956031233072 1410.186353482306 2982.4910173416138 3696.949986115098 1509.6482715755701 3656.2499344497919 227.12869017571211 1132.7935321554542 1429.0993808954954 2827.5579023808241 1913.714409917593
leaf_count=31970 22489 8781 22591 27920 8617 13858 16416 8241 15932 1991 7914 7671 14334 9658
internal_value=0 -0.0110021 -0.0237695 0.0333565 0.00986375 -0.0168332 -0.00577522 0.0220553 -0.0272044 -0.00232191 0.000556162 0.0239239 -0.00473587 0.00603
internal_weight=0 28539.6 17705.8 9734.1 10833.8 12894.9 6256.18 5972.87 6638.74 1736.78 7284.25 2559.23 5874.07 3046.51
internal_count=218383 148261 85249 70122 63012 62658 32868 38152 29790 10232 40523 16452 31906 17572
cat_boundaries=0 1 2 3
cat_threshold=142 113 142
is_linear=0
shrinkage=0.05


Tree=15
num_leaves=15
num_cat=0
split_feature=0 5 4 0 4 0 0 5 6 6 6 6 4 0
split_gain=8973.1 3410.79 1123.65 916.988 860.739 793.775 523.177 640.603 440.843 375.619 347.94 347.86 245.852 243.646
threshold=11.187500000000002 0.0086227549857079144 -0.023390417172605336 21.604166666666668 0.033479924777200354 17.062500000000004 7.3125000000000009 0.052740476373875612 -0.015980775065190422 0.024485815360892973 0.03883776558322781 0.015726803759451635 0.026597429021869488 15.437500000000002
decision_type=2 2 2 2 2 2 2 2 2 2 2 2 2 2
left_child=6 2 -2 11 5 10 -1 12 -5 -7 -3 -4 -8 -13
right_child=1 4 3 8 -6 9 7 -9 -10 -11 -12 13 -14 -15
leaf_value=0.053262437424043046 0.028547073784755801 0.010798058291525858 0.021178471985795252 0.0083532183187099759 -0.050377856152741186 -0.023456902152365729 0.046779765340294703 -0.012849663080165422 -0.025127123482797283 -0.047393091537309501 -0.023868236649899413 0.015804724414546275 0.016555111708890978 -0.0189458786502779
leaf_weight=5251.2996011301875 3421.5891747772694 1946.8171978294849 3206.0786709040403 1252.8726196885109 4075.9014000445604 4335.9803201705217 2492.342090010643 734.61019513010979 4567.9669406116009 2635.0322258323431 1152.1999745965004 842.39444199204445 921.59332319349051 1257.1328597068787
leaf_count=47400 21958 10792 18250 6922 17066 19104 19297 4282 20401 10767 5700 4958 5950 5953
internal_value=0 -0.0135097 0.00348901 -0.00421682 -0.0309916 -0.0231449 0.0427779 0.0295064 -0.0179208 -0.0325047 -0.00209071 0.010818 0.0386206 -0.00500288
internal_weight=0 28694 14548 11126.4 14145.9 10070 9399.85 4148.55 5820.84 6971.01 3099.02 5305.61 3413.94 2099.53
internal_count=218800 141871 78442 56484 63429 46363 76929 29529 27323 29871 16492 29161 25247 10911
is_linear=0
shrinkage=0.05


Tree=16
num_leaves=15
num_cat=3
split_feature=3 4 4 4 3 7 3 4 5 5 7 7 3 6
split_gain=5001.26 2590.69 740.677 664.582 584.103 491.698 1312.6 460.121 406.614 337.711 283.434 265.179 936.572 254.366
threshold=43.500000000000007 -1.0000000180025095e-35 0.03477100787538432 -0.026721807579183594 29.500000000000004 0 116.50000000000001 0.01284877500845687 -0.012134372403873573 -0.017020027969233839 1 2 89.500000000000014 0.034616640707431048
decision_type=2 2 2 2 2 1 2 2 2 2 1 1 2 2
left_child=4 3 5 -2 -1 6 -3 -6 -7 -5 -9 12 -4 -8
right_child=1 2 11 9 7 8 13 10 -10 -11 -12 -13 -14 -15
leaf_value=0.049955066627834221 0.027999870301380722 0.028567140256036207 0.027801033372626217 0.019730697709823802 0.038236932784475965 0.0037528898215849257 -0.013740205242099067 0.054826384602427385 -0.029013146347148324 -0.0045871571140956658 0.0015212432491649654 -0.048919037798626948 -0.041980831703352706 -0.043313048709269573
leaf_weight=3492.9312126934528 3437.161064453423 2035.8860360756516 624.54578378796577 1905.0469141975045 2515.103231921792 1129.6694797724485 3180.6058366373181 272.33237535506487 5850.2099807783961 5697.7241222038865 2157.3336602151394 2456.238483980298 2089.6336547881365 942.62886189669371
leaf_count=31965 22541 14356 4678 11743 17970 5682 14382 2573 25695 30982 12635 10351 9172 4075
internal_value=0 -0.00937603 -0.0209112 0.00975474 0.0343027 -0.0146027 -0.00427466 0.023246 -0.0236762 0.00150623 0.00772794 -0.0369424 -0.0258285 -0.020501
internal_weight=0 29349.4 18309.4 11039.9 8437.7 13139 6159.12 4944.77 6979.88 7602.77 2429.67 5170.42 2714.18 4123.23
internal_count=218800 153657 88391 65266 65143 64190 32813 33178 31377 42725 15208 24201 13850 18457
cat_boundaries=0 1 2 3
cat_threshold=142 142 142
is_linear=0
shrinkage=0.05


Tree=17
num_leaves=15
num_cat=0
split_feature=0 5 0 6 0 6 6 0 5 5 6 6 6 6
split_gain=7894.21 2881.17 1025.4 832.446 732.907 578.141 514.792 453.344 592.173 373.997 364.226 274.816 270.445 212.22
threshold=10.937500000000002 0.0086227549857079144 19.312500000000004 -0.015980775065190422 16.437500000000004 0.03883776558322781 0.024485815360892973 7.3125000000000009 0.056848737664447362 -0.022720977083857969 0.028039496654366235 0.060318398993739038 -0.01851375797391221 0.026111665924687066
decision_type=2 2 2 2 2 2 2 2 2 2 2 2 2 2
left_child=7 2 10 -4 5 -3 12 -1 11 -5 -2 -9 -6 -11
right_child=1 4 3 9 6 -7 -8 8 -10 13 -12 -13 -14 -15
leaf_value=0.052330730551474573 0.028812458083002201 0.0064005341271337031 0.018064604680446347 0.0076145098465979907 0.0056085915734891932 -0.030533628643049357 -0.047962713344015889 0.045594604137292744 -0.017583295001676359 -0.016011610784963902 -0.0028291884007271267 0.010319559289476529 -0.029170783344337592 -0.039735724661740239
leaf_weight=4895.0139404311776 3944.764112174511 2293.2885326221585 2558.8431767076254 1408.3405053168535 629.92015168070793 1969.4689033478498 4506.5730586647987 2457.0421547144651 572.57954749464989 4236.5130564123392 1181.9914165511727 712.17290887981653 4961.3987908065319 1212.4040100723505
leaf_count=47400 24827 12563 15748 7645 3056 9331 18370 19417 3320 19440 6508 4865 21191 5119
internal_value=0 -0.0121627 0.0035243 -0.00627232 -0.0280488 -0.0106637 -0.0353878 0.0423153 0.0292131 -0.0153539 0.0215174 0.0376677 -0.0252525 -0.0212903
internal_weight=0 28903.5 14542.9 9416.1 14360.6 4262.76 10097.9 8636.81 3741.79 6857.26 5126.76 3169.22 5591.32 5448.92
internal_count=218800 143798 79287 47952 64511 21894 42617 75002 27602 32204 31335 24282 24247 24559
is_linear=0
shrinkage=0.05


Tree=18
num_leaves=15
num_cat=0
split_feature=0 4 4 0 4 0 0 6 6 6 6 0 6 6
split_gain=7316.76 2670.44 1024.11 760.238 594.95 494.849 453.43 552.514 386.116 353.116 341.303 266.077 260.945 210.716
threshold=10.937500000000002 0.009175995904565604 -0.024789208124840621 22.229166666666668 0.045616035878801316 16.437500000000004 7.3125000000000009 0.057966593274442708 0.015726803759451635 0.0022844096542726684 -0.031291191275311957 18.812500000000004 0.027279431482971309 0.037490560959273993
decision_type=2 2 2 2 2 2 2 2 2 2 2 2 2 2
left_child=6 2 11 8 5 12 -1 -8 -4 -7 -5 -2 -3 -12
right_child=1 4 3 10 -6 9 7 -9 -10 -11 13 -13 -14 -15
leaf_value=0.051815648141701642 0.043317431771692769 0.013110515958897532 0.017591757756010983 0.02287011050217096 -0.049179026538104818 -0.012358589931853592 0.041341319498153006 -0.00066399714191801482 -0.0073038518190301441 -0.036131669621525898 -0.019098392370905798 0.01545368064305531 -0.017587663314475588 -0.055317454537696813
leaf_weight=4701.4001485854387 1298.3653293699026 1171.4570255130529 3629.4377474561334 456.75854533910751 2673.1105510890484 2181.3481665402651 2532.2828171700239 1133.1508960872889 2728.1206559836864 5501.6137342453003 4578.4914647042751 2519.128084525466 1692.2639243155718 440.1786452382803
leaf_count=47400 9129 6461 20856 2660 11220 9829 20243 7359 14169 22630 21025 15785 8222 1812
internal_value=0 -0.0115641 0.00241199 -0.00485278 -0.0281099 -0.0227698 0.041538 0.0283556 0.00690869 -0.029382 -0.0185091 0.0249304 -0.00503002 -0.0222751
internal_weight=0 28870.3 15650.5 11833 13219.8 10546.7 8366.83 3665.43 6357.56 7682.96 5475.43 3817.49 2863.72 5018.67
internal_count=218800 143798 85436 60522 58362 47142 75002 27602 35025 32459 25497 24914 14683 22837
is_linear=0
shrinkage=0.05


Tree=19
num_leaves=15
num_cat=0
split_feature=0 5 5 0 6 0 0 5 6 6 0 0 5 6
split_gain=6780.28 2476.47 1085.14 995.642 607.296 549.289 456.512 629.707 364.653 271.339 235.016 233.535 231.361 208.807
threshold=10.937500000000002 0.017032298601641672 -0.022720977083857969 16.562500000000004 -0.017845747114749094 19.687500000000004 6.4375000000000009 0.039438411640325417 0.037490560959273993 0.025722836453122993 19.687500000000004 24.395833333333339 -0.038532818685691424 0.028039496654366235
decision_type=2 2 2 2 2 2 2 2 2 2 2 2 2 2
left_child=6 2 10 13 -5 8 -1 -8 -3 11 -2 -6 -12 -4
right_child=1 5 3 4 9 -7 7 -9 -10 -11 12 -13 -14 -15
leaf_value=0.053123893033074958 0.040897618601688744 -0.0063075929526121392 0.028404871867565091 0.013863698999675335 -0.0042348651103144919 -0.040446842902907579 0.04261795787975893 0.0012226301839341064 -0.032063405354075661 -0.033064737550069549 0.034933155349532195 -0.023030155482887338 0.0033686623776300554 0.0014228104874741976
leaf_weight=3885.9164193198085 1354.1845921799541 2963.3721991553903 2029.6768989339471 1741.2448011487722 3449.2952558100224 5625.1648093163967 2871.9208047762513 1350.8213532939553 2562.7159895896912 2334.5561292767525 920.29740443825722 3173.028931453824 1572.5122068524361 1108.6952373534441
leaf_count=40903 9308 14617 13253 10059 16663 23248 24813 9286 11429 9900 5967 14151 9027 6176
internal_value=0 -0.0109956 0.00064044 -0.0058905 -0.013155 -0.0294479 0.0407567 0.0293759 -0.0182518 -0.0184075 0.0241303 -0.0132405 0.0150217 0.0188729
internal_weight=0 28834.7 17683.5 13836.5 10698.1 11151.3 8108.66 4222.74 5526.09 8956.88 3846.99 6622.32 2492.81 3138.37
internal_count=218800 143798 94504 70202 50773 49294 75002 34099 26046 40714 24302 30814 14994 19429
is_linear=0
shrinkage=0.05


Tree=20
num_leaves=15
num_cat=0
split_feature=0 4 4 0 4 5 0 0 5 6 0 5 6 6
split_gain=6274.69 2435.8 946.24 685.276 510.337 458.513 419.716 390.851 535.961 342.056 266.202 231.067 218.74 211.534
threshold=10.562500000000002 0.012197132357080248 -0.023855610842166083 16.437500000000004 0.046923193728705792 0.029817347789824856 19.312500000000004 6.4375000000000009 0.038994838313191206 -0.0088477783589710722 20.854166666666668 0.024442892613283678 0.0070443211234524012 0.03883776558322781
decision_type=2 2 2 2 2 2 2 2 2 2 2 2 2 2
left_child=7 2 10 13 6 9 11 -1 -9 -5 -2 -3 -8 -4
right_child=1 4 3 5 -6 -7 12 8 -10 -11 -12 -13 -14 -15
leaf_value=0.05278936990964396 0.037554169584664829 0.0012566613340578008 0.023840464657860494 0.0095450672495362085 -0.046971614793978905 -0.036718949010872359 -0.017688647143592737 0.043333011135827965 0.003101125668566713 -0.012670812132835508 0.011619835331838108 -0.02203301690798818 -0.038466197754241149 -0.0070277230802947808
leaf_weight=3727.6693272516131 1832.4227292239666 2195.6265784576535 2311.3406869098544 2436.7842430174351 2539.6764204055071 1446.6900392025709 1984.3104452043772 2475.5783204883337 1243.6942488327622 5996.1407467126846 2150.9162886291742 2068.1982746198773 3502.7803237438202 730.39118707180023
leaf_count=40925 13070 11433 15134 13617 10722 6030 8574 22293 8739 27078 13448 9340 14240 4029
internal_value=0 -0.0100701 0.00224442 -0.00432364 -0.0270077 -0.0107127 -0.021808 0.0413475 0.0298798 -0.0062513 0.0235502 -0.0100402 -0.0309524 0.0164283
internal_weight=0 29195.3 16904.7 12921.3 12290.6 9879.62 9750.92 7446.94 3719.27 8432.92 3983.34 4263.82 5487.09 3041.73
internal_count=218672 146715 92406 65888 54309 46725 43587 71957 31032 40695 26518 20773 22814 19163
is_linear=0
shrinkage=0.05


Tree=21
num_leaves=15
num_cat=0
split_feature=0 4 6 0 0 4 4 0 0 6 4 6 6 6
split_gain=5823.68 2150.59 959.313 726.365 436.45 527.748 406.175 396.589 355.553 308.641 280.186 237.136 229.338 222.391
threshold=10.812500000000002 0.014751680448764449 -1.0000000180025095e-35 14.812500000000002 6.4375000000000009 0.044417696863185856 0.046923193728705792 20.062500000000004 20.062500000000004 -0.035923841971229949 -0.038249680592496699 0.032260440625772241 0.044249915931331867 0.059704523685391087
decision_type=2 2 2 2 2 2 2 2 2 2 2 2 2 2
left_child=4 2 7 -4 -1 13 8 -2 11 -9 -5 -3 -12 -6
right_child=1 6 3 10 5 -7 -8 9 -10 -11 12 -13 -14 -15
leaf_value=0.052375568346874617 0.032465408494655568 0.00044311427384581098 0.019246193252688955 0.027785258948814409 0.04404783277564616 -0.01293093185874903 -0.044588715430287001 0.034691339373445769 -0.031393008384585405 0.0005298327837703385 -0.013050739488263805 -0.023425229221593923 -0.038995383321861775 0.013871192823727174
leaf_weight=3573.1771407723427 2371.0544949695468 2132.1773086488247 1999.4974809214473 382.47765338420868 2417.7752542346716 650.459581553936 2512.2629163265228 815.70836456120014 4579.689106926322 3490.1796244233847 7612.0957250148058 2032.6824817359447 959.0852615237236 816.8029527887702
leaf_count=40925 16146 10551 13226 2296 22116 4439 10558 5411 19001 19535 34838 9180 4107 6343
internal_value=0 -0.00979575 0.00110556 -0.00800075 0.0397634 0.0281636 -0.0268691 0.0160439 -0.0217783 0.0070014 -0.0140854 -0.011206 -0.0159539 0.0364276
internal_weight=0 28886.9 17630.1 10953.2 7458.21 3885.04 11256.8 6676.94 8744.55 4305.89 8953.66 4164.86 8571.18 3234.58
internal_count=218672 144849 95559 54467 73823 32898 49290 41092 38732 24946 41241 19731 38945 28459
is_linear=0
shrinkage=0.05


Tree=22
num_leaves=15
num_cat=0
split_feature=0 5 4 0 0 0 5 0 5 5 5 4 5 0
split_gain=5411.02 2087.1 912.257 587.355 459.666 393.297 509.66 350.283 325.472 324.26 247.304 211.555 197.691 180.587
threshold=10.562500000000002 -0.0054873792467240237 0.014751680448764449 14.812500000000002 21.354166666666668 6.4375000000000009 0.038994838313191206 20.979166666666668 -0.038532818685691424 0.029416367485961523 0.040741695795847431 -0.032580650858408021 -0.033596131624226221 14.562500000000002
decision_type=2 2 2 2 2 2 2 2 2 2 2 2 2 2
left_child=5 4 3 -3 12 -1 -7 10 -6 11 -4 -5 -2 -14
right_child=1 2 7 9 8 6 -8 -9 -10 -11 -12 -13 13 -15
leaf_value=0.051972982602458487 0.046300122771442555 0.017780939549630372 -0.012707849621664073 0.0217487250517375 0.030820228600185035 0.041952084129396855 0.0021628835003405268 -0.03940150950842275 -0.0050579471904010119 -0.030744663425117721 -0.035042190383969975 -0.010469153352797349 0.038027178115416553 0.011107569469826269
leaf_weight=3424.575691819191 814.81553536653519 1872.9030364081264 3614.3165936768055 553.55788712203503 759.89132505655289 2336.2894293740392 1227.7340181171894 4311.3553437739611 3759.0685074329376 2001.1195238977671 1886.292933344841 6406.1060317754745 864.18321261554956 2232.2671183869243
leaf_count=40925 5993 12386 16660 3319 5055 22293 8739 17689 19880 8514 8104 29246 6555 13314
internal_value=0 -0.00912656 -0.0176867 -0.00768428 0.0118372 0.0398725 0.0282455 -0.0287306 0.000975192 -0.0130068 -0.0203668 -0.00790661 0.0243869 0.0186205
internal_weight=0 29075.9 20645.7 10833.7 8430.23 6988.6 3564.02 9811.96 4518.96 8960.78 5500.61 6959.66 3911.27 3096.45
internal_count=218672 146715 95918 53465 50797 71957 31032 42453 24935 41079 24764 32565 25862 19869
is_linear=0
shrinkage=0.05


Tree=23
num_leaves=15
num_cat=0
split_feature=0 5 4 0 0 5 0 6 0 6 5 5 3 0
split_gain=5021.75 1897.18 1002.73 580.367 394.565 486.733 371.97 365.58 328.547 253.88 240.995 213.871 206.583 192.129
threshold=10.562500000000002 -0.012576897022464761 0.012197132357080248 14.687500000000002 6.4375000000000009 0.038994838313191206 20.645833333333339 -0.01911045412056259 21.604166666666668 0.066257519634663906 0.050910065283055646 -0.038532818685691424 54.500000000000007 14.437500000000002
decision_type=2 2 2 2 2 2 2 2 2 2 2 2 2 2
left_child=4 8 3 -3 -1 -6 9 -5 -2 13 12 -10 -9 -4
right_child=1 2 6 7 5 -7 -8 10 11 -11 -12 -13 -14 -15
leaf_value=0.051580253464913073 0.028088435917170709 0.020438341041444097 -0.00010453526553632703 0.015161537529790435 0.041173964086943418 0.0020575720722573721 -0.035873126273744442 0.0037539163014811911 0.029097037864200828 -0.043059192901784615 -0.051969934890562744 -0.0017302542112953565 -0.015922679193135472 -0.020406634729388268
leaf_weight=3281.7353138700128 2908.2188490778208 1870.7820771560073 1774.4093747511506 1260.9025106281042 2263.2852042913437 1226.0871971696615 5171.5491804182529 1683.4376738965511 720.38665775954723 841.0615419447422 392.16665478050709 2569.1561958938837 6425.072226293385 3394.9849196821451
leaf_count=40925 19990 12990 9255 7286 22293 8739 21307 8102 4879 3685 1639 13956 29141 14485
internal_value=0 -0.00868638 -0.0153506 -0.00507316 0.0391345 0.0274293 -0.0260419 -0.00996238 0.0158449 -0.0175829 -0.013689 0.00502071 -0.0118375 -0.0134379
internal_weight=0 29012.1 22814.4 11632.4 6771.11 3489.37 11182 9761.58 6197.76 6010.46 8500.68 3289.54 8108.51 5169.39
internal_count=218672 146715 107890 59158 71957 31032 48732 46168 38825 27425 38882 18835 37243 23740
is_linear=0
shrinkage=0.05


Tree=24
num_leaves=15
num_cat=0
split_feature=0 4 6 0 0 0 4 6 0 4 4 6 0 6
split_gain=4660.4 1774.49 813.985 535.13 436.355 395.451 456.322 377.336 377.013 284.543 248.313 194.893 194.843 170.812
threshold=10.562500000000002 -0.010523547163542731 0.02531908297470982 19.937500000000004 16.187500000000004 6.4375000000000009 0.026972953093644818 -0.032428622231253805 17.062500000000004 0.030098439478304557 -0.038249680592496699 0.064867696047733375 14.437500000000002 -0.028330545921700079
decision_type=2 2 2 2 2 2 2 2 2 2 2 2 2 2
left_child=5 4 3 12 -2 -1 -7 -6 11 13 -9 -4 -3 -5
right_child=1 2 8 9 7 6 -8 10 -10 -11 -12 -13 -14 -15
leaf_value=0.051196097387368779 0.03567161437332441 0.023100639472339736 -0.0090667043094696444 0.017104906451418066 0.036180150806066812 0.040118517092105031 0.001885843225627015 0.025642425363689183 -0.035724878325817132 -0.034962102709581486 -0.0040922653936056909 -0.036070105878553693 -1.8065381598563668e-05 -0.012916039787977141
leaf_weight=3144.517374061048 1617.9488804414868 1280.607194006443 2990.5616234615445 514.70442812144756 897.855284973979 2211.541960529983 1206.0588856637478 845.94224607944489 5218.045079395175 1460.4562662094831 4129.8095490261912 860.43727569282055 3160.9494653493166 5964.3310516178608
leaf_count=40925 12518 8616 14946 2755 6588 21957 9075 5771 21663 6035 22326 3912 15744 25841
internal_value=0 -0.00826974 -0.0155865 -0.00725031 0.0126798 0.0384 0.0266263 0.0063464 -0.026967 -0.0150252 0.000963017 -0.0151001 0.00664761 -0.0105311
internal_weight=0 28941.6 21450.1 12381 7491.56 6562.12 3417.6 5873.61 9069.04 7939.49 4975.75 3851 4441.56 6479.04
internal_count=218672 146715 99512 58991 47203 71957 31032 34685 40521 34631 28097 18858 24360 28596
is_linear=0
shrinkage=0.05


Tree=25
num_leaves=15
num_cat=0
split_feature=0 5 5 0 0 5 6 0 4 5 4 4 5 0
split_gain=4400.45 1647.93 827.888 634.388 434.06 509.047 417.896 327.783 276.021 248.063 235.599 217.081 186.582 161.876
threshold=10.937500000000002 0.021395576270833768 -0.022720977083857969 16.562500000000004 6.0625000000000009 0.056848737664447362 -0.010810042014707068 22.354166666666668 0.026597429021869488 0.05755801679198403 0.033061941115235312 0.0021923816390290798 -0.039729818100248261 19.687500000000004
decision_type=2 2 2 2 2 2 2 2 2 2 2 2 2 2
left_child=4 2 12 11 -1 8 -5 9 -6 -3 -8 -4 -2 -14
right_child=1 7 3 6 5 -7 10 -9 -10 -11 -12 -13 13 -15
leaf_value=0.051546008005321178 0.038440383994754537 -0.014029630525515502 0.027811216062653518 0.007284275241342811 0.043714095193724378 -0.013492255565284807 -0.012076662301855718 -0.037813505724244058 0.012127662301312703 -0.040869615022837487 -0.034576816210704756 0.0025212266174555321 0.031700853850272014 0.0047665937632835886
leaf_weight=2802.022666528821 1136.1616309955716 5194.0049041137099 1556.0137766599655 2602.612991258502 2255.5287293046713 681.63802379369736 7892.5434300675988 3382.9003069698811 997.52744751423597 1031.8988513499498 1364.5891877263784 1866.2079739272594 847.5281433686614 1632.0922489911318
leaf_count=38109 8428 23843 11424 14728 24001 4745 35197 14163 8063 4409 5627 10345 6268 9492
internal_value=0 -0.0084262 0.000146079 -0.00494444 0.0365063 0.025796 -0.0104168 -0.0252854 0.0340283 -0.0184782 -0.0153934 0.0140201 0.021661 0.0139727
internal_weight=0 28506.6 18897.7 15282 6736.72 3934.69 11859.7 9608.8 3253.06 6225.9 9257.13 3422.22 3615.78 2479.62
internal_count=218842 143924 101509 77321 74918 36809 55552 42415 32064 28252 40824 21769 24188 15760
is_linear=0
shrinkage=0.05


Tree=26
num_leaves=15
num_cat=0
split_feature=0 5 5 5 0 5 0 0 0 4 4 4 5 4
split_gain=4077.84 1487.7 576.696 441.212 433.492 482.17 423.068 391.081 289.012 258.985 219.634 207.218 175.457 141.533
threshold=10.937500000000002 -0.0023959288583495857 0.032037797131226758 -0.038532818685691424 6.0625000000000009 0.038994838313191206 22.229166666666668 19.812500000000004 14.687500000000002 -0.01020147987802974 0.030098439478304557 -0.04330550802240337 0.051549411459182633 0.026972953093644818
decision_type=2 2 2 2 2 2 2 2 2 2 2 2 2 2
left_child=4 3 6 -2 -1 13 9 -5 -4 -3 -8 -9 -10 -6
right_child=1 2 8 7 5 -7 10 11 12 -11 -12 -13 -14 -15
leaf_value=0.051203088232696294 0.036352767875262038 0.016950870864100721 -0.0094605468014109708 0.018403674044082774 0.04517431267121317 0.0013499089013502934 -0.015403320409032703 0.034395431515853357 -0.027843497404252883 -0.0066431567337145378 -0.040897359200769132 -0.0068277270719041263 -0.048306073240899437 0.017644273829549886
leaf_weight=2682.7677184045315 1214.7308358997107 1475.7244063913822 1528.2172384113073 3010.4473600611091 1851.3597242310643 1380.1874141767621 4694.8834040313959 325.21446488052607 3256.3629324883223 5489.9413575604558 1030.192136734724 4868.3045733198524 1544.4432493150234 624.28438045084476
leaf_count=38109 9189 8997 7435 20370 21022 10369 20205 2336 13679 26216 4296 24716 6485 5418
internal_value=0 -0.00802183 -0.0160694 0.00822922 0.0357688 0.0250302 -0.00992099 0.00406507 -0.0283981 -0.0016446 -0.0199908 -0.00424636 -0.0344264 0.038232
internal_weight=0 28438.5 19019.8 9418.7 6538.6 3855.83 12690.7 8203.97 6329.02 6965.67 5725.08 5193.52 4800.81 2475.64
internal_count=218842 143924 87313 56611 74918 36809 59714 47422 27599 35213 24501 27052 20164 26440
is_linear=0
shrinkage=0.05


Tree=27
num_leaves=15
num_cat=0
split_feature=0 4 5 0 0 6 0 0 6 5 6 4 6 6
split_gain=3798.36 1426.49 829.797 527.489 341.42 325.441 307.358 279.587 340.837 220.524 200.779 193.023 186.518 152.11
threshold=9.8125000000000018 -0.016699524752015055 0.022422275049375381 15.562500000000002 20.854166666666668 -0.0097910657274182349 22.604166666666668 6.0625000000000009 0.070592267064468014 0.05755801679198403 0.062814977414146558 0.033061941115235312 -0.035923841971229949 0.047145752066416503
decision_type=2 2 2 2 2 2 2 2 2 2 2 2 2 2
left_child=7 4 3 10 -2 -5 9 -1 -9 -4 -3 13 -6 -7
right_child=1 2 6 5 12 11 -8 8 -10 -11 -12 -13 -14 -15
leaf_value=0.050866698126675637 0.029035053584935341 0.018632572792590101 -0.013333997106554488 0.0063671097250826113 0.034652669794699685 -0.00866041062497468 -0.037645233716184189 0.037759127996330182 -0.0034865410604216669 -0.037316374814049487 -0.030218761212552094 -0.029862825326896783 -0.00062968501803699198 -0.036089312746264056
leaf_weight=2568.3793890476227 2591.7702613472939 2570.9941504150629 5061.5307388454676 2537.2813250571489 436.71019019186497 7169.513803742826 2869.5878034830093 2106.7098207697272 657.1039819791913 1182.4746336787939 229.07199908047915 1563.0916796326637 2632.9694729447365 543.79041634500027
leaf_count=38109 19816 17705 23615 13717 3393 31808 12065 22460 5798 5164 1256 6519 15117 2300
internal_value=0 -0.00687923 -0.0122601 -0.00487604 0.0156722 -0.00950078 -0.0241005 0.0389899 0.0279529 -0.0178757 0.0146361 -0.013841 0.00438978 -0.0105942
internal_weight=0 29388.8 23727.3 14613.7 5661.45 11813.7 9113.59 5332.19 2763.81 6244.01 2800.07 9276.4 3069.68 7713.3
internal_count=218842 152475 114149 73305 38326 54344 40844 66367 28258 28779 18961 40627 18510 34108
is_linear=0
shrinkage=0.05


Tree=28
num_leaves=15
num_cat=0
split_feature=0 5 4 0 0 4 0 0 4 4 6 6 6 6
split_gain=3530.54 1313.54 688.747 560.446 297.416 295.571 291.717 281.713 325.938 279.908 207.354 201.434 179.497 172.736
threshold=9.8125000000000018 -0.012576897022464761 0.015338543650598039 14.687500000000002 21.604166666666668 0.057379187083643333 14.437500000000002 6.0625000000000009 0.044417696863185856 -0.037367484547668091 -0.017845747114749094 0.041934844591052643 0.039704057801780768 -0.035923841971229949
decision_type=2 2 2 2 2 2 2 2 2 2 2 2 2 2
left_child=7 4 3 11 -2 6 -4 -1 -9 -5 -11 -3 -8 -6
right_child=1 2 5 9 13 -7 12 8 -10 10 -12 -13 -14 -15
leaf_value=0.050535835399604573 0.025967625434711195 0.027880106079665734 -0.0017460323844109154 0.027569871973744678 0.032353831665502944 -0.044979981176570712 -0.018252024389540194 0.0353929045968501 -0.0094006386534963432 0.0084931568663645148 -0.013459870589941501 -0.0057637017198398435 -0.035789900692201837 -0.00088798626668295947
leaf_weight=2458.7112140282989 2838.2406464517117 1611.6839550584555 2026.7477263957262 498.6465917006135 454.76539723575115 1189.81359706074 5143.9648161381483 2207.4836004897952 497.66571806371212 1223.6893892362714 8889.8769041374326 614.54206442087889 2036.5929777771235 2778.3652552291751
leaf_count=38109 21074 12799 10840 3274 3468 5168 21681 24340 3918 6826 39610 3782 8598 15355
internal_value=0 -0.00655167 -0.0119626 -0.00421579 0.0141564 -0.0215284 -0.0184979 0.0382861 0.0271522 -0.00900057 -0.0108037 0.0185928 -0.0232262 0.00378774
internal_weight=0 29306.9 23235.6 12838.4 6071.37 10397.1 9207.31 5163.86 2705.15 10612.2 10113.6 2226.23 7180.56 3233.13
internal_count=218842 152475 112578 66291 39897 46287 41119 66367 28258 49710 46436 16581 30279 18823
is_linear=0
shrinkage=0.05


Tree=29
num_leaves=15
num_cat=0
split_feature=0 5 0 6 4 0 0 6 6 5 6 5 3 5
split_gain=3281.43 1221.81 706.653 561.728 327.731 293.99 283.316 324.346 235.688 211.992 205.877 164.769 149.406 144.921
threshold=9.8125000000000018 0.021395576270833768 16.437500000000004 -1.0000000180025095e-35 -0.0028551049521092311 20.562500000000004 6.0625000000000009 0.070592267064468014 -0.031291191275311957 0.059113948767124502 0.044766216549714889 -0.022720977083857969 53.500000000000007 0.046439925544498932
decision_type=2 2 2 2 2 2 2 2 2 2 2 2 2 2
left_child=6 2 4 8 -2 9 -1 13 -4 -3 11 -5 -13 -8
right_child=1 5 3 10 -6 -7 7 -9 -10 -11 -12 12 -14 -15
leaf_value=0.050209553044065137 0.03518703445915522 -0.0089650724265353844 0.026566176697387329 0.0091502026062373395 0.0072780588856766609 -0.030436984444661277 0.043610306265313703 -0.0043334291881820895 0.0026212882862996167 -0.034738638105317764 -0.03444669045619568 0.0050619668020123994 -0.015142989576085493 0.011407416714501422
leaf_weight=2353.6149580180645 1811.2002249583602 4948.1037345156074 1335.2428222075105 1053.6989211365581 2509.0875431373715 4193.5368109941483 1547.771235793829 649.3153213635087 4461.260933868587 951.2024562805891 904.13148863613605 1080.476247638464 5971.8409231752157 451.21778824925423
leaf_count=38109 15739 24043 9581 5776 15672 17862 18796 5798 25232 4159 3811 4915 25685 3664
internal_value=0 -0.00624059 0.00118647 -0.00400485 0.0189784 -0.0203156 0.0375868 0.0263687 0.00813707 -0.0131208 -0.0118161 -0.00929194 -0.0120474 0.0363414
internal_weight=0 29219.8 19126.9 14806.7 4320.29 10092.8 5001.92 2648.3 5796.5 5899.31 9010.15 8106.02 7052.32 1998.99
internal_count=218842 152475 106411 75000 31411 46064 66367 28258 34813 28202 40187 36376 30600 22460
is_linear=0
shrinkage=0.05


Tree=30
num_leaves=15
num_cat=0
split_feature=0 6 0 6 0 5 0 6 0 6 5 5 5 5
split_gain=3058.63 1142.96 765.965 526.883 426.052 318.503 280.848 320.147 243.345 241.924 220.386 154.856 145.096 143.356
threshold=9.8125000000000018 0.02407812391211572 16.437500000000004 -0.028330545921700079 14.812500000000002 -0.025155618405589348 6.4375000000000009 0.070592267064468014 24.395833333333339 0.062814977414146558 0.050316349140194359 0.046439925544498932 0.059113948767124502 0.0075807609538458467
decision_type=2 2 2 2 2 2 2 2 2 2 2 2 2 2
left_child=6 2 13 -4 9 -5 -1 11 -7 12 -6 -8 -3 -2
right_child=1 4 3 5 10 8 7 -9 -10 -11 -12 -13 -14 -15
leaf_value=0.048980306678616081 0.032181250624699738 0.0083718165127287924 0.023070006368104176 0.014088900479139252 -0.021823334210893511 -0.0028110894048393228 0.043340686239990808 -0.0072613989742795525 -0.017382249948070541 -0.026612847449031186 -0.046031496706487013 0.0087338514105028322 -0.029808866143612545 0.011798991617327132
leaf_weight=2445.0387308485806 1888.1259767189622 2194.6779137402773 1691.3327982127666 1633.6007126942277 6362.2165037840605 6241.9185984358191 1388.565451875329 585.09616613388062 5296.8049889057875 869.68230527639389 1103.1762391477823 421.34155870974064 280.65334323048592 1588.4342415779829
leaf_count=40956 15968 13716 11878 10496 27540 29441 17138 4846 23388 4246 4777 3277 1265 9822
internal_value=0 -0.00586063 0.00174054 -0.00320125 -0.0187563 -0.00657449 0.0370599 0.0248904 -0.00949992 -0.00392741 -0.0254006 0.0352843 0.00404289 0.0228686
internal_weight=0 29150.6 18340.2 14863.7 10810.4 13172.3 4840.04 2395 11538.7 3345.01 7465.39 1809.91 2475.33 3476.56
internal_count=218754 152537 100993 75203 51544 63325 66217 25261 52829 19227 32317 20415 14981 25790
is_linear=0
shrinkage=0.05


Tree=31
num_leaves=15
num_cat=2
split_feature=3 4 4 3 4 5 7 3 4 6 3 7 3 6
split_gain=1835.99 916.543 453.511 410.797 324.179 282.534 272.665 629.714 262.214 180.876 180.755 169.23 506.524 171.068
threshold=45.500000000000007 0.0088877178001093762 -0.038249680592496699 29.500000000000004 0.029290405166632057 -0.038532818685691424 0 123.50000000000001 0.056454339244040225 0.02407812391211572 55.500000000000007 1 99.500000000000014 0.030755281410493995
decision_type=2 2 2 2 2 2 1 2 2 2 2 1 2 2
left_child=3 2 -2 -1 -5 -4 7 -7 11 10 -8 12 -3 -13
right_child=1 8 5 4 -6 6 9 -9 -10 -11 -12 13 -14 -15
leaf_value=0.042208328564045675 0.03125912770239566 0.023013470751809349 0.031703775685986368 0.024206333114379974 -0.0033474592354588335 0.032240935920880877 0.010875304996110016 -0.0042052101130262368 -0.037812216176749687 -0.024246753460919021 -0.01004496560171627 -0.012811229661341104 -0.014452625457169153 -0.030787134752432516
leaf_weight=2015.4817065633833 1293.0660513415933 1126.9973020143807 674.64492930471897 3339.3195515349507 1569.0712555572391 1673.0867512859404 1440.5549915060401 4063.9880565479398 1191.188177600503 1430.0602269619703 3645.1759877055883 3718.1707724630833 4521.0308694243431 2054.9954743981361
leaf_count=31991 10675 10858 5370 27959 10196 15363 8211 20704 6155 6635 18400 16472 20699 9066
internal_value=0 -0.00567625 0.00302641 0.0232024 0.0153982 0.000202455 -0.00153201 0.0064123 -0.0154886 -0.00852364 -0.00411921 -0.0131603 -0.00696438 -0.0191767
internal_weight=0 26833 14220.6 6923.87 4908.39 12927.5 12252.9 5737.07 12612.4 6515.79 5085.73 11421.2 5648.03 5773.17
internal_count=218754 148608 85358 70146 38155 74683 69313 36067 63250 33246 26611 57095 31557 25538
cat_boundaries=0 1 2
cat_threshold=142 142
is_linear=0
shrinkage=0.05


Tree=32
num_leaves=15
num_cat=2
split_feature=3 4 4 3 5 7 3 6 4 7 6 3 6 3
split_gain=1682.51 844.369 449.938 399.879 305.041 281.796 639.326 270.904 216.771 209.327 173.97 165.903 156.413 115.003
threshold=45.500000000000007 -0.015551573769423037 0.035231801930275218 29.500000000000004 0.011857887778474416 0 128.50000000000003 0.02407812391211572 -0.038249680592496699 1 0.070592267064468014 98.500000000000014 0.043780411634281251 55.500000000000007
decision_type=2 2 2 2 2 1 2 2 2 1 2 2 2 2
left_child=3 8 5 -1 -5 6 11 13 -2 -6 -11 -3 -8 -7
right_child=1 2 -4 4 9 7 12 -9 -10 10 -12 -13 -14 -15
leaf_value=0.041600563731201516 0.030363956880484107 0.033602141383320815 -0.023831382531468541 0.031000530568418005 0.050465613889076735 0.0048553899404018483 -0.0067721919621901274 -0.024974759200334748 0.0067151233569838157 0.0070926698825885389 -0.025361741374767911 0.0092267054400686586 -0.034726007975405558 -0.010520204444155199
leaf_weight=1944.4901838041842 1265.3428152240813 1226.9493853859603 4544.2660398930311 1814.9676174148917 224.78580132499337 1684.4284917488694 4508.8923788294196 2833.7328753992915 4137.4380358457565 2320.2250321768224 502.31758620962501 1619.3697159774601 562.88594056665897 4374.530258923769
leaf_count=31991 10675 13717 22677 15923 4026 8614 20907 12612 27407 14930 3276 9402 2456 20141
internal_value=0 -0.00540471 -0.00987226 0.0224368 0.014773 -0.00609885 0.000767865 -0.0122002 0.0122537 0.00510793 0.00131223 0.0197341 -0.00987462 -0.00624569
internal_weight=0 26757.8 21355.1 6806.79 4862.3 16810.8 7918.1 8892.69 5402.78 3047.33 2822.54 2846.32 5071.78 6058.96
internal_count=218754 148608 110526 70146 38155 87849 46482 41367 38082 22232 18206 23119 23363 28755
cat_boundaries=0 1 2
cat_threshold=142 142
is_linear=0
shrinkage=0.05


Tree=33
num_leaves=15
num_cat=0
split_feature=0 5 0 4 6 0 5 6 5 0 6 5 0 6
split_gain=2568.53 960.171 582.269 394.995 362.136 283.397 302.047 232.044 229.731 178.891 173.781 167.162 166.19 160.562
threshold=9.8125000000000018 0.025468666847405893 20.854166666666668 -0.010898309229371897 -0.028330545921700079 6.0625000000000009 0.056848737664447362 0.035002365184484401 0.050910065283055646 22.604166666666668 0.039302716877504175 -0.039729818100248261 14.437500000000002 0.083339865182630521
decision_type=2 2 2 2 2 2 2 2 2 2 2 2 2 2
left_child=5 2 3 -2 -4 -1 13 11 9 -3 12 -6 -5 -7
right_child=1 8 4 10 7 6 -8 -9 -10 -11 -12 -13 -14 -15
leaf_value=0.049242509798221597 0.025892915068931117 -0.008088791548544241 0.01907682003155713 0.023206861995650779 0.024084650124550841 0.037746473585136088 -0.01030161861647285 -0.031182684665145205 -0.032255231023276321 -0.026084003466496627 -0.011230914616728389 -0.0088305394335995505 0.0022868124186583355 -0.010006369698507267
leaf_weight=2030.8002563528717 2755.983620300889 4133.7957231476903 1192.5636874213815 1301.6067319363356 404.33406466990709 1754.4430144764483 508.86028290167451 1151.9206027686596 2422.6698374226689 2073.963182747364 1565.4720622599125 8383.4665762335062 3507.6590901613235 195.66041349247098
leaf_count=38059 22545 19762 8435 10329 2867 22313 3949 4884 10799 8931 7891 38409 17685 1896
internal_value=0 -0.00523074 0.000717781 0.0100766 -0.00695831 0.0354196 0.0240036 -0.010082 -0.019197 -0.0141008 0.0032387 -0.00731608 0.00794873 0.0329553
internal_weight=0 28893.4 20263 9130.72 11132.3 4489.76 2458.96 9939.72 8630.43 6207.76 6374.74 8787.8 4809.27 1950.1
internal_count=218754 152537 113045 58450 54595 66217 28158 46160 39492 28693 35905 41276 28014 24209
is_linear=0
shrinkage=0.05


Tree=34
num_leaves=15
num_cat=0
split_feature=0 4 5 0 0 6 0 6 6 0 6 0 4 4
split_gain=2395.37 916.925 556.193 444.831 324.679 284.258 216.748 248.408 214.092 184.114 167.883 157.839 146.255 120.71
threshold=9.1875000000000018 -0.015551573769423037 0.038097477937553206 14.562500000000002 15.812500000000002 0.009134024522120289 6.0625000000000009 0.052369490592378852 -0.035923841971229949 24.229166666666668 0.047621174988937677 14.562500000000002 -0.045792329623838855 0.057379187083643333
decision_type=2 2 2 2 2 2 2 2 2 2 2 2 2 2
left_child=6 4 3 10 -2 9 -1 -8 -6 -5 -3 -4 -10 -9
right_child=1 2 11 5 8 -7 7 13 12 -11 -12 -13 -14 -15
leaf_value=0.048929388694479103 0.0368629620499175 0.019593480611037842 -0.011429333479393192 0.0060502810314016593 0.036285352464036351 -0.015050954199169199 0.04307982877682015 0.015151242016754135 0.030596913466778033 -0.0097326498210285727 -0.0062047289301655146 -0.030248007962513531 -3.0731308595275243e-05 -0.032568470240911467
leaf_weight=1943.8089878484607 1157.57198792696 2212.5521911010146 1683.4627192541957 3879.1057528704405 558.21712889522314 8023.5961963608861 976.33436777442694 804.88631142303348 436.72991843521595 3528.6044010147452 882.00842328369617 3295.2541752010584 3625.944419503212 158.64143204316497
leaf_count=38059 11489 17529 8377 19814 4939 34740 13682 8602 3465 15874 5259 14281 21361 1283
internal_value=0 -0.00466122 -0.00904813 -0.00506086 0.0131831 -0.00853044 0.0371293 0.0253052 0.00725104 -0.00146779 0.0122405 -0.0238848 0.00326168 0.00729436
internal_weight=0 29283 23504.6 18525.9 5778.46 15431.3 3883.67 1939.86 4620.89 7407.71 3094.56 4978.72 4062.67 963.528
internal_count=218754 157128 115874 93216 41254 70428 61626 23567 29765 35688 22788 22658 24826 9885
is_linear=0
shrinkage=0.05


Tree=35
num_leaves=15
num_cat=0
split_feature=0 5 4 0 6 0 0 4 6 0 5 4 5 3
split_gain=2228.67 877.121 514.056 439.253 254.758 242.355 232.354 250.595 228.919 207.636 174.756 163.231 146.471 142.056
threshold=9.3125000000000018 -0.012576897022464761 0.028903199709223937 14.812500000000002 0.041501811452550379 18.812500000000004 6.0625000000000009 0.035231801930275218 -0.017845747114749094 22.229166666666668 0.060686905420624611 0.063200515514281339 -0.039729818100248261 45.500000000000007
decision_type=2 2 2 2 2 2 2 2 2 2 2 2 2 2
left_child=6 5 3 4 -3 -2 -1 -8 -5 11 13 -4 -7 -10
right_child=1 2 9 8 -6 12 7 -9 10 -11 -12 -13 -14 -15
leaf_value=0.048733599896547512 0.028113249576191532 0.022837794164777537 -0.011067550983782849 0.0097943295168681915 -0.0064631666821427965 0.026354760040794945 0.035934619273089261 -0.0025522683530128736 0.011021218360066337 -0.033839449070112576 -0.047400649588222904 -0.040423518073000597 0.0016317556035855925 -0.011048431672075774
leaf_weight=1852.4635438919067 1782.8706897869706 2066.0522194728255 3846.2407016903162 1560.9570312350988 1157.4011617898941 728.68351552635431 1378.0134081989527 610.24951646849513 781.39664223790169 2087.4346856623888 313.50213941931725 540.01785030961037 3368.395672313869 10902.114918842912
leaf_count=37892 15609 17204 17672 9014 7004 5872 19064 5428 3911 9302 1353 2385 19159 48031
internal_value=0 -0.00452788 -0.00889021 -0.00427302 0.0123171 0.0127251 0.0359927 0.024122 -0.00821738 -0.0208591 -0.0105609 -0.0146817 0.00602885 -0.00957241
internal_weight=0 29135.1 23255.1 16781.4 3223.45 5879.95 3840.73 1988.26 13558 6473.69 11997 4386.26 4097.08 11683.5
internal_count=218900 156516 115876 86517 24208 40640 62384 24492 62309 29359 53295 20057 25031 51942
is_linear=0
shrinkage=0.05


Tree=36
num_leaves=15
num_cat=0
split_feature=0 4 0 6 4 3 6 0 6 0 6 0 4 6
split_gain=2086.86 821.099 583.513 458.61 253.545 262.839 234.724 199.654 167.706 141.406 141.213 123.213 147.768 118.745
threshold=8.3125000000000018 0.019532717411720513 13.812500000000002 -1.0000000180025095e-35 0.063200515514281339 50.500000000000007 0.041934844591052643 25.562500000000004 0.044249915931331867 24.395833333333339 -0.034667463638174932 6.0625000000000009 0.020908066223519383 0.089289165608261098
decision_type=2 2 2 2 2 2 2 2 2 2 2 2 2 2
left_child=11 2 6 7 5 -3 -2 10 9 -5 -4 -1 -13 -8
right_child=1 4 3 8 -6 -7 13 -9 -10 -11 -12 12 -14 -15
leaf_value=0.048425003592658847 0.03302307912337437 0.0012019779990202531 0.036591591809078533 -0.00036261220509016968 -0.042484948647588117 -0.017936539503524265 0.0062508241549944559 -0.0038336596735695783 -0.024411741698109442 -0.013034606718410538 0.011566782283053976 0.044098292608368839 0.0091581021609472759 -0.076328048307573393
leaf_weight=1773.0657598786056 1929.7206544913352 2413.0531721934676 668.86625687032938 5625.2685086429119 791.92005074769258 6992.4103368893266 845.27249563857913 1945.9202417954803 1314.0749875307083 3617.0804510861635 3586.5377918630838 647.01618340238929 568.46037321910262 45.896741852164268
leaf_count=37892 20475 12572 5545 27841 3632 32057 6258 11527 5754 15602 22505 10401 6559 280
internal_value=0 -0.00380925 0.00218296 -0.00135855 -0.0153141 -0.0130264 0.0232217 0.0094334 -0.00769824 -0.00532192 0.0155002 0.0400192 0.0277573 0.00199787
internal_weight=0 29776 19578.6 16757.7 10197.4 9405.46 2820.89 6201.32 10556.4 9242.35 4255.4 2988.54 1215.48 891.169
internal_count=218900 164048 115787 88774 48261 44629 27013 39577 49197 43443 28050 54852 16960 6538
is_linear=0
shrinkage=0.05


Tree=37
num_leaves=15
num_cat=0
split_feature=0 5 0 0 5 6 0 4 0 6 6 4 4 0
split_gain=1949.75 777.537 589.103 330.114 319.41 242.681 213.499 198.252 162.356 156.05 151.908 151.198 124.793 124.372
threshold=8.3125000000000018 0.0075807609538458467 14.562500000000002 22.354166666666668 -0.035278315219270162 0.066257519634663906 13.812500000000002 -0.04330550802240337 25.562500000000004 -0.01851375797391221 0.013702240740607016 0.030495135678472746 0.0074087796577607624 6.0625000000000009
decision_type=2 2 2 2 2 2 2 2 2 2 2 2 2 2
left_child=13 2 -2 5 -4 6 12 -6 10 -8 -9 -5 -3 -1
right_child=1 3 4 11 7 -7 9 8 -10 -11 -12 -13 -14 -15
leaf_value=0.048115569297862613 0.030777077459620529 0.023935594451866882 0.024766106730527676 -0.016104541097828672 0.031224144176238103 -0.025185440923973512 0.026982799968350547 0.0070244157834303093 -0.012179729938830581 -0.0098793711248497916 -0.008442364160595876 -0.034937475635595669 0.0012596387458565523 0.027018546815494072
leaf_weight=1697.167000528425 1917.6115975752473 888.53531178459525 1254.6989588961005 3866.2338120788336 433.01098907738924 1431.1204752624035 301.45246728509665 4200.8630924522877 3429.2665127068758 6032.7956361100078 2551.9044827595353 1471.3013024479151 1913.0752804912627 1187.2979950495064
leaf_count=37892 19399 8153 10188 16594 3639 7086 1658 24013 15988 26794 11806 6836 11894 16960
internal_value=0 -0.00362691 0.00506332 -0.0111603 0.000909149 -0.00604072 -0.00304173 -0.00191074 -0.00331987 -0.00812507 0.00117944 -0.0212959 0.00845135 0.0394317
internal_weight=0 29691.9 13787.4 15904.5 11869.7 10567 9135.86 10615 10182 6334.25 6752.77 5337.54 2801.61 2884.46
internal_count=218900 164048 85033 79015 65634 55585 48499 55446 51807 28452 35819 23430 20047 54852
is_linear=0
shrinkage=0.05


Tree=38
num_leaves=15
num_cat=0
split_feature=0 5 0 5 4 0 3 5 4 4 0 4 5 4
split_gain=1820.65 714.058 432.522 376.445 326.573 252.208 186.295 175.36 168.824 140.661 125.677 149.241 116.404 110.797
threshold=8.3125000000000018 -0.012576897022464761 14.812500000000002 0.032037797131226758 -1.0000000180025095e-35 14.562500000000002 54.500000000000007 -0.039729818100248261 0.03477100787538432 0.07077274323849668 6.0625000000000009 0.013133550497517717 0.050910065283055646 -0.045792329623838855
decision_type=2 2 2 2 2 2 2 2 2 2 2 2 2 2
left_child=10 5 4 6 -3 -2 -4 -7 13 -6 -1 -12 -5 -8
right_child=1 2 3 12 9 7 8 -9 -10 -11 11 -13 -14 -15
leaf_value=0.047804644189072244 0.039422459015263742 0.027020216090418277 0.0048794223953953454 -0.017973786055174839 8.2150461092064789e-05 0.028719343596134872 0.034107218990801207 0.0040387730184754988 -0.025710566966428313 -0.045815129060713035 0.0469384810679183 0.010720301153701178 -0.035027830861673971 -0.0080858641242168346
leaf_weight=1624.6322562582791 743.47775683552027 1272.0760345086455 2686.9209443554282 3075.3788333535194 4269.3746609948575 867.62570029497147 158.27186395227909 4221.786314830184 1449.5299609303474 173.72458763420582 498.26833668723702 662.75680158659816 1483.129199758172 9188.9846730455756
leaf_count=37892 8575 12561 12889 13347 26794 7518 1165 25611 6315 792 8678 8282 6680 41801
internal_value=0 -0.00345538 -0.007304 -0.011101 0.00468285 0.01222 -0.00690168 0.00824623 -0.00983357 -0.00171243 0.0388267 0.0262638 -0.0235224 -0.00737143
internal_weight=0 29590.3 23757.4 18042.2 5715.18 5832.89 13483.7 5089.41 10796.8 4443.1 2785.66 1161.03 4558.51 9347.26
internal_count=218900 164048 122344 82197 40147 41704 62170 33129 49281 27586 54852 16960 20027 42966
is_linear=0
shrinkage=0.05


Tree=39
num_leaves=15
num_cat=0
split_feature=0 4 4 0 0 6 6 0 4 5 6 0 4 6
split_gain=1700.25 662.598 410.605 356.723 301.019 269.704 227.324 190.916 184.316 142.584 141.924 126.895 182.288 111.611
threshold=8.3125000000000018 -0.015551573769423037 0.043868719764864207 14.562500000000002 13.937500000000002 0.03149734144897743 0.039302716877504175 25.562500000000004 -0.045792329623838855 -0.034462077641984175 -0.035923841971229949 4.479166666666667 0.035231801930275218 -0.017845747114749094
decision_type=2 2 2 2 2 2 2 2 2 2 2 2 2 2
left_child=11 4 3 6 -2 7 -3 9 -6 -5 -10 -1 -13 -11
right_child=1 2 -4 5 8 -7 -8 -9 10 13 -12 12 -14 -15
leaf_value=0.0517028172681291 0.041713782351992877 0.019809926889596697 -0.02332169186678125 0.03185868167900488 0.033421404020530059 -0.018811973661184249 -0.0037349073799889249 -0.012684563060014751 0.032517140104907492 0.014523232629171226 0.0011062958424558889 0.040435983066000158 0.0039850810299900839 -0.0032135026811858287
leaf_weight=1059.3071001954377 743.28675543144345 2199.1317161731422 3300.1180949658155 346.68876378983259 605.65162157267332 4054.7158370167017 1920.3900544717908 4150.0925513282418 395.74915557354689 1019.4862635135651 3938.5123989954591 1140.9388001486659 490.42046108096838 6822.7880985960364
leaf_count=26066 9282 19071 15385 2418 5532 17618 12072 18195 3622 5687 24163 21958 6828 31003
internal_value=0 -0.00329165 -0.00695261 -0.0043192 0.0120483 -0.00762443 0.00883407 -0.0039481 0.00758465 0.000479455 0.00397433 0.0382279 0.0294781 -0.000907748
internal_weight=0 29496.6 23813.4 20513.3 5683.2 16393.8 4119.52 12339.1 4939.91 8188.96 4334.26 2690.67 1631.36 7842.27
internal_count=218900 164048 121449 106064 42599 74921 31143 57303 33317 39108 27785 54852 28786 36690
is_linear=0
shrinkage=0.05


Tree=40
num_leaves=15
num_cat=0
split_feature=0 6 0 0 6 6 3 5 6 0 3 3 5 5
split_gain=1625.44 642.018 404.846 308.197 343.167 259.211 201.519 176.381 163.207 143.205 134.713 224.406 123.964 106.958
threshold=10.562500000000002 0.017198234714158284 16.437500000000004 6.0625000000000009 0.048695215645189464 -0.034667463638174932 51.500000000000007 -0.039729818100248261 0.066257519634663906 25.104166666666668 72.500000000000014 136.50000000000003 0.018062855538462864 0.040741695795847431
decision_type=2 2 2 2 2 2 2 2 2 2 2 2 2 2
left_child=3 2 -2 -1 -5 -4 -3 -7 10 13 -8 -12 -6 -9
right_child=1 6 5 4 12 7 8 9 -10 -11 11 -13 -14 -15
leaf_value=0.04714270552541882 0.021494025847898956 -0.0023230516115540236 0.024298745764734446 0.037067036730420971 0.031311820687337115 0.025393018947075421 -0.02134875610000481 0.0024195046352673668 -0.038145518895628089 -0.010771430832850192 0.0042656741829783188 -0.018553978771739629 -0.005175197110700077 -0.021606485879621273
leaf_weight=1497.0666184835136 2407.5869196951389 3425.5274792723358 949.19217391312122 1364.7876552902162 291.20343143865466 528.21390993148088 3804.6998575106263 6111.812497407198 799.07905896753073 4764.6970844492316 1928.8175331130624 2440.4959180057049 1160.4416603557765 501.21090491116047
leaf_count=38007 19664 17723 7758 19808 3704 4416 17178 31175 3639 21957 10155 10970 10492 2128
internal_value=0 -0.00418839 0.0026772 0.0288112 0.0190671 -0.000846925 -0.0126399 -0.00285165 -0.0165785 -0.00416291 -0.0144701 -0.00848033 0.00214418 0.000598539
internal_weight=0 27661.3 15262.7 4313.5 2816.43 12855.1 12398.6 11905.9 8973.09 11377.7 8174.01 4369.31 1451.65 6613.02
internal_count=218774 146763 87098 72011 34004 67434 59665 59676 41942 55260 38303 21125 14196 33303
is_linear=0
shrinkage=0.05


Tree=41
num_leaves=15
num_cat=0
split_feature=0 5 0 5 0 4 5 4 4 0 0 4 4 0
split_gain=1525.37 593.939 496.437 297.435 225.746 214.104 179.27 149.134 146.206 135.037 123.205 176.355 117.616 124.593
threshold=8.3125000000000018 0.019737448907270947 13.937500000000002 -0.035278315219270162 22.729166666666668 -0.037367484547668091 0.059113948767124502 0.040561907228573897 -0.0078518029155104311 25.562500000000004 4.479166666666667 0.045004205370941956 0.059509547687011256 11.562500000000002
decision_type=2 2 2 2 2 2 2 2 2 2 2 2 2 2
left_child=10 2 8 -4 6 -5 12 9 -2 -7 -1 -12 13 -3
right_child=1 4 3 5 -6 7 -8 -9 -10 -11 11 -13 -14 -15
leaf_value=0.051495997433886442 0.042635865733474942 0.013482230275937319 0.023367952536476489 0.022840382732994789 -0.023258249288532526 0.0010718171767769096 -0.024742903299826882 -0.022550517220846437 0.015618640811493827 -0.0098327315485376206 0.03722300956887805 -0.0046565680699695881 -0.029076726854993958 -0.0056088973277720819
leaf_weight=968.23220181837678 742.09624348208308 1025.2552391141653 1203.1114589124918 789.40387056022882 3212.2611916363239 8695.6383375227451 1268.8715915679932 997.92447632551193 1539.7384893558919 4215.3638158142567 1250.4784734845161 314.62302695214748 444.00783985853195 5134.7471728995442
leaf_count=26096 10009 8533 10378 6523 14451 44965 5933 4315 13808 19066 24704 4304 2059 23630
internal_value=0 -0.00296545 0.00259584 -0.000533762 -0.0120878 -0.0024902 -0.00753008 -0.00392785 0.0244052 -0.00248845 0.0374769 0.0288042 -0.00422286 -0.00243142
internal_weight=0 29268.4 18183.3 15901.4 11085.1 14698.3 7872.88 13908.9 2281.83 12911 2533.33 1565.1 6604.01 6160
internal_count=218774 163670 109064 85247 54606 74869 40155 68346 23817 64031 55104 29008 34222 32163
is_linear=0
shrinkage=0.05


Tree=42
num_leaves=15
num_cat=2
split_feature=3 4 7 3 3 4 6 7 4 5 4 5 4 4
split_gain=862.143 419.364 285.122 501.498 278.899 282.969 198.511 185.545 156.146 132.517 132.064 106.386 102.416 96.5736
threshold=49.500000000000007 0.019532717411720513 0 130.50000000000003 22.500000000000004 -0.0098507897185325533 0.009134024522120289 1 0.063200515514281339 -0.035278315219270162 0.056454339244040225 -0.011233087277962269 -0.032580650858408021 -0.04447450409177834
decision_type=2 2 1 2 2 2 2 1 2 2 2 2 2 2
left_child=4 2 3 -2 -1 -6 13 -7 11 -5 -3 -9 -11 -4
right_child=1 10 6 9 5 7 -8 8 -10 12 -12 -13 -14 -15
leaf_value=0.045862269791085819 0.025229055696451133 -0.011294878209946456 0.028201253392579586 0.026987111039642422 0.032321267309381889 0.048562046650745878 -0.015635887771990854 0.02986969546994634 -0.029989271140526248 0.019506045965147756 -0.030333194130048598 0.0047086468250078974 -0.0061468658284913619 -0.0016086990826138785
leaf_weight=665.4221640303731 2561.1407011374831 6851.2537839971483 288.51693363115191 373.21996197104454 1370.1409920863807 245.79850789532065 3347.715084400028 462.9471732750535 301.92971260845661 426.07777450606227 1050.5723107345402 4540.4405715093017 4479.9896269850433 4658.8557870350778
leaf_count=18718 24622 35023 2813 3326 15968 6790 15420 4145 1943 3238 5709 33667 21609 25783
internal_value=0 -0.00438873 0.000232892 0.00706465 0.0149443 0.0119718 -0.00622542 0.00694903 0.00492026 -0.00173407 -0.0138261 0.00703672 -0.00391898 0.000129734
internal_weight=0 24037.3 16135.5 7840.43 7586.68 6921.26 8295.09 5551.12 5305.32 5279.29 7901.83 5003.39 4906.07 4947.37
internal_count=218774 137543 96811 52795 81231 62513 44016 46545 39755 28173 40732 37812 24847 28596
cat_boundaries=0 1 2
cat_threshold=142 142
is_linear=0
shrinkage=0.05


Tree=43
num_leaves=15
num_cat=0
split_feature=0 4 5 0 6 0 6 0 6 0 4 5 0 6
split_gain=1368.41 521.596 358.711 352.575 232.396 207.441 176.201 150.543 133.009 123.156 163.801 111.181 105.953 91.9441
threshold=8.3125000000000018 -0.024789208124840621 0.050316349140194359 14.437500000000002 0.033516939839623824 18.812500000000004 0.066257519634663906 25.562500000000004 -0.0097910657274182349 4.479166666666667 0.01758304089557635 -1.0000000180025095e-35 16.062500000000004 0.052908324952740372
decision_type=2 2 2 2 2 2 2 2 2 2 2 2 2 2
left_child=9 5 3 6 7 -2 11 8 -5 -1 -11 -3 -4 -12
right_child=1 2 12 4 -6 -7 -8 -9 -10 10 13 -13 -14 -15
leaf_value=0.051278530060200167 0.035135082112763956 0.030198184728850216 -0.012907195690547128 0.010963819125569013 -0.016471999922904934 0.0076790914917915336 -0.01415276982293087 -0.01017738646318727 -0.0027056194755341635 0.045242679131001579 0.038868645122110912 0.0094508325724482999 -0.03263195173387437 0.0014236118935100565
leaf_weight=890.13541308417916 1004.9482688345015 849.9336688965559 1439.2201913073659 2323.6460331529379 4124.2582815662026 2180.9851319640875 635.85146597027779 4953.6776851415634 7600.4318885803223 713.07194272428751 230.6892985701561 2687.5455748699605 1291.9862134307623 566.54243456572294
leaf_count=26096 11487 9479 6956 13785 18231 15710 3699 22210 35197 16040 4118 20864 6052 8850
internal_value=0 -0.00275159 -0.00509939 -0.00307962 -0.00596979 0.0163396 0.0100799 -0.00305848 0.000494974 0.0365263 0.0278318 0.0144357 -0.0222379 0.0122588
internal_weight=0 29092.5 25906.6 23175.3 19002 3185.93 4173.33 14877.8 9924.08 2400.44 1510.3 3537.48 2731.21 797.232
internal_count=218774 163670 136473 123465 89423 27197 34042 71192 48982 55104 29008 30343 13008 12968
is_linear=0
shrinkage=0.05


Tree=44
num_leaves=15
num_cat=0
split_feature=0 5 0 5 0 4 5 4 6 0 4 6 4 6
split_gain=1276.76 487.064 410.203 256.514 190.35 187.989 146.691 137.111 136.193 124.408 160.424 117.458 117.422 95.5735
threshold=8.3125000000000018 0.019737448907270947 13.937500000000002 -0.039729818100248261 22.729166666666668 -0.045792329623838855 0.059113948767124502 -0.0085444011618508262 -0.031291191275311957 4.479166666666667 0.011279117361820442 0.10017731890049707 0.040561907228573897 0.055728360423116623
decision_type=2 2 2 2 2 2 2 2 2 2 2 2 2 2
left_child=9 2 7 -4 6 -5 -3 -2 -7 -1 -11 -12 13 -10
right_child=1 4 3 5 -6 8 -8 -9 12 10 11 -13 -14 -15
leaf_value=0.051159117166305584 0.041615865122553067 -0.003721178559643819 0.027030894360014546 0.032267057003474063 -0.021245229999221717 0.016290320698598617 -0.022307449953553812 0.014438127225655829 -0.0019930730228548093 0.047777402728382004 0.020787246631914356 -0.033778816648235725 -0.020578320164146256 -0.029406428883793485
leaf_weight=848.64968556910753 668.1921854801476 6570.0658955350518 810.82635018974543 393.35635457932949 3169.786312147975 881.49444325268269 1266.1825514063239 1519.1527193002403 12409.417487762868 574.07320901378989 786.71634566783905 112.75842103362083 989.23664134740829 326.3063595443964
leaf_count=26096 9784 34222 7671 3690 14451 6499 5933 14033 61653 13633 13504 1871 4307 1427
internal_value=0 -0.00262071 0.00244614 -0.000361501 -0.0109064 -0.00184222 -0.00672435 0.0227404 -0.00276079 0.0359094 0.0271267 0.0139468 -0.00398436 -0.00269544
internal_weight=0 29004 17998 15810.6 11006 14999.8 7836.25 2187.34 14606.5 2322.2 1473.55 899.475 13725 12735.7
internal_count=218774 163670 109064 85247 54606 77576 40155 23817 73886 55104 29008 15375 67387 63080
is_linear=0
shrinkage=0.05


Tree=45
num_leaves=15
num_cat=0
split_feature=0 5 5 3 0 5 3 3 0 4 5 0 4 4
split_gain=1181.91 430.785 306.197 257.029 193.19 210.156 136.527 278.423 134.437 116.419 107.226 107.225 93.7246 88.234
threshold=9.3125000000000018 0.032037797131226758 -0.030455447436913613 53.500000000000007 5.5208333333333348 0.030589834846243055 66.500000000000014 137.50000000000003 14.687500000000002 -0.0091797510026115983 0.065283038648598149 24.812500000000004 0.026972953093644818 0.035231801930275218
decision_type=2 2 2 2 2 2 2 2 2 2 2 2 2 2
left_child=4 2 11 9 -1 -6 -5 -8 -3 -4 -10 -2 -7 -9
right_child=1 8 3 6 5 12 7 13 10 -11 -12 -13 -14 -15
leaf_value=0.047120089138238896 0.029034475980090148 -0.0039012719519428713 0.02273452326358217 -0.0093960538728359785 0.038401810811642456 0.023062094189413587 0.012821733457938571 -0.0045574709710372316 -0.016527641994963965 0.0043337082722639036 -0.042154917699299833 0.0043348846222578006 -0.0084621097067066765 -0.025353775380460172
leaf_weight=1084.0598764959723 1166.2554057724774 2143.0277829878032 1153.3109514974058 7430.2505431100726 867.66525657474995 401.590331915766 2763.3455474898219 4418.2571554109454 4006.3566868752241 3375.1589290574193 454.4654466509819 705.01495531201363 571.05103211849928 576.60164032876492
leaf_count=33870 11237 11283 10006 36017 16861 6032 18254 21734 17937 19503 2199 5312 5686 2576
internal_value=0 -0.00301889 0.000399544 -0.00143493 0.0303759 0.0205124 -0.00455209 8.71043e-05 -0.0141939 0.00902003 -0.0191385 0.0197287 0.0045538 -0.00695818
internal_weight=0 28192 21588.2 19716.9 2924.37 1840.31 15188.5 7758.2 6603.85 4528.47 4460.82 1871.27 972.641 4994.86
internal_count=218507 156058 124639 108090 62449 28579 78581 42564 31419 29509 20136 16549 11718 24310
is_linear=0
shrinkage=0.05


Tree=46
num_leaves=15
num_cat=0
split_feature=0 4 6 0 0 5 0 3 4 5 6 0 6 6
split_gain=1111.1 422.928 296.426 421.584 203.263 174.151 165.599 148.547 126.553 107.711 94.7347 84.0749 164.605 81.0766
threshold=7.5625000000000009 -0.024789208124840621 0.044766216549714889 12.687500000000002 18.812500000000004 -0.030455447436913613 20.645833333333339 54.500000000000007 0.035231801930275218 0.060686905420624611 0.10621976553840283 4.479166666666667 0.091956576132191589 -0.042380825682388913
decision_type=2 2 2 2 2 2 2 2 2 2 2 2 2 2
left_child=11 4 3 -3 -2 -5 10 -7 9 13 -4 -1 -13 -9
right_child=1 2 6 5 -6 7 -8 8 -10 -11 -12 12 -14 -15
leaf_value=0.050745846056444638 0.033869572493197171 0.021430668302655879 -0.009079336187574262 0.015908050117791825 0.0064973996362280295 0.0037068283587941724 -0.031149935518056539 0.031878957405910929 -0.018931901669154316 -0.043753925989743259 -0.066561544651115384 0.037338733569334155 -0.019003752339050439 -0.0053020321278214946
leaf_weight=775.03086831606925 986.92547085881233 1813.2370913214982 4127.3329774290323 1056.5065037161112 2168.3867097571492 3848.4037063196301 1198.3278135359287 148.50531559437513 2029.3811049461365 180.47498765587807 72.94414671882987 863.62322535924613 152.52628542482853 11550.383094377816
leaf_count=26129 12172 20109 23083 7708 15822 19625 5806 990 9235 815 396 20264 2930 53423
internal_value=0 -0.00222861 -0.00432454 -0.0015946 0.0150589 -0.00381375 -0.014755 -0.00498714 -0.00739268 -0.0054214 -0.0100776 0.0383421 0.0288816 -0.00483006
internal_weight=0 29180.8 26025.5 20626.9 3155.31 18813.7 5398.6 17757.1 13908.7 11879.4 4200.28 1791.18 1016.15 11698.9
internal_count=218507 169184 141190 111905 27994 91796 29285 84088 64463 55228 23479 49323 23194 54413
is_linear=0
shrinkage=0.05


Tree=47
num_leaves=15
num_cat=0
split_feature=0 6 0 6 6 0 4 4 0 4 6 3 0 6
split_gain=1039.39 399.63 326.895 296.546 263.255 228.679 160.572 136.065 109.965 98.7716 95.8016 92.3728 78.8436 148.586
threshold=7.4375000000000009 -0.010810042014707068 13.937500000000002 0.060942735883649256 0.042375425837097962 19.937500000000004 -1.0000000180025095e-35 0.035231801930275218 27.812500000000004 -0.047238283406456104 -0.038828872096345689 128.50000000000003 4.479166666666667 0.09654729248454684
decision_type=2 2 2 2 2 2 2 2 2 2 2 2 2 2
left_child=12 5 3 6 7 -2 -3 8 9 -4 -7 -8 -1 -14
right_child=1 2 4 -5 -6 10 11 -9 -10 -11 -12 -13 13 -15
leaf_value=0.050626489069631776 0.027766723275121908 0.030579547123809434 0.038869686699521289 -0.013008404316019432 -0.020418838243625129 0.023582423394417931 0.0098981179338696046 -0.016523827844209974 -0.013066287602079117 -0.0016333812080126975 0.00044922048399230908 -0.026345911940928453 0.036435390999186294 -0.023048249855005625
leaf_weight=738.92662763036788 1431.9522329233587 1026.8455823510885 152.60800040513277 1432.3871336393058 3373.4040318801999 528.58770683407784 2574.4770835526288 2208.7800239473581 2309.2914754748344 11005.13026329875 2919.2287710532546 188.68094197660685 815.66402975656092 120.49271060340106
leaf_count=26129 13313 14358 1354 8760 15511 4648 20778 10022 10099 52852 17257 1095 20034 2297
internal_value=0 -0.00208497 -0.00470992 0.00637235 -0.00774815 0.0109713 0.0136971 -0.00502144 -0.00313489 -0.00107941 0.00399579 0.00742321 0.0384167 0.0287793
internal_weight=0 29151.4 24271.6 5222.39 19049.2 4879.77 3790 15675.8 13467 11157.7 3447.82 2763.16 1675.08 936.157
internal_count=218507 170047 134829 44991 89838 35218 36231 74327 64305 54206 21905 21873 48460 22331
is_linear=0
shrinkage=0.05


Tree=48
num_leaves=15
num_cat=1
split_feature=3 6 4 4 3 7 3 5 4 6 3 6 6 3
split_gain=573.347 305.379 195.128 189.72 162.44 157.346 414.703 115.455 109.098 104.908 97.3758 92.955 85.9617 72.2171
threshold=45.500000000000007 -0.010810042014707068 0.035231801930275218 0.0033213398614101316 21.500000000000004 0 127.50000000000001 0.02690665604405958 0.043868719764864207 -0.042380825682388913 92.500000000000014 0.032260440625772241 0.044249915931331867 55.500000000000007
decision_type=2 2 2 2 2 1 2 2 2 2 2 2 2 2
left_child=3 9 5 -1 -5 6 10 11 -6 -2 -3 -7 -8 -9
right_child=1 2 -4 4 8 7 12 13 -10 -11 -12 -13 -14 -15
leaf_value=0.028536073992907952 0.030667297545245126 0.031819671975389791 -0.015447956241518006 0.042338141757502827 0.010730556790800885 -0.0017667572607132896 -0.0041741651361064487 -0.0063093305065138813 -0.0094122077374982488 0.0060479943965352926 0.011359725403975658 -0.01693644093701286 -0.024722544028080346 -0.025221827398348242
leaf_weight=1725.4804507214576 484.2381893992424 842.04368482530117 4071.7826800718904 323.2966820653528 2468.8487491998821 5436.9620343782008 4513.4361523725092 820.24705813080072 923.75136593729258 4066.4304146356881 1879.7872090488672 1240.212140340358 573.65694263577461 1312.3243147581816
leaf_count=26722 4695 14625 21880 11892 23895 27056 21523 3834 7829 27306 12950 5783 2642 5875
internal_value=0 -0.00305915 -0.00563837 0.0148352 0.00847315 -0.0032349 0.00193445 -0.00781032 0.005246 0.00866774 0.0176894 -0.00458436 -0.00649135 -0.0179475
internal_weight=0 25241.1 20690.5 5441.38 3715.9 16618.7 7808.92 8809.75 3392.6 4550.67 2721.83 6677.17 5087.09 2132.57
internal_count=218507 148169 116168 70338 43616 94288 51740 42548 31724 32001 27575 32839 24165 9709
cat_boundaries=0 1
cat_threshold=142
is_linear=0
shrinkage=0.05


Tree=49
num_leaves=15
num_cat=0
split_feature=0 4 5 0 0 5 3 6 0 6 5 6 6 4
split_gain=939.491 351.813 250.415 258.944 178.987 153.507 146.85 136.185 130.607 125.98 93.3537 92.0359 86.7185 82.977
threshold=7.4375000000000009 -0.026199903821542418 0.032037797131226758 12.312500000000002 18.812500000000004 -0.030455447436913613 54.500000000000007 0.044249915931331867 14.687500000000002 0.060318398993739038 0.065283038648598149 0.10621976553840283 0.013336890786197085 0.059509547687011256
decision_type=2 2 2 2 2 2 2 2 2 2 2 2 2 2
left_child=-1 4 3 9 -2 -5 12 13 11 -3 -10 -4 -7 -8
right_child=1 2 8 5 -6 6 7 -9 10 -11 -12 -13 -14 -15
leaf_value=0.037572347909363112 0.033972925943598263 0.025134673280600539 -0.0017748942322511039 0.015535519001676322 0.0065328096994323294 0.01390317293540763 -0.0041710140876843691 -0.022068867068019759 -0.014774123142486374 -0.007514855566503064 -0.039126735106650566 -0.063973438934135402 -0.0016255259660424321 -0.041862350618216734
leaf_weight=1586.7742565982044 854.02215943485498 1320.2788773812354 2616.6293134205043 1093.0425884984434 1953.9310029521585 1565.119309630245 11326.169392801821 1244.8217049464583 3860.9221262186766 380.63171242177486 438.19647178053856 60.85861948132515 2112.548146776855 147.92782598733902
leaf_count=48460 11307 17744 15628 8233 14670 9218 53458 5658 17497 3138 2199 314 10295 688
internal_value=0 -0.00194031 -0.00374512 -0.000795941 0.0148786 -0.0026072 -0.00381664 -0.00636108 -0.0118574 0.0178283 -0.0172563 -0.00318865 0.00498308 -0.00465694
internal_weight=0 28975.1 26167.1 19190.5 2807.95 17489.6 16396.6 12718.9 6976.61 1700.91 4299.12 2677.49 3677.67 11474.1
internal_count=218507 170047 144070 108432 25977 87550 79317 59804 35638 20882 19696 15942 19513 54146
is_linear=0
shrinkage=0.05


Tree=50
num_leaves=15
num_cat=0
split_feature=0 6 0 0 4 6 0 6 6 4 0 6 4 6
split_gain=870.811 373.84 335.428 202.623 185.427 162.535 130.944 119.755 118.536 94.4502 77.5812 123.583 74.7345 74.1796
threshold=7.3125000000000009 0.014496255980274727 16.437500000000004 13.687500000000002 1.0000000180025095e-35 -0.038828872096345689 24.520833333333339 0.070592267064468014 0.053987593082057049 0.05455056754269353 4.479166666666667 0.078236770469826147 -0.034478420075317144 -0.010305738076356631
decision_type=2 2 2 2 2 2 2 2 2 2 2 2 2 2
left_child=10 2 13 4 -3 -4 12 -6 9 -5 -1 -12 -7 -2
right_child=1 3 5 8 7 6 -8 -9 -10 -11 11 -13 -14 -15
leaf_value=0.050443037452039208 0.035849137394997038 0.024202684196254372 0.025747808646662176 -0.0071737419456624754 0.0027217516155769892 0.023574958331755488 -0.0062825850640781614 -0.018735213215391438 -0.022660861463907271 -0.02888563834594849 0.039971801742293422 -0.0029031726309381111 0.0028687986101935698 0.015974796469300081
leaf_weight=664.0605655554682 655.12471339479089 777.74018218368292 618.44180703908205 8341.1908727884293 2489.7239904664457 473.46295993030071 5314.8028156384826 880.16099905967712 1766.3153408691287 532.89653393626213 572.86965288408101 237.85313550010324 5474.482334420085 1657.0524300187826
leaf_count=26148 7643 10223 5809 38369 18681 4412 25899 5119 8250 2611 16097 5142 28090 16201
internal_value=0 -0.0016145 0.004182 -0.0071779 0.00219639 0.000791156 -0.000579223 -0.00288247 -0.010832 -0.00847756 0.0377719 0.027393 0.00451703 0.0216059
internal_weight=0 28981.4 14193.4 14788 4147.63 11881.2 11262.7 3369.88 10640.4 8874.09 1474.78 810.723 5947.95 2312.18
internal_count=218694 171307 88054 83253 34023 64210 58401 23800 49230 40980 47387 21239 32502 23844
is_linear=0
shrinkage=0.05


Tree=51
num_leaves=15
num_cat=2
split_feature=3 6 4 7 3 3 6 3 6 5 7 6 6 3
split_gain=458.164 272.159 193.222 180.456 369.777 139.885 132.964 117.514 113.432 102.106 92.046 115.491 89.402 78.9125
threshold=45.500000000000007 0.0050015634771732346 0.0044477415100560511 0 136.50000000000003 22.500000000000004 -0.042380825682388913 90.500000000000014 0.044249915931331867 -0.039729818100248261 1 0.069924876517390974 0.042375425837097962 55.500000000000007
decision_type=2 2 2 1 2 2 2 2 2 2 1 2 2 2
left_child=2 6 -1 4 7 -4 -2 -3 13 -8 11 -7 -9 -5
right_child=1 3 5 8 -6 10 9 12 -10 -11 -12 -13 -14 -15
leaf_value=0.027439240594675909 0.0298729569561519 0.023475154784132989 0.038563306601677262 -0.0009072927508356381 -0.01275286949214152 0.0073413796740431723 0.024268166177805132 0.011467419004394401 -0.023784612346907871 0.0013229833816339131 0.04632182272748174 -0.015831337923037921 -0.0066413992168179213 -0.01327023099761342
leaf_weight=1718.9096769113094 466.63703278824687 1070.9033997543156 319.9071825966239 1967.3976332098246 3670.5313803367317 2433.1704307291657 512.09606037475169 1656.0019014570862 1683.2422123029828 9113.1225299071521 113.0859656278044 690.21853735670447 1158.2821125816554 3752.9527422338724
leaf_count=27779 4734 17118 12879 10033 17060 18747 5410 10493 8173 51802 4581 6341 6420 17124
internal_value=0 -0.00253767 0.013675 -0.0068182 -0.00137102 0.0070223 0.00380742 0.00937846 -0.0123588 0.00254375 0.00390465 0.0022135 0.00401433 -0.00901825
internal_weight=0 25051.2 5275.29 14959.3 7555.72 3556.38 10091.9 3885.19 7403.59 9625.22 3236.47 3123.39 2814.28 5720.35
internal_count=218694 148367 70327 86421 51091 42548 61946 34031 35330 57212 29669 25088 16913 27157
cat_boundaries=0 1 2
cat_threshold=142 113
is_linear=0
shrinkage=0.05


Tree=52
num_leaves=15
num_cat=0
split_feature=0 5 0 5 6 5 0 0 6 0 6 5 6 6
split_gain=781.983 332.304 317.99 189.016 134.205 120.163 112.906 112.623 91.0163 78.8116 118.37 87.6447 76.2475 75.9239
threshold=7.3125000000000009 0.018400790699846608 11.937500000000002 -0.038532818685691424 -0.028330545921700079 0.05755801679198403 22.229166666666668 19.312500000000004 0.013702240740607016 4.479166666666667 0.078236770469826147 0.078159473358439063 0.054549882655094549 0.066257519634663906
decision_type=2 2 2 2 2 2 2 2 2 2 2 2 2 2
left_child=9 2 -2 -4 -5 7 8 13 -6 -1 -11 -12 -9 -3
right_child=1 5 3 4 6 -7 -8 12 -10 10 11 -13 -14 -15
leaf_value=0.050262850907114381 0.028307042371388369 0.001796049386246117 0.023842031432603245 0.015846356237422549 0.0087095773263186991 -0.019988907853231631 -0.0059954172651270708 -0.0096108538594123979 -0.0027585096966006323 0.039174537270539572 0.0098304193386518357 -0.074243225506081381 -0.032366052870157036 -0.014427021546762637
leaf_weight=613.75135795772076 1149.5474839359522 4374.9978341013193 863.67104779183865 1200.0513975918293 3458.9176761806011 1783.1584290973842 7118.5992939993739 4145.706111215055 3461.5769634209573 542.57600883021951 199.85445158742368 36.689692387357354 404.00822648406029 863.5444925352931
leaf_count=26148 17722 26332 9023 9742 22937 9171 32525 18716 18186 16097 4449 693 2106 4847
internal_value=0 -0.0014959 0.00290084 0.00108714 -0.000202479 -0.00805122 -0.00157432 -0.00587649 0.00297333 0.0368625 0.0263064 -0.00321001 -0.0116315 -0.000878233
internal_weight=0 28823.8 17252.4 16102.8 15239.1 11571.4 14039.1 9788.26 6920.49 1392.87 779.12 236.544 4549.71 5238.54
internal_count=218694 171307 110135 92413 83390 61172 73648 52001 41123 47387 21239 5142 20822 31179
is_linear=0
shrinkage=0.05


Tree=53
num_leaves=15
num_cat=0
split_feature=0 6 0 0 4 6 6 0 3 6 0 4 3 3
split_gain=731.495 298.635 289.39 160.077 134.693 131.307 123.154 109.211 95.7858 87.9587 79.5319 121.787 78.4027 103.71
threshold=7.3125000000000009 0.014496255980274727 16.437500000000004 11.187500000000002 -0.0085444011618508262 -0.038828872096345689 0.066257519634663906 24.520833333333339 50.500000000000007 0.057966593274442708 4.479166666666667 0.020210711312552036 75.500000000000014 136.50000000000003
decision_type=2 2 2 2 2 2 2 2 2 2 2 2 2 2
left_child=10 2 -2 4 -3 -4 8 -7 -5 -6 -1 -12 -10 -14
right_child=1 3 5 6 9 7 -8 -9 12 -11 11 -13 13 -15
leaf_value=0.050154111601857343 0.020244544054991515 0.041839852775928284 0.023659317438141668 0.0013403440882645209 0.012594331211064166 0.0041269520535342306 -0.024346831146123127 -0.005751811695981289 -0.014413541993256755 -0.0085823328849832514 0.046681988773860997 0.0066139899898115945 0.0040481383446878067 -0.01136706050440401
leaf_weight=585.05240334942937 2244.4350581206381 234.65294286049902 589.56242466717958 2626.7222255691886 958.18686160817742 5910.3980174474418 1128.9662612229586 5312.2531244307756 4252.1047488413751 1004.2839777395129 361.0035141762346 399.53333866782486 1871.5360332839191 2616.5262561142445
leaf_count=26148 23844 4377 5809 14011 10867 32502 5272 25899 19754 7037 12191 9048 9876 12059
internal_value=0 -0.00142368 0.00378633 -0.00640806 0.00603811 0.000659105 -0.00859644 -0.000549171 -0.0070321 0.00175729 0.0362946 0.025633 -0.00954831 -0.00493887
internal_weight=0 28749.6 14056.6 14693 2197.12 11812.2 12495.9 11222.7 11366.9 1962.47 1345.59 760.537 8740.17 4488.06
internal_count=218694 171307 88054 83253 22281 64210 60972 58401 55700 17904 47387 21239 41689 21935
is_linear=0
shrinkage=0.05


Tree=54
num_leaves=15
num_cat=0
split_feature=0 5 0 5 6 0 0 5 0 6 5 5 6 6
split_gain=683.906 292.648 272.619 171.402 116.494 146.272 98.8037 84.3019 80.1839 113.434 74.5629 71.0236 70.2303 67.8637
threshold=7.3125000000000009 0.022105569333455807 12.437500000000002 -0.038532818685691424 0.014087342087954461 24.520833333333339 22.729166666666668 0.076272691426696668 4.479166666666667 0.078236770469826147 0.078159473358439063 0.050910065283055646 0.062814977414146558 0.091956576132191589
decision_type=2 2 2 2 2 2 2 2 2 2 2 2 2 2
left_child=8 2 12 -4 5 -5 7 13 -1 -10 -11 -8 -2 -3
right_child=1 6 3 4 -6 -7 11 -9 9 10 -12 -13 -14 -15
leaf_value=0.050046109664592942 0.027791770227781787 -0.0030593317132296513 0.022680161596457464 0.0081626092385823548 -0.0059231920109364703 -0.0040418741946893037 -0.012562044895809466 -0.028384661326866973 0.038203913000641312 0.0087125388109013831 -0.067237256367707943 -0.033834855655757785 -0.0027860644888717378 -0.031320243835788346
leaf_weight=557.6899759285152 1237.559989431873 6890.7653108593076 837.70295161381364 5610.3538616783917 6159.3385509997606 4365.3159077093005 2293.4664129763842 370.81091535836458 508.93040654063225 195.08718634583056 38.7310392819345 473.34783641993999 221.37021311372519 219.1817330121994
leaf_count=26148 19635 37883 8898 35916 29336 21405 10703 1877 16097 4449 693 2532 1933 1189
internal_value=0 -0.00135474 0.00241132 0.000628501 -0.000516385 0.00282197 -0.00812852 -0.0051427 0.0357179 0.0249595 -0.00386824 -0.0162014 0.0231521 -0.00393054
internal_weight=0 28679.2 18431.6 16972.7 16135 9975.67 10247.6 7480.76 1300.44 742.749 233.818 2766.81 1458.93 7109.95
internal_count=218694 171307 117123 95555 86657 57321 54184 40949 47387 21239 5142 13235 21568 39072
is_linear=0
shrinkage=0.05


Tree=55
num_leaves=15
num_cat=0
split_feature=0 5 0 6 4 0 4 4 6 6 6 0 5 0
split_gain=669.916 298.062 270.973 198.446 193.985 133.165 131.478 102.45 78.2173 75.1246 73.2408 72.1283 108.091 71.9126
threshold=7.3125000000000009 0.050910065283055646 12.687500000000002 -0.010810042014707068 0.0054809540975726996 19.937500000000004 0.046923193728705792 -0.045792329623838855 0.020947394664672155 0.055728360423116623 -0.042380825682388913 4.479166666666667 0.029817347789824856 25.937500000000004
decision_type=2 2 2 2 2 2 2 2 2 2 2 2 2 2
left_child=11 2 4 5 -2 -4 7 -5 -6 -9 -7 -1 -13 -3
right_child=1 13 3 6 8 10 -8 9 -10 -11 -12 12 -14 -15
leaf_value=0.049937278064303307 0.031833128786823948 -0.014577241630397099 0.022412247217877629 0.031840128988344978 0.026884409840262254 0.024590548604484886 -0.018466786838465657 -0.0021819209712862831 0.00037769613169710825 -0.015918994026450244 0.00028189441782202658 0.047579057748820118 0.0087128007041788382 -0.043287164379356313
leaf_weight=531.08960503712296 1047.8710867408663 2477.2189488969743 1166.8300488628447 213.06917107850313 338.11121993511915 345.57804728671908 1416.5795083642006 15754.044516246766 1573.5845846533775 1062.3685685694218 2998.3170780055225 317.75558198615909 409.33705474063754 239.17108479142189
leaf_count=26126 17871 12746 10566 2003 4015 3550 6704 76444 12942 4837 18211 11049 10319 1311
internal_value=0 -0.00134775 0.000303834 -0.00153188 0.0145431 0.0078689 -0.00383071 -0.00261322 0.00506579 -0.00304975 0.0027941 0.0359297 0.0256982 -0.0171051
internal_weight=0 28632.7 25916.4 22956.8 2959.57 4510.73 18446.1 17029.5 1911.7 16816.4 3343.9 1258.18 727.093 2716.39
internal_count=218694 171200 157143 122315 34828 32327 89988 83284 16957 81281 21761 47494 21368 14057
is_linear=0
shrinkage=0.05


Tree=56
num_leaves=15
num_cat=0
split_feature=0 5 0 5 4 0 6 0 5 4 4 0 5 5
split_gain=626.154 271.084 253.8 170.675 140.339 115.197 113.347 91.9079 84.6287 79.0831 75.1718 72.7448 105.607 71.6427
threshold=7.3125000000000009 0.029817347789824856 10.937500000000002 -0.039729818100248261 -0.045792329623838855 24.312500000000004 0.014087342087954461 14.437500000000002 0.050910065283055646 0.010051737100642184 0.035715751938348216 4.479166666666667 0.029817347789824856 0.059113948767124502
decision_type=2 2 2 2 2 2 2 2 2 2 2 2 2 2
left_child=11 2 9 -4 -5 6 -6 13 -9 -2 -7 -1 -13 -3
right_child=1 7 3 4 5 10 -8 8 -10 -11 -12 12 -14 -15
leaf_value=0.049829885695030704 0.040047029097999086 0.0031466077341473653 0.023992473650418976 0.028806904342728479 0.0066733628674170977 -0.0047438928104282805 -0.0030703361620515908 -0.0092976618106953846 -0.023891439994841862 0.012316364486793321 -0.023760105408833512 0.047315562129690486 0.0083437223929746073 -0.014131720182790204
leaf_weight=506.24957829155028 503.81448579393327 1969.3529553562403 739.56042600050569 400.22623352706432 6007.4961107671261 6163.4399842768908 5931.8072793930769 3503.1645851805806 1386.5935306698084 525.02484657615423 567.54829555749893 303.899613333866 406.15473725274205 862.77523127198219
leaf_count=26126 11139 13258 8337 4382 38524 28580 30582 15933 6943 6314 2734 11049 10319 4474
internal_value=0 -0.00128235 0.00168289 0.00042539 -0.000488548 -0.00111654 0.0018324 -0.00928461 -0.013436 0.0258959 -0.00634732 0.0353484 0.0250235 -0.00211704
internal_weight=0 28560.8 20838.9 19810.1 19070.5 18670.3 11939.3 7721.89 4889.76 1028.84 6730.99 1216.3 710.054 2832.13
internal_count=218694 171200 130592 113139 104802 100420 69106 40608 22876 17453 31314 47494 21368 17732
is_linear=0
shrinkage=0.05


Tree=57
num_leaves=15
num_cat=0
split_feature=0 5 0 4 5 0 6 4 0 5 4 0 5 6
split_gain=585.008 245.312 234.953 157.337 120.15 111.378 110.359 89.6587 89.8788 80.6722 76.8714 73.2744 103.075 71.396
threshold=7.3125000000000009 0.029817347789824856 10.937500000000002 -0.038249680592496699 -0.051276020937356774 24.312500000000004 0.014087342087954461 0.063200515514281339 14.437500000000002 0.068580909425300832 0.010051737100642184 4.479166666666667 0.029817347789824856 0.051816859023935603
decision_type=2 2 2 2 2 2 2 2 2 2 2 2 2 2
left_child=11 2 10 -4 -5 6 -6 8 -3 -10 -2 -1 -13 -7
right_child=1 7 3 4 5 13 -8 -9 9 -11 -12 12 -14 -15
leaf_value=0.049722413374413202 0.039470118454407871 0.00021007342960117811 0.019935987619486721 0.041594641314815634 0.0067113719624324157 -0.005296948302404879 -0.0029252998133498212 -0.028307485669824908 -0.0098584205525774835 -0.038085213687304699 0.0118139422730568 0.047047993086739563 0.0079876233530852339 -0.038088277270837689
leaf_weight=482.57432262413204 486.07192691415548 2539.0603669285774 980.10574043914676 167.11052042245865 5975.9221332632005 6570.939775660634 5908.2672347016633 549.30343449115753 4348.0014075934887 268.77566593885422 520.11353855580091 290.68118168786168 403.12772602029145 170.29748085141182
leaf_count=26126 11139 16327 10672 1870 38587 30761 30391 2837 20030 1414 6314 11049 10319 858
internal_value=0 -0.00122054 0.00160505 0.000405671 -0.000612912 -0.000991606 0.00192047 -0.00884044 -0.00734609 -0.0115017 0.0251742 0.0347597 0.0243525 -0.00612532
internal_weight=0 28484 20778.8 19772.6 18792.5 18625.4 11884.2 7705.14 7155.84 4616.78 1006.19 1176.38 693.809 6741.24
internal_count=218694 171200 130592 113139 102467 100597 68978 40608 37771 21444 17453 47494 21368 31619
is_linear=0
shrinkage=0.05


Tree=58
num_leaves=15
num_cat=0
split_feature=0 5 0 4 5 4 4 3 3 3 0 0 4 0
split_gain=546.32 229.517 218.766 172.968 157.34 127.941 109.206 95.8904 122.747 118.645 76.4107 73.7146 102.434 66.9097
threshold=7.3125000000000009 0.050910065283055646 12.687500000000002 0.0054809540975726996 -0.033596131624226221 0.046923193728705792 -0.045792329623838855 55.500000000000007 85.500000000000014 137.50000000000003 28.479166666666668 4.479166666666667 0.022278015516382959 25.937500000000004
decision_type=2 2 2 2 2 2 2 2 2 2 2 2 2 2
left_child=11 2 3 -2 10 6 -6 -8 -9 -10 -4 -1 -13 -3
right_child=1 13 4 -5 5 -7 7 8 9 -11 -12 12 -14 -15
leaf_value=0.049614600047221347 0.030255330091306151 -0.012641263833529114 0.0205416939779757 0.0044295988717183892 0.027067038965551411 -0.016735944598295513 0.0044350929858635868 -0.0083816621557618372 0.0097971447867577222 -0.0035087181548064065 -0.019364609983818851 0.043705435371486051 0.004828010355967409 -0.040870028287720538
leaf_weight=460.01146681420505 986.69599615596235 2465.061526030302 1084.7772173956037 1890.628809818998 333.61500036343932 1438.5386566966772 4728.7580225393176 7306.2984857596457 2432.5906522646546 5381.8684140592813 134.86626444011927 329.02807080373168 349.29335677623749 229.4553701877594
leaf_count=26126 17871 12746 10947 16957 3587 6868 25618 34892 13295 25906 1202 12963 8405 1311
internal_value=0 -0.00116154 0.000293028 0.0132858 -0.00134367 -0.00232927 -0.00130245 -0.00177926 -0.00372269 0.000633311 0.0161289 0.034164 0.023686 -0.0150451
internal_weight=0 28413.2 25718.6 2877.32 22841.3 21621.7 20183.1 19849.5 15120.8 7814.46 1219.64 1138.33 678.321 2694.52
internal_count=218694 171200 157143 34828 122315 110166 103298 99711 74093 39201 12149 47494 21368 14057
is_linear=0
shrinkage=0.05


Tree=59
num_leaves=15
num_cat=0
split_feature=0 6 0 6 0 4 4 3 4 3 3 0 4 4
split_gain=509.969 219.675 299.666 148.474 122.459 95.6807 91.0563 85.4067 84.7767 78.1074 142.763 74.0512 99.1924 71.4182
threshold=7.3125000000000009 0.042375425837097962 12.687500000000002 -0.031291191275311957 20.645833333333339 -0.045792329623838855 0.05455056754269353 50.500000000000007 -0.013368296605858981 83.500000000000014 139.50000000000003 4.479166666666667 0.022278015516382959 0.07077274323849668
decision_type=2 2 2 2 2 2 2 2 2 2 2 2 2 2
left_child=11 2 8 -4 13 -5 7 -7 -2 -9 -11 -1 -13 -3
right_child=1 4 3 5 -6 6 -8 9 -10 10 -12 12 -14 -15
leaf_value=0.049506179146323673 0.043275383745530853 -0.0044368984863729323 0.016767777698967506 0.02455291165304473 -0.023267741438352186 0.0068735070525097839 -0.021945205144406055 -0.0060177886837624699 0.015655648154776821 0.011319811059051997 -0.0037183014304071104 0.043316888703557238 0.0046069124783323012 -0.03266108915542295
leaf_weight=438.51077940128744 349.6388242021203 4420.9787796214223 1174.8232096247375 345.27181597054005 1291.6517875790596 2666.9283189289272 555.86525076627731 8625.6534182503819 1352.7352514509112 2300.3836282640696 5027.2972233444452 315.71833727136254 347.79334418475628 236.1029654070735
leaf_count=26126 7932 26305 11006 3793 6759 15883 2740 41754 16528 13042 24315 12963 8405 1143
internal_value=0 -0.00110498 0.00116335 -0.000495321 -0.00964586 -0.00153424 -0.00200394 -0.00140864 0.0213283 -0.00279318 0.00100262 0.033563 0.0230263 -0.0058678
internal_weight=0 28347.3 22398.6 20696.2 5948.73 19521.4 19176.1 18620.3 1702.37 15953.3 7327.68 1102.02 663.512 4657.08
internal_count=218694 171200 136993 112533 34207 101527 97734 94994 24460 79111 37357 47494 21368 27448
is_linear=0
shrinkage=0.05


Tree=60
num_leaves=15
num_cat=0
split_feature=0 4 0 6 6 0 6 3 6 5 5 0 5 3
split_gain=471.606 224.873 232.359 205.046 141.494 135.698 113.358 88.1506 91.9015 85.5797 71.3462 65.5735 50.8126 48.2454
threshold=6.0625000000000009 0.057379187083643333 10.812500000000002 0.013702240740607016 0.046653572219217669 25.562500000000004 -0.031291191275311957 51.500000000000007 0.066257519634663906 -0.038532818685691424 0.054738247487878582 14.562500000000002 0.059113948767124502 74.500000000000014
decision_type=2 2 2 2 2 2 2 2 2 2 2 2 2 2
left_child=-1 2 4 5 -2 6 -4 -5 10 -8 13 -11 -6 -9
right_child=1 -3 3 7 12 -7 9 8 -10 11 -12 -13 -14 -15
leaf_value=0.040409480367144278 0.030103901270952728 -0.021135800164838816 0.025390875952906369 0.0012312110159107669 0.010948485652186733 -0.0039886021228207943 0.029820011025456603 -0.010003745221743467 -0.027352620378790035 0.017016089703290806 -0.02405722732138095 0.0022116060489645955 -0.011751711802796031 -0.002097567352177488
leaf_weight=708.09979740343988 961.52960573323071 1309.6966957598925 744.62522388994694 3134.6776972524822 845.6129092965275 4480.2332348451018 331.92346593737602 3699.1228886581957 603.71511799097061 842.68350796401501 580.31622456759214 6654.5323712639511 347.96028976328671 4033.6743840388954
leaf_count=37981 19927 7183 7756 17025 11083 22779 3988 17088 2928 9130 2963 35817 2511 20234
internal_value=0 -0.000897996 7.43006e-05 -0.00127818 0.0158298 0.00306352 0.00674861 -0.00598104 -0.00851648 0.00497556 -0.00714856 0.00387562 0.00433074 -0.00587963
internal_weight=0 28570.3 27260.6 25105.5 2155.1 13054 8573.76 12051.5 8916.83 7829.14 8313.11 7497.22 1193.57 7732.8
internal_count=218393 180412 173229 139708 33521 79470 56691 60238 43213 48935 40285 44947 13594 37322
is_linear=0
shrinkage=0.05


Tree=61
num_leaves=15
num_cat=0
split_feature=0 4 0 6 5 0 6 6 0 3 5 5 3 5
split_gain=442.985 203.436 212.627 188.935 135.188 124.776 93.658 87.5851 91.0552 74.3407 72.9106 67.6394 55.2922 48.7037
threshold=6.0625000000000009 0.057379187083643333 10.812500000000002 0.0046633638470373173 0.0075807609538458467 28.645833333333339 -0.042380825682388913 0.065545925824426796 25.645833333333339 49.500000000000007 -0.033596131624226221 0.059113948767124502 45.500000000000007 0.068580909425300832
decision_type=2 2 2 2 2 2 2 2 2 2 2 2 2 2
left_child=-1 2 4 5 -2 6 -4 8 10 -8 -5 -6 -12 -14
right_child=1 -3 3 7 11 -7 9 -9 -10 -11 12 -13 13 -15
leaf_value=0.03994600274541997 0.038882549381493069 -0.020123948580567548 0.030714748930465659 0.025894307535495056 0.014574483088419491 -0.0090372062855230018 0.018197073901701305 -0.018732273224416049 -0.011900489909131933 0.0035473041837649393 0.0055916236183574707 -0.0083672375782364427 -0.0033881437006382967 -0.029537726497031576
leaf_weight=681.18470488954335 471.16579091362655 1306.8464067317545 380.08791917935014 233.88385254144669 1218.6048759333789 1533.7907884828746 985.31255848705769 1044.6713396385312 2737.1639992669225 7149.8991121537983 1839.9504464901984 436.31753263995051 8976.1071196682751 181.66620501875877
leaf_count=37981 11924 7183 4462 2047 18339 7394 8478 4972 12559 43444 11290 3258 44148 914
internal_value=0 -0.000854159 7.20613e-05 -0.00121578 0.0152533 0.0040905 0.00645508 -0.00476749 -0.00372312 0.00532164 -0.00173028 0.00852594 -0.00231776 -0.00390688
internal_weight=0 28495.5 27188.6 25062.5 2126.09 10049.1 8515.3 15013.4 13968.8 8135.21 11231.6 1654.92 10997.7 9157.77
internal_count=218393 180412 173229 139708 33521 63778 56384 75930 70958 51922 58399 21597 56352 45062
is_linear=0
shrinkage=0.05


Tree=62
num_leaves=15
num_cat=0
split_feature=0 4 0 6 4 0 6 0 6 5 5 5 0 6
split_gain=415.949 184.039 194.528 170.822 132.924 115.125 79.2299 82.3901 72.4183 69.0307 66.8247 65.3446 60.2988 51.3831
threshold=6.0625000000000009 0.057379187083643333 10.812500000000002 0.0046633638470373173 -1.0000000180025095e-35 20.062500000000004 0.065545925824426796 25.645833333333339 -0.021863649973313196 0.059113948767124502 -0.033596131624226221 -0.051276020937356774 28.645833333333339 -0.054131883293699355
decision_type=2 2 2 2 2 2 2 2 2 2 2 2 2 2
left_child=-1 2 4 5 -2 8 7 10 -4 -6 -5 -7 13 -13
right_child=1 -3 3 6 9 11 -8 -9 -10 -11 -12 12 -14 -15
leaf_value=0.039472384097503102 0.03852139130290691 -0.019160062541484439 0.027677931634437221 0.025032152798794689 0.013951357042429528 0.033416409122988169 -0.017827078301507853 -0.011326382293626721 0.0082398349519879378 -0.0097687331054361979 -0.0022025048516188805 0.043970678841778167 -0.0090341678502225443 0.0016818863025398472
leaf_weight=655.54288004804403 457.63426402583718 1304.0339217670262 607.85202592983842 229.94429902359843 1232.1577842645347 147.67908862233162 1042.8768698200583 2732.237996481359 2263.2268706709146 408.38608030229807 10994.726886197925 72.795705009251833 1511.8397712558508 5418.4721632152796
leaf_count=37981 12331 7183 6791 2047 18221 1832 4972 12559 17502 2969 56352 838 7115 29700
internal_value=0 -0.000812347 6.98873e-05 -0.00115637 0.0146935 0.00389783 -0.00453325 -0.00353992 0.0123552 0.00804664 -0.00164459 0.000502158 -0.000191927 0.00224249
internal_weight=0 28423.9 27119.8 25021.7 2098.18 10021.9 14999.8 13956.9 2871.08 1640.54 11224.7 7150.79 7003.11 5491.27
internal_count=218393 180412 173229 139708 33521 63778 75930 70958 24293 21190 58399 39485 37653 30538
is_linear=0
shrinkage=0.05


Tree=63
num_leaves=15
num_cat=0
split_feature=0 4 0 4 4 5 6 0 3 5 0 5 6 0
split_gain=390.409 171.451 211.13 110.39 102.869 93.1167 82.4813 89.4089 79.2578 69.1535 61.0207 53.8675 50.196 52.8096
threshold=6.0625000000000009 0.011885356608302115 10.937500000000002 -0.038249680592496699 0.063200515514281339 -0.051276020937356774 0.045223254221882177 25.479166666666668 49.500000000000007 0.06753188671793324 23.604166666666668 0.037672364620775202 -0.012545206733420819 9.1875000000000018
decision_type=2 2 2 2 2 2 2 2 2 2 2 2 2 2
left_child=-1 2 11 10 8 -5 7 9 -3 -7 -4 -2 -10 -14
right_child=1 4 3 5 -6 6 -8 -9 12 -11 -12 -13 13 -15
leaf_value=0.038988544494068793 0.035713341647412959 0.0032162044903938456 0.029026690832029592 0.040168360728257746 -0.022301743762260798 0.0041703587328503202 -0.013139819233004824 -0.0052339545043566587 0.0059727791537773616 -0.063864561234194289 0.0036457559056474412 0.0076817410048183495 0.012696527597369365 -0.0081332683597766658
leaf_weight=631.11612751241773 579.07652422226965 2962.4099750164896 534.42016627267003 144.47588593885303 809.17810925096273 8474.6596472673118 1126.8112703412771 3946.9125059172511 774.21308028139174 37.515331447124481 425.2445923872292 243.43042483739555 316.34632030501962 7982.118379663676
leaf_count=37981 16215 19854 6965 1790 4487 53050 5615 18613 3816 181 3942 3028 4206 38650
internal_value=0 -0.000772269 0.00276546 0.00138519 -0.00504493 0.000239307 -0.000185309 0.000986309 -0.00388467 0.00387051 0.0177799 0.0274171 -0.00620324 -0.00733921
internal_weight=0 28356.8 15512.5 14690 12844.3 13730.4 13585.9 12459.1 12035.1 8512.17 959.665 822.507 9072.68 8298.46
internal_count=218393 180412 109399 90156 71013 79249 77459 71844 66526 53231 10907 19243 46672 42856
is_linear=0
shrinkage=0.05


Tree=64
num_leaves=15
num_cat=0
split_feature=0 5 0 6 0 5 0 5 3 6 6 0 6 6
split_gain=367.228 158.181 227.188 112.19 134.505 88.5688 93.4552 77.5885 67.4399 59.7303 59.5999 51.8581 62.8746 44.561
threshold=5.5208333333333348 0.032037797131226758 10.937500000000002 0.017198234714158284 15.812500000000002 0.076272691426696668 14.437500000000002 -0.051276020937356774 49.500000000000007 0.091956576132191589 0.060318398993739038 28.645833333333339 -0.054131883293699355 -0.02486031775759278
decision_type=2 2 2 2 2 2 2 2 2 2 2 2 2 2
left_child=-1 2 10 4 13 6 9 -6 -9 -3 -2 12 -10 -4
right_child=1 5 3 -5 7 -7 -8 8 11 -11 -12 -13 -14 -15
leaf_value=0.041662930925251862 0.030542155915756559 0.0041005267272252897 0.045303907686903871 -0.0045561930098043674 0.032940726222647307 -0.028510447515968398 -0.010322851096113056 0.014557052290358403 0.044440879756710044 -0.022944968141548186 0.0052055043845024799 -0.0083803160344410842 0.00086430129755278833 0.015119244571021382
leaf_weight=521.62992656044662 808.69018899556249 2377.0426431912929 136.26341097801924 7527.5268042683601 191.45834564045072 452.04505783133209 4129.5455424636602 828.18843448162079 83.59562636911869 223.32800919376314 325.54153533279896 1654.7640512362123 8451.3752377554774 1190.6765471361578
leaf_count=33905 21115 18347 1989 37972 2540 2859 19743 5590 1037 1797 4803 7685 46594 12417
internal_value=0 -0.000673242 0.00149953 0.000268814 0.00316602 -0.00708634 -0.00564729 0.0013841 0.000835741 0.00177777 0.0232702 -0.000279482 0.00129111 0.0182189
internal_weight=0 28380 21198.1 20063.8 12536.3 7181.96 6729.92 11209.4 11017.9 2600.37 1134.23 10189.7 8534.97 1326.94
internal_count=218393 184488 141742 115824 77852 42746 39887 63446 60906 20144 25918 55316 47631 14406
is_linear=0
shrinkage=0.05


Tree=65
num_leaves=15
num_cat=3
split_feature=3 5 4 5 3 4 7 3 6 7 7 3 6 5
split_gain=187.751 129.128 124.448 91.8536 89.3354 82.1691 74.4903 219.822 71.7956 76.6901 68.0377 91.8289 62.3954 56.2968
threshold=45.500000000000007 0.028341552113736939 -0.012654746487306957 -0.051276020937356774 18.500000000000004 -0.045792329623838855 0 128.50000000000003 0.071441331087633356 1 2 146.50000000000003 0.056864848943869402 -0.016517987146603744
decision_type=2 2 2 2 2 2 1 2 2 1 1 2 2 2
left_child=2 3 -1 -2 -4 -5 7 -7 13 -10 11 -3 -9 -6
right_child=1 10 4 5 8 6 -8 12 9 -11 -12 -13 -14 -15
leaf_value=0.030269359405831017 0.03324744840903842 0.0033585091042160585 0.045632100179081987 0.02270893722278235 0.035916640398363724 0.017180447109604827 -0.0032149435584697388 -0.00083623575218408179 -0.013196448159052274 0.043074072790677598 -0.013164897599965556 -0.014137523203822198 -0.031747991994831672 0.0065938740129584603
leaf_weight=621.35265431553125 213.39194187708199 2155.3849829891697 138.93547699414194 398.00147947669029 173.30894353426993 2102.2859577620402 9586.2431345488876 5486.9140061177313 723.71660586073995 56.555541043169796 2972.9485232234001 1150.1613320335746 168.25273831933737 2948.2224554019049
leaf_count=13756 2999 17297 10798 5173 2552 23075 50581 28500 8992 4258 14562 5611 802 29803
internal_value=0 -0.00151946 0.0094372 0.000638801 0.0062338 0.000246593 -0.00026887 0.00337153 0.00483091 -0.00873495 -0.00769161 -0.00272099 -0.00175592 0.00822189
internal_weight=0 24233.6 4662.09 17955.1 4040.74 17741.7 17343.7 7757.45 3901.8 780.272 6278.49 3305.55 5655.17 3121.53
internal_count=218759 148600 70159 111130 56403 108131 102958 52377 45605 13250 37470 22908 29302 32355
cat_boundaries=0 1 2 3
cat_threshold=142 113 142
is_linear=0
shrinkage=0.05


Tree=66
num_leaves=15
num_cat=2
split_feature=3 4 7 3 5 4 3 5 7 6 6 3 5 6
split_gain=172.352 135.183 134.537 209.495 121.149 98.6572 92.4615 85.1864 77.5882 82.9648 66.4566 66.3535 56.6782 52.7372
threshold=50.500000000000007 -0.01443869591352418 0 134.50000000000003 0.050316349140194359 0.013133550497517717 18.500000000000004 0.0102008298539301 1 0.070592267064468014 0.0098433271107723538 95.500000000000014 -0.010828267867979057 -0.021204295620795597
decision_type=2 2 1 2 2 2 2 2 1 2 2 2 2 2
left_child=1 -1 3 5 10 11 -3 -5 9 12 -4 -2 -8 -13
right_child=2 6 4 7 -6 -7 8 -9 -10 -11 -12 13 -14 -15
leaf_value=0.025462479329774402 0.035559776393848018 0.045443417074627908 -0.00087004846816214122 0.0014325077624016609 -0.0271429720184721 0.0034758071645261956 0.02146255605867569 -0.0097794431783201179 0.043521382745603909 -0.011531667981980596 -0.0089341940574877831 0.042047897643536961 0.0034133477310316165 0.01085873259587089
leaf_weight=889.10048229061067 445.91925589647144 134.68738275486976 5635.9470224529505 3865.185465015471 628.14676015079021 2339.3663516649976 486.20684115868062 3016.1155380122364 108.73300477489829 868.28400795347989 4673.2547420598567 149.43275397829711 4125.869779468514 1457.2502535637468
leaf_count=15894 10311 10940 32329 21999 3391 17722 5365 14372 7925 9863 22081 1781 33618 11168
internal_value=0 0.00732393 -0.00187158 0.00196186 -0.00581922 0.0104953 0.00450639 -0.00348176 0.00351988 0.002642 -0.0045256 0.0184956 0.0053161 0.0137595
internal_weight=0 6612.88 22210.6 11273.3 10937.3 4391.97 5723.78 6881.3 5589.09 5480.36 10309.2 2052.6 4612.08 1606.68
internal_count=218759 83605 135154 77353 57801 40982 67711 36371 56771 48846 54410 23260 38983 12949
cat_boundaries=0 1 2
cat_threshold=142 113
is_linear=0
shrinkage=0.05


Tree=67
num_leaves=15
num_cat=0
split_feature=0 4 0 4 6 0 6 0 3 4 6 6 0 6
split_gain=316.211 147.645 162.477 117.825 86.5482 98.0465 84.2829 73.1514 61.6463 60.7939 57.6558 49.741 49.4406 42.6214
threshold=5.5208333333333348 0.037131995692938 10.062500000000002 -0.038249680592496699 0.026111665924687066 13.812500000000002 0.047621174988937677 20.979166666666668 50.500000000000007 0.080415482236921895 0.084696499947078827 -0.042380825682388913 20.562500000000004 0.056311135207045331
decision_type=2 2 2 2 2 2 2 2 2 2 2 2 2 2
left_child=-1 2 6 12 5 -5 -2 9 -7 -3 -6 -10 -4 -9
right_child=1 7 3 4 10 8 -8 13 11 -11 -12 -13 -14 -15
leaf_value=0.040556519813725107 0.033321920277720574 -0.0031416493711289035 0.032961634955108475 0.017639579893998131 -0.0046288727507586887 0.009841983162654314 0.0066922410247591173 -0.014861333529895496 0.02054078681653836 -0.039366024992442052 -0.037766815667600775 -0.0011261927456768055 0.0089936414453449347 -0.041766515462364574
leaf_weight=478.00265344139189 557.9529784116894 3196.1810679826885 334.95783632993698 892.64460530132055 6497.4859950430691 1579.952941019088 635.62417257204652 1246.7054587900639 270.84609151631594 120.17900658212602 133.96607303619385 12035.554045338184 601.58831690251827 166.90149707347155
leaf_count=33820 16553 18246 5350 11637 33667 10166 10766 6569 2806 682 639 60875 5876 1107
internal_value=0 -0.000452928 0.00116677 0.000206762 -0.000552568 0.00157689 0.0191406 -0.00851398 0.000544341 -0.00445436 -0.00529831 -0.000649334 0.0175658 -0.018038
internal_weight=0 28270.5 23540.6 22347 21410.4 14779 1193.58 4729.97 13886.4 3316.36 6631.45 12306.4 936.546 1413.61
internal_count=218759 184939 158335 131016 119790 85484 27319 26604 73847 18928 34306 63681 11226 7676
is_linear=0
shrinkage=0.05


Tree=68
num_leaves=15
num_cat=0
split_feature=0 5 0 4 6 5 4 0 6 3 6 5 0 4
split_gain=297.345 143.728 172.204 110.708 95.3878 84.306 66.8939 61.5608 61.1218 59.5514 63.8513 55.2356 49.4597 49.0132
threshold=5.5208333333333348 0.050910065283055646 10.437500000000002 -0.038249680592496699 0.0670326322063068 -0.051276020937356774 0.066547560531876201 25.937500000000004 -0.028330545921700079 45.500000000000007 0.074629609306409148 0.076272691426696668 17.437500000000004 -1.0000000180025095e-35
decision_type=2 2 2 2 2 2 2 2 2 2 2 2 2 2
left_child=-1 2 4 -4 13 -5 8 11 12 -10 -11 -3 -7 -2
right_child=1 7 3 5 -6 6 -8 -9 9 10 -12 -13 -14 -15
leaf_value=0.040113748415571929 0.043272680733762087 -0.0058525304051319348 0.016769813290223652 0.037649764029370161 -0.0022853107746689844 0.037537985120020788 -0.025340664161462086 -0.037474862957044976 0.0060131831333425541 -0.0020490466305899345 -0.027070995090200785 -0.025570544244966954 0.0064028388216550635 0.018951308563375905
leaf_weight=459.58337297383696 295.75757594127208 2141.7150487583131 919.32428413629532 140.7942872159183 416.89300030935556 145.85352255403996 282.48307405412197 206.88027240335941 2371.2497081048787 18895.824408784509 258.44460582733154 425.77505034767091 1016.5715554729104 691.39040229003876
leaf_count=33820 11068 12899 11088 1881 5590 1870 1452 1295 16699 95766 1245 2686 7638 13762
internal_value=0 -0.00043032 0.000748417 -0.000246044 0.0177689 -0.000922905 -0.00115933 -0.0112366 -0.000858254 -0.00146134 -0.00238666 -0.00912243 0.0103095 0.0262382
internal_weight=0 28209 25434.6 24030.5 1404.04 23111.2 22970.4 2774.37 22687.9 21525.5 19154.3 2567.49 1162.43 987.148
internal_count=218759 184939 168059 137639 30420 126551 124670 16880 123218 113710 97011 15585 9508 24830
is_linear=0
shrinkage=0.05


Tree=69
num_leaves=15
num_cat=0
split_feature=0 5 0 6 6 0 6 5 0 5 6 0 4 0
split_gain=282.673 137.335 169.608 118.242 109.98 100.641 83.3085 72.5983 68.5785 63.587 48.8913 48.8627 47.7938 45.285
threshold=4.479166666666667 0.068580909425300832 9.8125000000000018 0.037916105344433793 0.052908324952740372 12.687500000000002 -0.028330545921700079 -0.051276020937356774 20.645833333333339 0.018736517790742258 0.056311135207045331 28.645833333333339 -0.052231588671728391 26.729166666666668
decision_type=2 2 2 2 2 2 2 2 2 2 2 2 2 2
left_child=-1 2 4 5 -2 -4 13 -8 -5 -6 -10 12 -9 -7
right_child=1 -3 3 8 9 6 7 11 10 -11 -12 -13 -14 -15
leaf_value=0.0485859062217006 0.030919780653287699 -0.020368046642780829 0.016730235037025813 -0.0036331450196089841 0.032247757720532642 0.01749130452236991 0.036611664026587047 0.031686946557656193 -0.010565209224348683 -0.0018104640228267098 -0.030293544196564944 -0.0084630696805248016 -0.00022551099653764841 -0.0025807282786317275
leaf_weight=298.82498272694647 702.00693597644567 827.6093118712306 978.84811554476619 3947.6580183599144 168.44817108288407 1025.2098352797329 129.96326022595167 118.20334922149777 1149.4502223357558 735.12753465585411 432.09855503588915 1904.4766688272357 15792.482404008508 387.10663842409849
leaf_count=26047 21473 5987 13434 20272 4216 10367 1681 1443 5785 11279 2530 8547 82617 3081
internal_value=0 -0.000300083 0.000304496 -0.000674343 0.0160733 0.00108841 0.000297447 -0.000622755 -0.0071577 0.0045388 -0.0159552 -0.000894384 1.15724e-05 0.0119897
internal_weight=0 28298.7 27471.1 25865.5 1605.58 20336.3 19357.4 17945.1 5529.21 903.576 1581.55 17815.2 15910.7 1412.32
internal_count=218759 192712 186725 149757 36968 121170 107736 94288 28587 15495 8315 92607 84060 13448
is_linear=0
shrinkage=0.05


Tree=70
num_leaves=15
num_cat=0
split_feature=0 5 3 5 0 6 4 3 6 3 3 3 5 0
split_gain=274.742 140.889 112.281 110.681 122.508 115.167 85.3858 61.6251 60.787 59.1057 106.882 111.409 58.82 55.6702
threshold=4.729166666666667 -0.015603433260979897 47.500000000000007 0.078159473358439063 9.6875000000000018 0.091956576132191589 -0.032580650858408021 24.500000000000004 0.0670326322063068 54.500000000000007 71.500000000000014 136.50000000000003 0.0089492132647776505 28.479166666666668
decision_type=2 2 2 2 2 2 2 2 2 2 2 2 2 2
left_child=-1 2 -2 4 5 12 -6 -7 9 -8 -11 -12 -3 -4
right_child=1 3 13 -5 6 7 8 -9 -10 10 11 -13 -14 -15
leaf_value=0.046085455731589328 0.032463285485995884 0.040883293754149966 0.0073219130318923648 -0.028257073488563336 0.013675997119321631 -0.099159090591330226 0.0021190863930046914 -0.012727222685686757 -0.014071373168559085 -0.0086401959861546092 0.0077849075890688213 -0.0045961730880443264 0.012777371652265855 -0.011185886411440901
leaf_weight=320.05347387585789 416.32757047750056 223.79821639508009 3475.7192553300411 395.07130468450487 783.74988751113415 23.146460877731442 5183.6341535057873 189.15667841210961 1197.6297690421343 6877.9173103161156 2851.0779319051653 5009.2949914038181 1106.6599026368931 460.08978261426091
leaf_count=28018 7109 8079 28574 2780 7236 588 30655 2271 5938 32205 17242 23473 21664 2908
internal_value=0 -0.000502337 0.00777038 -0.0020125 -0.00157027 0.012048 -0.00252948 -0.0221505 -0.00313087 -0.00247316 -0.00408831 -0.000105365 0.0175051 0.00515838
internal_weight=0 28193.3 4352.14 23841.1 23446.1 1542.76 21903.3 212.303 21119.6 19921.9 14738.3 7860.37 1330.46 3935.81
internal_count=218740 190722 38591 152131 149351 32602 116749 2859 109513 103575 72920 40715 29743 31482
is_linear=0
shrinkage=0.05


Tree=71
num_leaves=15
num_cat=0
split_feature=0 4 0 5 0 6 0 4 5 5 5 0 4 0
split_gain=259.837 134.087 152.869 102.748 104.471 79.4707 69.6423 66.7836 64.8505 59.7011 53.6362 53.8882 69.3321 48.5039
threshold=4.729166666666667 0.035231801930275218 9.5625000000000018 -0.022720977083857969 19.687500000000004 0.084696499947078827 22.604166666666668 -0.032580650858408021 0.011857887778474416 0.059883975031845234 0.078159473358439063 7.0625000000000009 0.059509547687011256 23.354166666666668
decision_type=2 2 2 2 2 2 2 2 2 2 2 2 2 2
left_child=-1 2 8 4 -4 7 10 13 -2 -9 -3 12 -12 -5
right_child=1 6 3 5 -6 -7 -8 9 -10 -11 11 -13 -14 -15
leaf_value=0.045849293892633029 0.041740362796931246 -0.0030175807312126648 0.025113841539551891 0.022506183312554193 0.0032826581263235379 -0.038213508365249275 -0.018087923073504694 -0.00084510370128698046 0.012683949225335498 -0.017143343393384514 -0.018891883537271704 -0.017668363117298972 -0.1607415010331536 -0.00035069090050646092
leaf_weight=305.97331517748535 264.32141919527203 3735.4880307521671 762.75073727034032 520.1508873924613 1946.3737716786563 142.18206647783518 1234.9187708124518 17588.611983312294 702.12763764802366 580.41825965046883 18.466372055932879 207.35047008097172 16.146213434636593 419.13081206008792
leaf_count=28018 11469 22400 10180 6148 14776 692 6840 94022 16654 2933 353 1059 229 2967
internal_value=0 -0.000476988 0.00116877 0.000312242 0.0094292 -0.000970789 -0.00771569 -0.000693671 0.0206308 -0.00136576 -0.00449532 -0.027309 -0.0850624 0.0123069
internal_weight=0 28138.4 22926.1 21959.6 2709.12 19250.5 5212.37 19108.3 966.449 18169 3977.45 241.963 34.6126 939.282
internal_count=218740 190722 159841 131718 24956 106762 30881 106070 28123 96955 24041 1641 582 9115
is_linear=0
shrinkage=0.05


Tree=72
num_leaves=15
num_cat=0
split_feature=0 4 0 5 0 6 4 5 0 3 3 3 5 5
split_gain=246.916 123.101 149.373 92.1279 98.399 74.9584 63.8413 63.5972 56.8246 53.005 91.5461 73.9372 52.3939 49.1537
threshold=4.479166666666667 0.036188487921264549 9.5625000000000018 -0.022720977083857969 19.687500000000004 0.083339865182630521 -0.04447450409177834 0.011857887778474416 22.604166666666668 55.500000000000007 67.500000000000014 131.50000000000003 0.043080411651840227 0.078159473358439063
decision_type=2 2 2 2 2 2 2 2 2 2 2 2 2 2
left_child=-1 2 7 4 -4 6 -5 -2 13 -8 12 -12 -11 -3
right_child=1 8 3 5 -6 -7 9 -9 -10 10 11 -13 -14 -15
leaf_value=0.048410316324422983 0.041217926968034641 -0.003140719813568216 0.024292224520960595 0.023756325860838218 0.0029869236460220014 -0.033944071532062262 0.003381151749283451 0.012500399405671015 -0.017269797627592998 -0.0056626631191992139 0.0087613528428674165 -0.0020780524197553051 -0.022757858224442006 -0.026375968473869329
leaf_weight=261.21133245993406 262.22631424386054 3572.0513230431825 750.79102239757776 264.22012068517506 1948.271071754396 170.5726704671979 5080.286363163963 728.06667894963175 1157.339313365519 5975.4037213884294 2249.2326539326459 5234.5266038551927 484.54576326906681 243.10647708922625
leaf_count=26127 11964 21752 10196 3292 14800 829 32393 17869 6502 28074 15514 25282 2441 1705
internal_value=0 -0.000427507 0.00110576 0.000256644 0.00891336 -0.0009441 -0.000652269 0.0201047 -0.00756521 -0.000991275 -0.00258434 0.00117971 -0.00694493 -0.0046213
internal_weight=0 28120.6 23148.1 22157.8 2699.06 19458.8 19288.2 990.293 4972.5 19024 13943.7 7483.76 6459.95 3815.16
internal_count=218740 192613 162654 132821 24996 107825 106996 29833 29959 103704 71311 40796 30515 23457
is_linear=0
shrinkage=0.05


Tree=73
num_leaves=15
num_cat=0
split_feature=0 4 0 6 0 5 6 5 0 0 6 0 4 6
split_gain=234.145 113.798 134.783 95.2233 102.903 75.2946 65.0902 56.4299 53.6725 49.5489 52.29 45.2359 42.3483 40.599
threshold=4.479166666666667 0.045004205370941956 9.4375000000000018 0.017198234714158284 14.562500000000002 0.02039607531418847 -0.042380825682388913 -0.051276020937356774 28.145833333333339 21.854166666666668 0.093459902390110552 28.562500000000004 0.0017618049623552318 -0.011370625886277482
decision_type=2 2 2 2 2 2 2 2 2 2 2 2 2 2
left_child=-1 2 5 4 13 -2 11 -8 -5 10 -3 -6 -7 -4
right_child=1 9 3 8 6 12 7 -9 -10 -11 -12 -13 -14 -15
leaf_value=0.048283636481302912 0.036265458123481892 -0.003708463048886983 0.036343899154224132 -0.002944775591387833 0.028364431632826904 0.034009146969973543 0.032445810998273067 0.00039436596961011793 -0.019990642229504474 -0.020962968109854901 -0.031026909073315675 -0.026443911189191583 0.0033306456985394864 0.012495282788134785
leaf_weight=249.10756667517126 363.64654349908233 2112.7811278477311 228.4647253844887 9728.0236893519759 327.02093174681067 136.38879801891744 138.89946256950498 12126.029335722327 484.81467273086309 724.74216388911009 191.00008086115122 42.544745743274689 641.92350358143449 815.25686666369438
leaf_count=26127 15676 12431 4012 52811 4187 4413 1966 65720 2342 4314 1660 449 12102 10530
internal_value=0 -0.000406203 0.000701289 -0.00010083 0.00262678 0.0174825 0.00138031 0.000757346 -0.00375396 -0.00956045 -0.00597336 0.0220548 0.00870664 0.0177156
internal_weight=0 28061.5 25033 23891.1 13678.2 1141.96 12634.5 12264.9 10212.8 3028.52 2303.78 369.566 778.312 1043.72
internal_count=218740 192613 174208 142017 86864 32191 72322 67686 55153 18405 14091 4636 16515 14542
is_linear=0
shrinkage=0.05


Tree=74
num_leaves=15
num_cat=0
split_feature=0 5 0 0 5 5 0 6 0 6 0 6 6 3
split_gain=222.018 107.085 184.377 73.2009 79.329 63.7622 55.1921 48.5324 46.9691 63.9736 54.1876 52.7414 42.2931 38.7893
threshold=4.479166666666667 0.0086227549857079144 10.812500000000002 27.812500000000004 0.078159473358439063 -0.051276020937356774 14.562500000000002 -0.013069861838118361 11.187500000000002 0.091956576132191589 6.4375000000000009 0.074629609306409148 -0.054131883293699355 24.500000000000004
decision_type=2 2 2 2 2 2 2 2 2 2 2 2 2 2
left_child=-1 2 -2 4 7 -4 -7 -3 9 10 -9 -10 -8 -11
right_child=1 3 5 -5 -6 6 12 8 11 13 -12 -13 -14 -15
leaf_value=0.048153378927817285 0.035617676457503709 0.009744334654419623 0.030358975928824996 -0.01504362732465891 -0.024289104672326565 0.012417840952525619 0.036194607253053145 0.035182380002289758 -0.0029642847244028374 -0.076075722477478291 0.0051142006234426553 -0.020444092649446508 0.00013439461941568628 -0.012170387683704452
leaf_weight=237.58346221782267 418.3277830388397 886.12203442212194 193.3592587672174 1207.9025709852576 395.36793572735041 1043.8620996922255 81.909719239920378 164.81433175876737 10125.233860343695 26.427477118559182 1649.1274072276428 450.74821335077286 11135.117445793003 233.96156152058393
leaf_count=26127 15306 5090 3077 5901 2895 12398 1149 8417 49709 670 20397 2140 62909 2555
internal_value=0 -0.000385564 0.00296706 -0.00323614 -0.00221242 0.00187036 0.00142108 -0.00156761 -0.00235999 0.00451935 0.00784619 -0.00370927 0.000397716 -0.0186563
internal_weight=0 28012.3 12872.6 15139.7 13931.8 12454.2 12260.9 13536.4 12650.3 2074.33 1813.94 10576 11217 260.389
internal_count=218740 192613 94839 97774 91873 79533 76456 88978 83888 32039 28814 51849 64058 3225
is_linear=0
shrinkage=0.05


Tree=75
num_leaves=15
num_cat=0
split_feature=0 4 4 0 4 5 5 3 0 3 3 3 3 0
split_gain=217.045 102.761 91.6129 78.7435 114.716 70.3889 66.4752 67.317 63.1902 59.7246 55.6667 73.2645 49.0359 42.5024
threshold=4.729166666666667 0.063200515514281339 -0.038249680592496699 13.812500000000002 -1.0000000180025095e-35 0.068580909425300832 -0.051276020937356774 55.500000000000007 17.187500000000004 128.50000000000003 86.500000000000014 136.50000000000003 24.500000000000004 15.687500000000002
decision_type=2 2 2 2 2 2 2 2 2 2 2 2 2 2
left_child=-1 2 8 4 -4 6 -5 -8 -2 12 13 -12 -6 -9
right_child=1 -3 3 5 9 -7 7 10 -10 -11 11 -13 -14 -15
leaf_value=0.045660020536455195 0.041702260776625338 -0.018003942932244946 0.021298229319108491 0.035532690578135344 -0.031763994615788327 -0.02819120631123407 0.0035198764831814266 -0.024742272642099938 0.0090193523810598916 -0.024065573537022371 0.007077835370813957 -0.0032983698677018082 0.0040591195084761405 -0.0054656736365045304
leaf_weight=257.89187078084797 186.1233706921339 806.97274546138942 913.25166980456561 120.9951289370656 98.150905753485858 248.45141909271479 4871.965867806226 297.13927601650357 720.0166243314743 214.10059793293476 2382.3074586316943 5950.3448742553592 3573.7260968238115 7594.7607885561883
leaf_count=28096 4852 5004 21056 1731 3638 1454 26088 1717 7963 1270 12847 29430 36841 37100
internal_value=0 -0.000420666 0.000101547 -0.000437715 0.00535226 -0.0017322 -0.00142237 -0.00163432 0.0157325 0.00160476 -0.00318204 -0.00033181 0.00310155 -0.00619146
internal_weight=0 27978.3 27171.3 26265.2 4799.23 21466 21217.5 21096.5 906.14 3885.98 16224.6 8332.65 3671.88 7891.9
internal_count=219087 190991 185987 173172 62805 110367 108913 107182 12815 41749 81094 42277 40479 38817
is_linear=0
shrinkage=0.05


Tree=76
num_leaves=15
num_cat=0
split_feature=0 4 4 0 6 6 6 0 0 5 5 4 3 5
split_gain=205.236 92.9712 83.8247 71.8877 100.072 83.381 65.0094 60.6891 52.5377 80.9894 51.4949 48.9445 47.6216 55.3038
threshold=4.729166666666667 0.063200515514281339 -0.038249680592496699 17.187500000000004 0.056311135207045331 -0.010810042014707068 0.10621976553840283 17.187500000000004 9.9375000000000018 -0.0019226148671127046 -0.051276020937356774 -1.0000000180025095e-35 54.500000000000007 0.050316349140194359
decision_type=2 2 2 2 2 2 2 2 2 2 2 2 2 2
left_child=-1 2 7 5 10 -4 8 -2 9 -7 -5 -11 -12 -14
right_child=1 -3 3 4 -6 6 -8 -9 -10 11 12 -13 13 -15
leaf_value=0.045415561376942984 0.041157314800272189 -0.017143007140934155 0.022062751665191047 0.033262004954195235 -0.020426040108192448 0.047787571733912459 -0.037891554717373724 0.0086275402649974089 0.00057668819419773049 0.031268435699708108 0.0044474990917283443 0.0035967193424494281 -0.0022252389432401306 -0.018255770431579905
leaf_weight=246.60187580948696 179.33134608995169 805.17173663899302 553.32154191751033 105.96847416833043 727.45557295531034 135.43084048479795 100.82235733792186 715.20559136196971 6604.7157434839755 184.30901076551527 2645.6590780355036 1201.5913636349142 13418.200857698917 560.49449227750301
leaf_count=28096 4852 5004 7268 1505 4023 6074 1165 7963 43470 7108 13508 20934 65014 3103
internal_value=0 -0.000399368 9.75084e-05 -0.000415642 -0.00227169 0.00327477 0.00201113 0.0151489 0.00250621 0.0108831 -0.00148232 0.00727674 -0.00170379 -0.002868
internal_weight=0 27937.7 27132.5 26238 17457.8 8780.19 8226.87 894.537 8126.05 1521.33 16730.3 1385.9 16624.4 13978.7
internal_count=219087 190991 185987 173172 87153 86019 78751 12815 77586 34116 83130 28042 81625 68117
is_linear=0
shrinkage=0.05


Tree=77
num_leaves=15
num_cat=1
split_feature=0 5 0 4 6 3 6 7 6 6 0 3 0 5
split_gain=194.033 88.564 99.1605 126.397 66.8808 62.6484 68.5583 56.6081 56.5048 55.6011 77.8209 50.5034 60.7915 57.6736
threshold=4.729166666666667 0.059113948767124502 12.687500000000002 -0.01443869591352418 -0.042380825682388913 55.500000000000007 0.044249915931331867 0 -0.010810042014707068 0.052908324952740372 8.8125000000000018 24.500000000000004 7.5625000000000009 0.041673963806187979
decision_type=2 2 2 2 2 2 2 1 2 2 2 2 2 2
left_child=-1 2 3 -2 -4 8 7 -7 -6 10 -5 12 13 -11
right_child=1 -3 4 9 5 6 -8 -9 -10 11 -12 -13 -14 -15
leaf_value=0.045163119090340036 0.037674792026504533 -0.011589512316060389 0.020546629072236745 0.034739690022118984 0.016451501013993584 -0.005573122384254536 -0.011813388664406614 0.00073833336634445529 0.0015040498326500166 0.018473854133853534 0.0061873898046225532 -0.00020634446981615943 -0.16809811595678259 -0.088933700828487686
leaf_weight=235.85344165051356 333.9434005850926 1657.1504347529262 360.51166402362287 294.50698293745518 729.01083915308118 5573.3295431081206 1823.2529167383909 9767.5940513331443 4763.6638593208045 30.035033677704632 1258.1727377455682 1267.3473277427256 8.8489652834832651 21.40545564237982
leaf_count=28096 11807 11211 4779 11242 6341 28267 9163 52450 25444 1338 14792 13430 87 640
internal_value=0 -0.000379259 0.000328935 0.00855541 -0.000819852 -0.00115983 -0.00264716 -0.00155776 0.00348794 0.00517932 0.0116031 -0.00233332 -0.0470447 -0.0262207
internal_weight=0 27888.8 26231.6 3214.26 23017.4 22656.9 17164.2 15340.9 5492.67 2880.32 1552.68 1327.64 60.2895 51.4405
internal_count=219087 190991 179780 53336 126444 121665 89880 80717 31785 41529 26034 15495 2065 1978
cat_boundaries=0 1
cat_threshold=112
is_linear=0
shrinkage=0.05


Tree=78
num_leaves=15
num_cat=0
split_feature=0 4 0 5 4 6 0 5 6 4 3 3 3 0
split_gain=184.143 82.6316 77.4273 126.723 82.2383 60.0048 72.7174 80.0505 63.389 50.2863 42.0064 49.7701 64.3889 82.64
threshold=4.354166666666667 0.063200515514281339 25.562500000000004 -0.038532818685691424 -0.045792329623838855 0.10621976553840283 9.9375000000000018 -0.0019226148671127046 -0.017845747114749094 -1.0000000180025095e-35 137.50000000000003 71.500000000000014 58.500000000000007 15.312500000000002
decision_type=2 2 2 2 2 2 2 2 2 2 2 2 2 2
left_child=-1 2 3 -2 -5 6 7 -6 -8 -9 11 12 -10 -14
right_child=1 -3 -4 4 5 -7 8 9 10 -11 -12 -13 13 -15
leaf_value=0.048824119939152429 0.027855212861993873 -0.016113793504143114 -0.0045952869682291406 0.031290863829879459 0.047693134420875971 -0.036332374814167789 0.0095707452067850703 0.031706636530693152 0.0014475573439387264 0.0040417918194035627 -0.0059722379695044325 0.0057047283629504709 -0.036479653805322795 -0.0049440688161343296
leaf_weight=191.83226374862716 451.13230555690825 805.44291196065024 6550.6927416957915 222.45858954358846 137.90957933943719 108.66790542844683 1592.0757375676185 189.89117698883638 6714.0121904108673 1216.9745404273272 3249.1057822853327 3290.9378605224192 222.51144587621093 3130.2505724728107
leaf_count=25368 7285 5164 33105 4120 6882 1432 12881 8134 39879 22509 15860 20377 1271 14820
internal_value=0 -0.000331847 0.000137616 0.00164809 0.00105914 0.000720377 0.000924313 0.0113395 4.02457e-05 0.00777584 -0.000873432 0.000366793 -0.00137824 -0.00703698
internal_weight=0 27882.1 27076.6 20525.9 20074.8 19852.3 19743.7 1544.78 18198.9 1406.87 16606.8 13357.7 10066.8 3352.76
internal_count=219087 193719 188555 155450 148165 144045 142613 37525 105088 30643 92207 76347 55970 16091
is_linear=0
shrinkage=0.05


Tree=79
num_leaves=15
num_cat=0
split_feature=0 5 0 4 6 0 4 5 5 3 3 3 6 0
split_gain=174.748 79.8819 90.4 111.68 71.8578 55.5169 52.9449 54.7145 49.7062 45.7775 46.6556 82.6737 37.9044 37.5979
threshold=4.354166666666667 0.059113948767124502 14.437500000000002 -0.0085444011618508262 0.042375425837097962 11.937500000000002 -0.052231588671728391 -0.053979530312242195 -0.0019226148671127046 55.500000000000007 89.500000000000014 133.50000000000003 -0.028330545921700079 9.9375000000000018
decision_type=2 2 2 2 2 2 2 2 2 2 2 2 2 2
left_child=-1 2 3 5 6 -2 -4 -8 13 -9 -11 -12 -13 -5
right_child=1 -3 4 8 -6 -7 7 9 -10 10 11 12 -14 -15
leaf_value=0.048728591963628026 0.038670944933752012 -0.010931000990057581 0.025163911325177958 0.047984478991157653 -0.0088320900758296628 0.0113770455479116 0.036607910631480139 0.0044688815646117507 0.001262606423884432 -0.0045302118929923339 0.011302803075844718 0.012981282510913251 -0.0028152782437216237 0.011784589235645621
leaf_weight=182.82531475787982 352.95389546640217 1665.8652127268724 207.2549205981195 86.685434984508902 2605.0157012827694 394.60286622308195 100.1464492212981 3759.5795661900192 3674.173838712275 7334.1891621127725 1564.8737730421126 409.24804074317217 5269.6087356843054 415.70224288292229
leaf_count=25368 14066 11830 3119 3730 12897 5882 1655 21296 39491 36936 9109 3444 25445 4819
internal_value=0 -0.000314641 0.000361045 0.00646531 -0.00105346 0.0242637 3.33491e-05 -0.00024914 0.0032796 -0.000450427 -0.00171909 0.00112713 -0.0016769 0.0180308
internal_weight=0 27839.9 26174 4924.12 21249.9 747.557 18644.9 18437.6 4176.56 18337.5 14577.9 7243.73 5678.86 502.388
internal_count=219087 193719 181889 67988 113901 19948 101004 97885 48040 96230 74934 37998 28889 8549
is_linear=0
shrinkage=0.05


Tree=80
num_leaves=15
num_cat=1
split_feature=0 4 0 4 0 5 3 7 4 0 0 4 5 3
split_gain=160.367 74.3803 104.335 56.7186 53.625 53.2079 50.6268 54.3217 44.8768 42.1365 41.7772 36.3726 35.3316 35.1116
threshold=4.229166666666667 0.045004205370941956 7.5625000000000009 -0.045792329623838855 21.104166666666668 -0.042466943740829079 45.500000000000007 0 -0.022085574471973554 11.187500000000002 27.395833333333339 0.080415482236921895 0.059113948767124502 137.50000000000003
decision_type=2 2 2 2 2 2 2 1 2 2 2 2 2 2
left_child=-1 2 -2 10 11 -5 8 9 -7 -8 -4 -3 -10 -9
right_child=1 4 3 5 -6 6 7 13 12 -11 -12 -13 -14 -15
leaf_value=0.049148196256957558 0.025204342236970562 -0.0020278884074719679 0.026528324403639364 0.018257600687188756 -0.018898757286332515 0.028035759402218648 -0.036239717083843312 0.0040666911101348603 0.006170117523781337 -0.003631788677370365 -0.012767751755859844 -0.029341010768117105 -0.011282371061263403 -0.001532518124607985
leaf_weight=166.29756282875314 430.50050885835662 2110.0158233819529 334.95159558393061 394.67755774501711 770.42307133227587 210.97705266997218 100.15749831870198 5461.0300533175468 2471.9094015322626 9143.722648864612 84.749985300004482 129.36406562570482 328.53636837378144 5745.6597408428788
leaf_count=24276 21199 13283 6006 5611 4719 3993 1207 37130 22099 46675 927 857 1704 28851
internal_value=0 -9.91876e-05 0.000804854 0.000372171 -0.00752029 5.16131e-05 -0.000254648 -0.00114592 0.00579799 -0.00398079 0.0185933 -0.00360571 0.00412267 0.00119492
internal_weight=0 27716.7 24706.9 24276.4 3009.8 23856.7 23462 20450.6 3011.42 9243.88 419.702 2239.38 2800.45 11206.7
internal_count=218537 194261 175402 154203 18859 147270 141659 113863 27796 47882 6933 14140 23803 65981
cat_boundaries=0 1
cat_threshold=81
is_linear=0
shrinkage=0.05


Tree=81
num_leaves=15
num_cat=0
split_feature=0 5 0 5 6 3 4 6 0 6 4 6 5 0
split_gain=152.311 69.4418 85.979 74.314 69.3422 60.7027 54.9163 53.6464 54.4739 44.4928 41.4141 35.4016 35.0048 31.1661
threshold=4.229166666666667 0.068580909425300832 9.8125000000000018 -0.0019226148671127046 0.02531908297470982 44.500000000000007 0.038540610209601089 -0.042380825682388913 28.562500000000004 0.052908324952740372 0.055521266246437544 0.066257519634663906 -0.051276020937356774 27.895833333333339
decision_type=2 2 2 2 2 2 2 2 2 2 2 2 2 2
left_child=-1 2 3 -2 5 6 -4 8 -7 -5 12 13 -9 -6
right_child=1 -3 4 9 11 7 -8 10 -10 -11 -12 -13 -14 -15
leaf_value=0.049071629917806371 0.047965479121005815 -0.014315636489760026 0.017535825694188715 0.020695529980322581 -0.0018989954035553284 0.027327958242164208 -0.019655640118839121 0.026704676542402078 -0.034569755124138075 0.0016336712527590181 -0.020978469284487038 -0.012003950949606493 0.00046634893823741306 -0.015894321581650172
leaf_weight=158.42780268285424 131.91232654312626 832.49129877518862 902.82696724496782 482.66782225714996 7367.4926922153682 308.7560660187155 111.51532747596502 128.22157784178853 40.169478069990873 836.94878872437403 223.77506399154663 1163.8313324600458 14725.49980019033 420.49607762694359
leaf_count=24276 7745 6308 10179 15598 39361 4341 603 2180 440 15197 1172 5848 83060 2229
internal_value=0 -9.36941e-05 0.000347358 0.0121827 -0.000329194 0.00159882 0.013447 0.000819756 0.0202021 0.00860581 0.000371207 -0.00387015 0.000692846 -0.00265464
internal_weight=0 27676.6 26844.1 1451.53 25392.6 16440.8 1014.34 15426.4 348.926 1319.62 15077.5 8951.82 14853.7 7787.99
internal_count=218537 194261 187953 38540 149413 101975 10782 91193 4781 30795 86412 47438 85240 41590
is_linear=0
shrinkage=0.05


Tree=82
num_leaves=15
num_cat=2
split_feature=3 4 5 6 7 3 5 3 6 6 7 3 4 5
split_gain=72.784 67.024 62.401 57.2384 47.9045 72.3462 57.0462 46.1808 54.9217 51.6525 45.0591 52.0795 44.3237 39.7132
threshold=38.500000000000007 0.057379187083643333 0.014088323981831369 -0.042380825682388913 0 131.50000000000003 -0.016055782409125991 55.500000000000007 0.053437664132335923 0.013336890786197085 1 92.500000000000014 -0.015916037190348131 0.051549411459182633
decision_type=2 2 2 2 1 2 2 2 2 2 1 2 2 2
left_child=2 3 -1 -2 7 6 -6 9 -9 -5 -8 -12 -4 -7
right_child=1 -3 12 4 5 13 10 8 -10 -11 11 -13 -14 -15
leaf_value=0.023284935552652805 0.020057654981767245 -0.013170461501230763 0.045764559417137148 0.0077169586909958668 0.018775788762351232 -0.00094548767475103864 -0.0019263382244082521 -0.0043182106608046673 -0.025534196490053309 -0.0030565914557863639 0.018738445728577923 0.0039901755040689891 0.0023680026103645663 -0.019358796279627066
leaf_weight=561.38436135277152 348.77779053710401 1014.0566593757831 61.10836893087253 1821.4522680025548 738.80386404087767 6437.2142527289689 2020.6823127456009 6480.9730042144656 320.10689855366945 2858.4911504592746 793.12160204863176 2440.3912463383749 1584.3809371804819 306.78214259445667
leaf_count=16812 4904 6700 2675 13946 8429 33621 10530 33114 1791 16273 18565 16248 33237 1692
internal_value=0 -0.000573355 0.0088905 -5.33778e-05 -0.000343009 0.00176779 0.00576661 -0.00268393 -0.00531678 0.00113652 0.00393736 0.0075842 0.00397962 -0.0017831
internal_weight=0 25580.9 2206.87 24566.8 24218 12737 5993 11481 6801.08 4679.94 5254.2 3233.51 1645.49 6744
internal_count=218537 165813 52724 159113 154209 89085 53772 65124 34905 30219 45343 34813 35912 35313
cat_boundaries=0 1 2
cat_threshold=81 32
is_linear=0
shrinkage=0.05


Tree=83
num_leaves=15
num_cat=1
split_feature=0 5 0 6 3 6 0 4 5 5 4 0 4 7
split_gain=143.219 61.8087 76.2463 54.973 65.5095 52.4325 51.4417 45.9729 45.7237 37.9179 38.5611 36.1936 36.0218 34.9576
threshold=4.229166666666667 0.068580909425300832 7.4375000000000009 0.066257519634663906 38.500000000000007 -0.042380825682388913 28.562500000000004 0.064879261445452821 0.029817347789824856 -0.051276020937356774 -0.052231588671728391 18.937500000000004 0.0064250774577653078 0
decision_type=2 2 2 2 2 2 2 2 2 2 2 2 2 1
left_child=-1 2 8 4 -4 6 -6 9 -2 -7 -11 -5 -10 -12
right_child=1 -3 3 11 5 7 -8 -9 12 10 13 -13 -14 -15
leaf_value=0.048977166557742383 0.040095886649752048 -0.013526749239394682 0.011984735610191479 -0.0060438949988381964 0.026455031452926422 0.026441433454820053 -0.033486488402974079 -0.019153070451458209 0.051086502907688874 0.02448207675527617 -0.0024173894456134891 -0.027892642702774296 -5.9164840986472029e-05 0.0015154001387648562
leaf_weight=149.49675245769322 181.62339949561283 830.61085829185322 1191.3285721158609 1330.5052283983678 302.65567594766617 134.21410655137151 40.593925438821316 319.56772683560848 40.521840666886419 156.98689963854849 10919.650541722775 221.03712000697851 228.85108842328191 11688.88648979459
leaf_count=24276 12476 6308 15281 7687 4461 2387 440 1844 2381 2457 60380 1413 6980 69766
internal_value=0 -9.42238e-05 0.000322768 -2.67177e-05 0.000545527 -3.28417e-05 0.0193661 -0.000319616 0.0207073 -5.67932e-05 -0.000213013 -0.00915653 0.00763469 -0.000384489
internal_weight=0 27587 26756.4 26305.4 24753.9 23562.6 343.25 23219.3 450.996 22899.7 22765.5 1551.54 269.373 22608.5
internal_count=218537 194261 187953 166116 157016 141735 4901 136834 21837 134990 132603 9100 9361 130146
cat_boundaries=0 1
cat_threshold=81
is_linear=0
shrinkage=0.05


Tree=84
num_leaves=15
num_cat=0
split_feature=0 4 0 6 3 6 0 5 0 5 6 0 3 5
split_gain=136.008 57.6599 80.5386 46.2939 85.0456 42.5757 41.6527 39.0128 48.7224 37.9472 36.4734 48.3573 35.3576 33.5268
threshold=4.229166666666667 0.036188487921264549 7.5625000000000009 0.026111665924687066 44.500000000000007 0.083339865182630521 22.604166666666668 0.049739191610598699 14.562500000000002 -0.0089878460747594893 -0.042380825682388913 28.562500000000004 25.500000000000004 0.056125734599486062
decision_type=2 2 2 2 2 2 2 2 2 2 2 2 2 2
left_child=-1 2 5 4 9 -2 -3 8 -6 -4 11 -10 13 -7
right_child=1 6 3 -5 7 12 -8 -9 10 -11 -12 -13 -14 -15
leaf_value=0.048895800436853938 0.035237048673519476 -0.0025194294375990977 0.034484831835838677 -0.002744022051231346 0.013478203052918573 -0.12234857808682889 -0.013552906469751212 -0.014093669998573762 0.024742832632479336 0.011048233517111331 0.0004837389736719677 -0.033443263793059411 0.013721448436452621 0.0076222190067684915
leaf_weight=142.4364587366581 254.06660666083917 3783.7405451871455 226.65852771606296 7032.1942420350388 818.34178626444191 11.197680368088188 1105.2343145683408 405.3767037242651 284.43425147607923 725.71251673437655 12808.003218352795 40.834157336503267 50.143368082121015 8.9098757714964432
leaf_count=24276 16540 24026 4837 43264 12663 530 6520 2023 4142 8234 69059 437 1658 328
internal_value=0 -8.89696e-05 0.00097329 0.00061419 0.00215675 0.0257109 -0.00501373 0.00119693 0.00164121 0.016626 0.000903645 0.0174382 -0.00874106 -0.0647571
internal_weight=0 27554.8 22665.9 22341.6 15309.4 324.318 4888.97 14357 13951.6 952.371 13133.3 325.268 70.2509 20.1076
internal_count=218537 194261 163715 144659 101395 19056 30546 88324 86301 13071 73638 4579 2516 858
is_linear=0
shrinkage=0.05


Tree=85
num_leaves=15
num_cat=0
split_feature=0 4 0 4 5 6 0 6 0 3 6 0 5 3
split_gain=133.622 60.2419 64.9141 132.681 59.4048 55.9473 47.5416 46.7078 39.5112 37.258 39.3043 55.7476 41.0381 37.7644
threshold=4.229166666666667 0.080415482236921895 13.812500000000002 -0.020323988356440646 -1.0000000180025095e-35 0.0053490241857723688 28.645833333333339 -0.054131883293699355 27.895833333333339 112.50000000000001 0.091956576132191589 6.4375000000000009 0.087694929441249334 24.500000000000004
decision_type=2 2 2 2 2 2 2 2 2 2 2 2 2 2
left_child=-1 2 3 -2 -5 6 7 -4 -7 10 11 -6 -13 -12
right_child=1 -3 5 4 9 8 -8 -9 -10 -11 13 12 -14 -15
leaf_value=0.049181180786860838 0.037181974059096588 -0.032319565283837087 0.040227811063187763 0.01892778638804592 0.032045090927406081 -0.0028492729079661527 -0.0065392441890478117 0.0025212019883017779 -0.012860938359478378 -0.012562306207953143 -0.059407625666763511 0.0034492627462601021 -0.035799604093318366 -0.0076230040873127977
leaf_weight=135.82548851892352 297.06397606246173 148.26145174913108 82.9818180128932 505.91911860136315 169.44522037170827 11623.531395060942 1594.4910385161638 7987.3210592959076 1076.7708601206541 464.4636095687747 39.674981832038611 3178.7217978434637 68.02507483586669 312.58345157885924
leaf_count=24300 10876 994 1482 11288 10386 56716 7656 50835 5315 3089 1015 31262 366 3291
internal_value=0 -0.000533732 -0.000361745 0.00476691 0.0027349 -0.00151655 0.00135016 0.00290892 -0.00369809 0.000799522 0.00244637 0.00408609 0.00262693 -0.0134555
internal_weight=0 27549.3 27401 5035.9 4738.83 22365.1 9664.79 8070.3 12700.3 4232.91 3768.45 3416.19 3246.75 352.258
internal_count=218871 194571 193577 71573 60697 122004 59973 52317 62031 49409 46320 42014 31628 4306
is_linear=0
shrinkage=0.05


Tree=86
num_leaves=15
num_cat=0
split_feature=0 0 5 5 0 6 5 1 6 0 0 5 6 0
split_gain=126.818 50.6987 63.9319 49.9199 55.136 47.8436 42.0672 40.0714 46.0662 70.8376 33.8511 32.1145 31.3715 30.9797
threshold=4.229166666666667 27.562500000000004 -0.038532818685691424 0.076272691426696668 7.5625000000000009 -0.028330545921700079 0.030209536818567081 20.500000000000004 0.0670326322063068 12.312500000000002 16.562500000000004 0.049739191610598699 0.017939901731499563 20.062500000000004
decision_type=2 2 2 2 2 2 2 2 2 2 2 2 2 2
left_child=-1 2 10 4 6 13 -4 8 9 12 -2 -3 -7 -6
right_child=1 11 3 -5 5 7 -8 -9 -10 -11 -12 -13 -14 -15
leaf_value=0.049112440532209901 0.045790157187540856 -0.0051104162673873861 0.035823444688842111 -0.01657313260128072 0.02553499732556096 0.025784929274316349 0.0057201919727970845 -0.004455967580047895 -0.0090381943942560716 0.00022615817760922169 0.011857734629658676 -0.031579524148809227 0.0079666463343716111 0.0052517012332273221
leaf_weight=129.37753692083061 88.077302639372647 3572.8976848237216 182.36300301132724 448.50510682212189 263.79995286185294 311.56022773031145 319.16565572470427 5079.2216150676832 1145.9397117104381 13688.666489595547 444.06325291842222 118.3914817944169 1192.618191100657 657.34244791418314
leaf_count=24300 2590 17747 12998 3494 3706 7327 10379 31130 6593 71886 5989 821 14454 5457
internal_value=0 -0.000506855 0.000338052 -5.34935e-05 0.00027089 -9.71947e-05 0.0166662 -0.000577063 0.000628768 0.00135791 0.0174741 -0.00595937 0.0116573 0.0110605
internal_weight=0 27512.6 23821.3 23289.2 22840.7 22339.1 501.529 21418 16338.8 15192.8 532.141 3691.29 1504.18 921.142
internal_count=218871 194571 176003 167424 163930 140553 23377 131390 100260 93667 8579 18568 21781 9163
is_linear=0
shrinkage=0.05


Tree=87
num_leaves=15
num_cat=1
split_feature=0 4 0 4 0 5 5 3 7 5 0 0 3 5
split_gain=120.361 54.9502 102.922 51.4976 39.8223 64.2382 45.1621 44.4581 37.7651 34.0694 31.987 30.8719 43.716 29.6337
threshold=4.229166666666667 -0.026199903821542418 13.937500000000002 0.080415482236921895 13.312500000000002 -1.0000000180025095e-35 0.068580909425300832 112.50000000000001 0 -0.048955418728810256 9.9375000000000018 25.104166666666668 57.500000000000007 0.087694929441249334
decision_type=2 2 2 2 2 2 2 2 1 2 2 2 2 2
left_child=-1 2 -2 4 5 10 9 13 11 -6 -3 -4 -13 -7
right_child=1 3 8 -5 6 7 -8 -9 -10 -11 -12 12 -14 -15
leaf_value=0.049041680970775159 0.041826411613819545 0.045046320317613131 0.0038956903647865194 -0.030605051996930394 0.026780122387721483 0.0038831202934352105 -0.021776402821146852 -0.014943224004000997 0.010263272958941076 -0.0017679265618531456 0.013801493722763264 -0.060909858196753319 -0.0080687479387258933 -0.02336339146067647
leaf_weight=123.2408644030802 193.1406206577085 107.1429883306846 637.19243798777461 147.62714941985905 105.04867282882333 3356.7408112408593 281.76440680772066 380.03435012884438 1072.2697235476226 20328.951360154897 347.8698687646538 43.687725517898798 376.12629087641835 102.85151130566373
leaf_count=24300 7869 6246 6771 994 1495 45093 1780 2722 10058 101830 5587 338 2865 923
internal_value=0 -0.000481366 0.0068775 -0.00116069 -0.000986887 0.00339499 -0.00189531 0.0012899 0.00370739 -0.00162116 0.0211588 -0.00301177 -0.0135676 0.0030731
internal_weight=0 27480.4 2322.42 25158 25010.4 4294.64 20715.8 3839.63 2129.28 20434 455.013 1057.01 419.814 3459.59
internal_count=218871 194571 27901 166670 165676 60571 105105 48738 20032 103325 11833 9974 3203 46016
cat_boundaries=0 1
cat_threshold=82
is_linear=0
shrinkage=0.05


Tree=88
num_leaves=15
num_cat=0
split_feature=0 4 0 4 0 5 5 3 6 6 0 1 5 3
split_gain=114.23 49.9092 97.6708 46.6235 36.0186 59.3691 41.3368 39.9328 38.838 36.9675 50.1333 38.1563 47.8021 32.2527
threshold=4.229166666666667 -0.026199903821542418 13.937500000000002 0.080415482236921895 13.312500000000002 -1.0000000180025095e-35 0.068580909425300832 112.50000000000001 0.074629609306409148 0.091956576132191589 6.4375000000000009 16.500000000000004 0.087694929441249334 24.500000000000004
decision_type=2 2 2 2 2 2 2 2 2 2 2 2 2 2
left_child=-1 2 -2 4 5 -3 8 9 -6 10 -7 12 -12 -11
right_child=1 3 -4 -5 6 7 -8 -9 -10 13 11 -13 -14 -15
leaf_value=0.048968749119901483 0.041335079441414534 0.020486709449112198 0.0035355377383337592 -0.029159091120005382 -0.0012771093002916598 0.031476685535744044 -0.020931848974563398 -0.014100305222580154 -0.019614711160298087 -0.05382534634273272 0.0087523714118231833 -0.0043122598801163632 -0.043973041874526247 -0.0069104751248224572
leaf_weight=117.40058932034299 185.85009212419391 446.75334900571033 2123.8858685083687 147.2112454418093 20141.506798954681 165.03045220160857 278.55966804176569 382.54858446121216 292.94267493486404 41.584710369352251 1813.248380811885 1081.2197993090376 44.031903609633446 307.71953166648746
leaf_count=24300 7869 11833 20032 994 101787 10753 1780 2722 1538 1020 19953 10782 237 3271
internal_value=0 -0.00045684 0.00657703 -0.00110302 -0.000937778 0.00323665 -0.00180078 0.00122733 -0.00153999 0.00292551 0.00466118 0.00315518 0.00750237 -0.0124957
internal_weight=0 27452.1 2309.74 25142.4 24995.1 4282.14 20713 3835.38 20434.4 3452.83 3103.53 2938.5 1857.28 349.304
internal_count=218871 194571 27901 166670 165676 60571 105105 48738 103325 46016 41725 30972 20190 4291
is_linear=0
shrinkage=0.05


Tree=89
num_leaves=15
num_cat=1
split_feature=3 7 3 6 6 4 5 4 4 3 5 5 4 3
split_gain=48.0142 85.7499 96.6752 71.7805 63.843 54.2936 52.0506 44.273 36.4704 35.8068 34.617 34.228 30.7004 29.1317
threshold=49.500000000000007 0 136.50000000000003 -0.021863649973313196 0.03149734144897743 -0.027211782995893202 -0.01953554393125741 0.036188487921264549 -0.033782105503416975 17.500000000000004 -1.0000000180025095e-35 0.048546118934468453 0.076391541465070892 55.500000000000007
decision_type=2 1 2 2 2 2 2 2 2 2 2 2 2 2
left_child=3 2 5 -1 13 -2 -5 -4 -8 -10 -7 -6 -11 -3
right_child=1 4 7 6 11 10 8 -9 9 12 -12 -13 -14 -15
leaf_value=0.035814262363505073 0.030625042199579833 0.0033175520434569452 -0.00040240958287431891 0.023786824273068628 -0.0091321062942606411 0.015643681392696392 0.035013902133355687 -0.012783770518299667 0.044877635413243924 0.0013503461850435355 0.0040297375219234179 -0.025803634832973533 -0.027565926912050683 -0.0038794220772092446
leaf_weight=170.65569948777556 243.15636574709788 1760.8818192146719 5684.8369101434946 282.45132299140096 1963.6180173903704 797.81715816399083 81.092596493661404 827.04868773370981 46.532241190318018 4963.7177797900513 3276.9336908669211 365.11891769617796 93.520353997126222 6978.0047466307878
leaf_count=2638 4943 10750 30745 5805 9811 9022 2668 4432 10344 58640 28423 2272 1090 37288
internal_value=0 -0.00129284 0.00187017 0.00388135 -0.00438561 0.00767331 0.0028846 -0.00197492 0.00174593 0.00121734 0.00630369 -0.011746 0.000815616 -0.00242923
internal_weight=0 21897.4 10829.8 5637.97 11067.6 4317.91 5467.31 6511.89 5184.86 5103.77 4074.75 2328.74 5057.24 8738.89
internal_count=218871 137686 77565 81185 60121 42388 78547 35177 72742 70074 37445 12083 59730 48038
cat_boundaries=0 1
cat_threshold=142
is_linear=0
shrinkage=0.05


Tree=90
num_leaves=15
num_cat=0
split_feature=0 4 5 0 0 6 6 6 0 3 5 3 3 4
split_gain=105.542 49.183 44.6865 43.6243 41.7476 65.6029 58.8783 41.4648 43.89 40.6456 49.0292 43.8872 85.7905 36.9171
threshold=4.229166666666667 -0.045792329623838855 -0.051276020937356774 27.312500000000004 9.1875000000000018 0.052369490592378852 0.10621976553840283 0.041501811452550379 20.645833333333339 50.500000000000007 0.06753188671793324 70.500000000000014 123.50000000000001 0.036188487921264549
decision_type=2 2 2 2 2 2 2 2 2 2 2 2 2 2
left_child=-1 3 -3 -2 5 -4 7 9 -9 -6 11 -11 -13 -14
right_child=1 2 4 -5 6 -7 -8 8 -10 10 -12 12 13 -15
leaf_value=0.048866739532971715 0.026146221709714396 0.029957426518853383 0.024462618808823985 -0.014040600419755151 0.0052282086561783068 0.0005408107716238286 -0.064073798384725975 -0.0023969110872634528 -0.013239855438858545 -0.0030330907117246345 -0.029304780904697111 0.013091309761325659 0.00088964465281229921 -0.011460670619353082
leaf_weight=109.95364595577121 307.46791910938919 120.09628904145211 416.73428711574525 86.537364963442087 3188.4745068503544 917.78298601461574 37.017140492796898 3914.3496263753623 1225.4579877927899 9111.8221067916602 150.78456515073776 1440.7426916435361 5796.6087653562427 675.60164603590965
leaf_count=24339 6311 2368 18599 948 25582 18134 162 20871 7179 46827 903 12548 30707 3394
internal_value=0 -0.000218217 -0.000474188 0.0173198 -0.000610176 0.00801096 -0.00106063 -0.000969173 -0.00498214 4.36849e-05 -0.000918771 -0.000667363 0.00205679 -0.000399543
internal_weight=0 27389.5 26995.5 394.005 26875.4 1334.52 25540.9 25503.8 5139.81 20364 17175.6 17024.8 7912.95 6472.21
internal_count=218872 194533 187274 7259 184906 36733 148173 148011 28050 119961 94379 93476 46649 34101
is_linear=0
shrinkage=0.05


Tree=91
num_leaves=15
num_cat=0
split_feature=0 4 0 6 0 4 4 0 3 3 3 6 4 0
split_gain=100.204 45.0929 40.392 40.3381 87.0465 46.8749 36.4607 35.0752 32.4378 51.6728 77.9477 35.474 34.8344 33.0121
threshold=4.229166666666667 -0.045792329623838855 27.312500000000004 0.074629609306409148 9.1875000000000018 -1.0000000180025095e-35 0.080415482236921895 16.937500000000004 50.500000000000007 71.500000000000014 123.50000000000001 -0.028330545921700079 0.018874910061263125 12.062500000000002
decision_type=2 2 2 2 2 2 2 2 2 2 2 2 2 2
left_child=-1 2 -2 4 5 -3 8 -5 -6 13 12 -12 -11 -10
right_child=1 3 -4 7 6 -7 -8 -9 9 10 11 -13 -14 -15
leaf_value=0.048788034645316877 0.025411238611768291 0.042450404197794556 -0.013193468837909473 -0.0060684098184852001 0.0033475236583390155 0.010634930179806455 -0.035744370623457027 -0.031791647163462097 -0.030264664026707112 0.015239403213654227 0.012721907326753873 -0.0019843546323570788 0.0027455482877730909 -0.0034465888927379708
leaf_weight=104.75567419012077 300.71711416821927 140.38077417481691 87.46446330472827 1163.6436132891104 4618.6362911714241 660.42367028817534 73.315080687403679 149.5545045658946 116.04398715030402 1212.5977354217321 435.37374426983297 7052.0575321130455 1033.3110168986022 10302.872761303559
leaf_count=24339 6311 10337 948 11970 33984 17531 435 959 1180 11647 4003 36028 5667 53533
internal_value=0 -0.000207185 0.0167129 -0.000450824 -1.31547e-05 0.0162122 -0.000536146 -0.00899792 -0.00043194 -0.00129814 0.00132136 -0.00112923 0.00949116 -0.00374528
internal_weight=0 27346.4 388.182 26958.2 25645 800.804 24844.2 1313.2 24770.9 20152.3 9733.34 7487.43 2245.91 10418.9
internal_count=218872 194533 7259 187274 174345 27868 146477 12929 146042 112058 57345 40031 17314 54713
is_linear=0
shrinkage=0.05


Tree=92
num_leaves=15
num_cat=2
split_feature=5 3 7 6 6 4 3 7 3 4 6 6 4 3
split_gain=42.7298 60.2626 45.5185 47.672 37.8729 34.2824 34.7425 39.994 66.5591 45.8003 29.7543 26.9204 25.4793 29.408
threshold=0.0075807609538458467 45.500000000000007 0 0.050748402376964361 -0.033514047232764875 -0.031948182688879403 55.500000000000007 1 134.50000000000003 0.061841202908876347 0.054549882655094549 -0.054131883293699355 0.076391541465070892 17.500000000000004
decision_type=2 2 1 2 2 2 2 1 2 2 2 2 2 2
left_child=1 -1 3 -3 -2 -6 12 8 -8 10 -9 -4 13 -7
right_child=4 2 11 -5 5 6 7 9 -10 -11 -12 -13 -14 -15
leaf_value=0.014157051054910427 0.025111660018600504 -0.0032164513198794983 0.036034574460589379 -0.040408936769968248 0.014756824858101919 0.047331813929891803 0.0041205043774087203 -0.0059002807838952308 -0.0066414476631908945 -0.038761706535230492 -0.022945808764590726 0.0027425180378009332 -0.023689760061198023 0.0010630837893239331
leaf_weight=968.27642015391029 129.78146355785429 2681.9967796821147 61.164586620405316 89.017078991979361 298.68436474842019 34.571614063112065 2728.2608945071697 3329.6906632892787 3034.8351198844612 118.81256479024887 277.34116022288799 8377.8746587717906 103.44533932162449 5180.4616672208067
leaf_count=20474 904 16438 1147 446 3446 8773 22636 15681 14674 864 1708 57987 1550 52144
internal_value=0 0.00218953 0.00115583 -0.00439537 -0.00178326 -0.00201432 -0.00235262 -0.00416582 -0.00154404 -0.00819502 -0.00721089 0.00298028 0.000882396 0.00136981
internal_weight=0 12178.3 11210.1 2771.01 15235.9 15106.1 14807.4 9488.94 5763.1 3725.84 3607.03 8439.04 5318.48 5215.03
internal_count=218872 96492 76018 16884 122380 121476 118030 55563 37310 18253 17389 59134 62467 60917
cat_boundaries=0 1 2
cat_threshold=17 142
is_linear=0
shrinkage=0.05


Tree=93
num_leaves=15
num_cat=1
split_feature=0 5 0 6 6 0 4 7 0 4 0 3 4 4
split_gain=93.4561 43.1751 89.974 41.3448 35.3312 34.289 34.2288 30.7631 45.6741 33.6313 35.7766 34.7263 58.2569 30.1243
threshold=4.229166666666667 0.0075807609538458467 10.687500000000002 0.069163515820171731 -0.033514047232764875 27.812500000000004 -0.031948182688879403 0 29.187500000000004 0.044417696863185856 13.062500000000002 128.50000000000003 0.01284877500845687 0.076391541465070892
decision_type=2 2 2 2 2 2 2 1 2 2 2 2 2 2
left_child=-1 2 -2 7 -3 6 -6 -4 9 10 11 -9 -13 -8
right_child=1 4 3 -5 5 -7 13 8 -10 -11 -12 12 -14 -15
leaf_value=0.048678823518884418 0.030067399297091658 0.024166425634114294 -0.0026722055105578464 -0.032623784995256831 0.016709101360858847 -0.01033823392715608 -0.0015397871436160695 0.029037555383544539 -0.0088019663832430584 -0.012347490900986099 0.0041894371359496975 0.022517627019213258 -0.096252530014832971 -0.020543984213661756
leaf_weight=98.174241671338677 279.50587074225768 128.15698296949267 3074.6369752576575 88.79269115626812 253.44446887774393 1191.0688603073359 13345.083177239168 253.95230332668871 732.84100583940744 294.2416845113039 7377.9477777089924 30.065873136743903 15.724273495376108 211.83463615179062
leaf_count=24339 14655 904 20354 440 2874 5984 90379 4613 3375 1378 47482 545 118 1432
internal_value=0 -0.000192619 0.00202738 0.00136701 -0.00197508 -0.00219841 -0.00149639 0.00162323 0.0031399 0.00424163 0.00487739 0.0218109 -0.0182679 -0.00183674
internal_weight=0 27277.3 12147.7 11868.2 15129.6 15001.4 13810.4 11779.4 8704.77 7971.93 7677.69 299.742 45.7901 13556.9
internal_count=218872 194533 92960 78305 101573 100669 94685 77865 57511 54136 52758 5276 663 91811
cat_boundaries=0 1
cat_threshold=17
is_linear=0
shrinkage=0.05


Tree=94
num_leaves=15
num_cat=0
split_feature=0 4 5 0 6 0 5 5 0 3 3 3 5 0
split_gain=88.718 39.1862 40.5497 37.1208 34.0005 78.0601 45.5377 35.3796 31.4056 29.3297 30.572 63.9205 40.412 32.0559
threshold=4.229166666666667 -0.045792329623838855 -0.051276020937356774 27.312500000000004 0.074629609306409148 9.1875000000000018 0.022731128728753436 0.068580909425300832 16.937500000000004 45.500000000000007 72.500000000000014 123.50000000000001 -0.0093438963839139952 11.187500000000002
decision_type=2 2 2 2 2 2 2 2 2 2 2 2 2 2
left_child=-1 3 -3 -2 5 6 -4 9 -6 -7 13 12 -12 -11
right_child=1 2 4 -5 8 7 -8 -9 -10 10 11 -13 -14 -15
leaf_value=0.048593414233097668 0.024363420880957307 0.029059593791843304 0.033888028397771185 -0.012684519988737295 -0.0056519296690056165 0.0045095898414217643 0.0075477621944985479 -0.014619665875314753 -0.030273982124612166 -0.027281385726298197 0.025465084686802059 -0.0010834909863958382 0.0059120483675212457 -0.0023978713156687028
leaf_weight=93.546284009702504 291.52053455449641 116.23984283767641 233.73410654580221 88.02958394959569 1165.3760051494464 2732.9932746747509 550.65884921886027 443.51512236893177 145.70011527091265 130.85637640487403 308.78842292539775 7361.3823474850506 1832.2834939705208 11848.545624814928
leaf_count=24339 6311 2368 14845 948 11970 22749 12969 2516 959 1589 3885 38811 12781 61832
internal_value=0 -0.000182664 -0.000408013 0.0157708 -0.000536044 -0.00013142 0.0153967 -0.000625375 -0.00838818 -0.000369057 -0.000989735 0.00112812 0.00873201 -0.00266969
internal_weight=0 27249.6 26870.1 379.55 26753.8 25442.8 784.393 24658.4 1311.08 24214.8 21481.9 9502.45 2141.07 11979.4
internal_count=218872 194533 187274 7259 184906 171977 27814 144163 12929 141647 118898 55477 16666 63421
is_linear=0
shrinkage=0.05


Tree=95
num_leaves=15
num_cat=1
split_feature=0 5 0 0 5 6 6 0 5 4 4 4 7 1
split_gain=81.2637 46.0012 47.452 42.6499 41.6569 41.5331 35.517 46.575 45.866 32.4795 31.7698 30.2276 28.6303 25.6835
threshold=4.229166666666667 0.050316349140194359 6.3125000000000009 17.562500000000004 -0.057602395880464514 0.10621976553840283 0.074629609306409148 10.437500000000002 -1.0000000180025095e-35 -0.052231588671728391 0.066547560531876201 -1.0000000180025095e-35 0 20.500000000000004
decision_type=2 2 2 2 2 2 2 2 2 2 2 2 1 2
left_child=-1 2 -2 5 -4 12 7 8 -6 -9 13 -10 -3 -11
right_child=1 3 4 -5 6 -7 -8 9 11 10 -12 -13 -14 -15
leaf_value=0.047934430315978667 0.029688128328187315 0.0072704263276543004 0.038088612774197367 -0.015541390290193358 0.04189601263608192 -0.033508351514223107 -0.010876352161882439 0.02184122648355144 0.031305900344812274 0.001307943533844502 -0.018450386216180562 0.0029643077042575097 -0.0052994052355286444 -0.0026766507688619824
leaf_weight=88.76286562695168 140.48041526554152 734.22063230676576 73.659698165487498 831.76842275261879 114.92111863475293 99.650291337631643 675.17212558910251 174.30890100821853 113.0507951201871 17066.450312285684 226.65523838996887 560.63064161874354 1147.834166246932 5300.0717621911317
leaf_count=24228 11526 5488 1637 5218 6848 1163 4847 3223 5379 98608 1301 10587 8473 30407
internal_value=0 1.53466e-05 0.000712171 -0.00603915 0.000544693 -0.00205083 0.000430565 0.000754647 0.0127007 0.00034087 0.000174992 0.00772032 -0.000385234 0.000363736
internal_weight=0 27258.9 24445.4 2813.47 24304.9 1981.71 24231.3 23556.1 788.603 22767.5 22593.2 673.681 1882.05 22366.5
internal_count=218933 194705 174363 20342 162837 15124 161200 156353 22814 133539 130316 15966 13961 129015
cat_boundaries=0 1
cat_threshold=141
is_linear=0
shrinkage=0.05


Tree=96
num_leaves=15
num_cat=1
split_feature=0 5 0 0 5 4 7 5 4 3 3 4 3 3
split_gain=77.1164 41.5944 44.1815 39.0378 38.9918 32.0328 31.1362 30.735 29.8479 31.7516 37.2998 29.5939 26.9932 50.3883
threshold=4.229166666666667 0.050316349140194359 6.3125000000000009 17.562500000000004 -0.057602395880464514 -0.052231588671728391 0 0.06753188671793324 0.06068337758964519 24.500000000000004 43.500000000000007 0.0017618049623552318 72.500000000000014 123.50000000000001
decision_type=2 2 2 2 2 2 1 2 2 2 2 2 2 2
left_child=-1 2 -2 6 -4 -6 7 11 9 -7 -11 -3 -12 -14
right_child=1 3 4 -5 5 8 -8 -9 -10 10 12 -13 13 -15
leaf_value=0.047815841649507147 0.029041017893208357 -0.019574372253121478 0.037463425426864136 -0.014887301684539318 0.021745146004944094 -0.048238159783773077 -0.0044067334010183794 -0.0081489270751217181 -0.011252528524929429 0.0067284785217818126 -0.0016065394888188673 0.036730310441367882 0.0088436920669750126 -1.642742545144914e-05
leaf_weight=84.638048253254965 136.53153730602935 28.051049053668976 71.207123946864158 825.07208946347237 174.65675763553008 33.336249898653477 1719.6379348598421 96.75418412219733 550.6210836879909 2240.9856004184112 12072.038100600708 138.88391819922253 2075.8847353649326 7069.5623266454786
leaf_count=24228 11526 265 1637 5218 3567 1407 13115 726 3232 26729 68305 1018 20093 37867
internal_value=0 1.51212e-05 0.000677721 -0.00574755 0.000518283 0.000409651 -0.00194538 0.0137518 0.000254659 0.000524374 0.000593669 0.0272691 -5.4288e-05 0.00199469
internal_weight=0 27233.2 24424.8 2808.4 24288.3 24217.1 1983.33 263.689 24042.4 23491.8 23458.5 166.935 21217.5 9145.45
internal_count=218933 194705 174363 20342 162837 161200 15124 2009 157633 154401 152994 1283 126265 57960
cat_boundaries=0 1
cat_threshold=12
is_linear=0
shrinkage=0.05


Tree=97
num_leaves=15
num_cat=1
split_feature=0 6 0 0 5 4 6 0 7 4 3 5 5 5
split_gain=73.1731 40.7761 89.0085 36.4002 36.0576 34.9198 34.2598 32.4754 46.9751 32.1359 31.8747 30.3028 29.2337 28.6509
threshold=4.229166666666667 0.044766216549714889 8.6875000000000018 20.979166666666668 -0.057602395880464514 0.056454339244040225 0.10621976553840283 12.687500000000002 0 -0.024319336555835246 123.50000000000001 0.064279374615962323 -0.017491602833420165 0.084668806764798002
decision_type=2 2 2 2 2 2 2 2 1 2 2 2 2 2
left_child=-1 2 -2 6 -4 7 -3 8 -6 -10 -11 -9 -5 -8
right_child=1 3 4 12 5 -7 13 11 9 10 -12 -13 -14 -15
leaf_value=0.047692582217614347 0.032052914044196211 -0.0012025901582680043 0.036808790483785561 -0.056746691849369368 0.019310834208678865 -0.012546499272496753 -0.016479005233992518 0.00057516935268777888 0.04032221708296882 0.00080798361905298592 -0.033692113647166615 -0.018175711926138146 -0.011165935746356577 -0.078811952959860321
leaf_weight=80.713101171189919 228.10540024470538 4388.3046422991902 68.743021107278764 36.663668051362038 555.33381102047861 498.02424269914627 138.31420406140387 19558.569148309529 44.481933709233999 504.35947640705854 77.196470694616437 217.86662615090609 867.58768410980701 21.269884617533535
leaf_count=24228 13835 38444 1622 156 9233 2814 1654 109535 1988 7659 813 1227 5461 264
internal_value=0 1.46781e-05 0.000983797 -0.00385186 0.000654544 0.000538708 -0.00203016 0.000849654 0.0089026 -0.00062856 -0.0037716 0.000368601 -0.013014 -0.0247869
internal_weight=0 27204.8 21752.7 5452.14 21524.6 21455.8 4547.89 20957.8 1181.37 626.038 581.556 19776.4 904.251 159.584
internal_count=218933 194705 148726 45979 134891 133269 40362 130455 19693 10460 8472 110762 5617 1918
cat_boundaries=0 1
cat_threshold=232
is_linear=0
shrinkage=0.05


Tree=98
num_leaves=15
num_cat=1
split_feature=0 6 0 5 0 4 6 0 7 4 3 5 5 4
split_gain=69.4216 36.8359 82.9845 33.726 33.1775 31.6358 30.4606 29.6472 43.3393 30.056 28.0508 27.5454 26.5178 28.3226
threshold=4.229166666666667 0.044766216549714889 8.6875000000000018 -0.057602395880464514 20.979166666666668 0.056454339244040225 0.10621976553840283 12.687500000000002 0 -0.024319336555835246 123.50000000000001 0.064279374615962323 -0.017491602833420165 0.046284004017054868
decision_type=2 2 2 2 2 2 2 2 1 2 2 2 2 2
left_child=-1 2 -2 -4 6 7 -3 8 -5 -10 -11 -9 -6 -14
right_child=1 4 3 5 12 -7 -8 11 9 10 -12 -13 13 -15
leaf_value=0.047564424850129461 0.031386468316694283 -0.0011421683046556465 0.036172268831516204 0.018633730146550561 -0.054198520630853411 -0.011966414777010692 -0.02325127370080084 0.00054647500360085241 0.03982696014318967 0.0007680611263092518 -0.031289653886828417 -0.017394446782460819 -0.0063057691773703356 -0.029473463738246216
leaf_weight=76.978399751707911 221.47157762618735 4389.3988128313795 66.51208362262696 547.30925269424915 36.472836345434189 496.10833502560854 161.52168284123763 19556.333276668563 42.825496821664274 504.05453966651112 78.921188123524189 216.3100459203124 699.88446782529354 162.55920428037643
leaf_count=24228 13835 38444 1622 9233 156 2814 1918 109535 1988 7659 813 1227 4113 1348
internal_value=0 1.48171e-05 0.000936638 0.000623097 -0.00366071 0.000512824 -0.00192687 0.0008084 0.00853124 -0.000592422 -0.0035718 0.000350204 -0.0124386 -0.0106726
internal_weight=0 27179.7 21729.8 21508.4 5449.84 21441.9 4550.92 20945.8 1173.11 625.801 582.976 19772.6 898.917 862.444
internal_count=218933 194705 148726 134891 45979 133269 40362 130455 19693 10460 8472 110762 5617 5461
cat_boundaries=0 1
cat_threshold=232
is_linear=0
shrinkage=0.05


Tree=99
num_leaves=15
num_cat=1
split_feature=0 5 0 5 3 2 6 4 0 4 6 0 4 7
split_gain=65.8545 35.3216 60.269 30.7669 28.5812 28.4845 46.1998 25.8801 23.2699 25.2431 28.6948 37.1015 37.0385 23.3109
threshold=4.229166666666667 0.022731128728753436 8.6875000000000018 -0.057602395880464514 24.500000000000004 2.5000000000000004 0.089289165608261098 -0.052231588671728391 29.604166666666668 0.02158670569745183 0.074629609306409148 11.937500000000002 -0.015551573769423037 0
decision_type=2 2 2 2 2 2 2 2 2 2 2 2 2 1
left_child=-1 2 -2 -4 5 6 -3 -5 9 10 11 12 -9 -14
right_child=1 4 3 7 -6 -7 -8 8 -10 -11 -12 -13 13 -15
leaf_value=0.047431130575295459 0.027633774988141364 -0.016774696041642275 0.035530495231760127 0.020607050786552502 -0.0021048261965431283 -0.0069049393459870538 -0.11872152260568716 0.046774762530356333 -0.0085148731592248391 -0.0024456676210144286 -0.030257040473645126 0.0018656233898443229 -0.020879944217393257 0.015147874972138896
leaf_weight=73.424781061243266 215.56077147694305 27.859434011392295 64.382260270416737 165.01810006052256 9585.8143438091502 69.992709990590811 18.487718109507114 85.106245196424425 657.17402976006269 3872.3446505516768 67.829194374382496 12028.591454642825 46.098930567502975 250.59037224482745
leaf_count=24228 15128 1283 1622 3330 62142 2650 397 4012 2735 19963 432 74290 1023 5698
internal_value=0 1.48039e-05 0.00135933 0.00103075 -0.0024038 -0.0270373 -0.0574409 0.00090141 0.000710216 0.001081 0.00217542 0.00235268 0.0176976 0.00935675
internal_weight=0 27154.9 17452.7 17237.1 9702.15 116.34 46.3472 17172.8 17007.7 16350.6 12478.2 12410.4 381.796 296.689
internal_count=218933 194705 128233 113105 66472 4330 1680 111483 108153 105418 85455 85023 10733 6721
cat_boundaries=0 1
cat_threshold=1
is_linear=0
shrinkage=0.05


Tree=100
num_leaves=15
num_cat=0
split_feature=0 5 0 0 4 3 0 4 4 2 5 4 4 5
split_gain=64.316 31.4742 62.7038 31.9733 35.359 25.46 30.6998 23.1069 29.1743 48.483 21.8798 24.2384 20.0502 24.6033
threshold=4.229166666666667 0.0075807609538458467 10.687500000000002 27.812500000000004 -0.031948182688879403 24.500000000000004 6.4375000000000009 -0.0025798132318379397 0.0017618049623552318 1.5000000000000002 -0.053979530312242195 -0.052231588671728391 0.018874910061263125 0.027634406453818528
decision_type=2 2 2 2 2 2 2 2 2 2 2 2 2 2
left_child=-1 2 7 4 -3 12 -7 -2 9 -9 -4 -12 -6 -14
right_child=1 3 10 -5 5 6 -8 8 -10 -11 11 -13 13 -15
leaf_value=0.047998517719117707 0.047375398527830903 0.017286061060507233 0.02484259591266701 -0.0094409952007643294 0.011186027784446858 0.020409931516451166 -0.0013150127494776923 -0.16273805981882894 0.023051225260327726 0.011493189454324457 0.021497524316871304 0.00086444717500518814 0.041989940362576549 -0.042136361814730454
leaf_weight=69.792132958536968 87.256549315992743 261.8595578847453 97.997382394038141 1193.8926174119115 32.338508315151557 164.63560702372342 13243.759053308051 5.8455124879255917 144.44125982746482 12.597720189485697 144.10945094376802 11570.041977331974 9.6110625867731851 90.787981458008289
leaf_count=24150 7971 3042 2321 6051 2421 8275 78654 372 5402 863 2888 73053 507 2408
internal_value=0 -6.17031e-05 0.00183971 -0.00159104 -0.00091206 -0.00126398 -0.00104826 0.0266124 0.0154898 -0.0437287 0.0013151 0.00111828 -0.0230543 -0.0340831
internal_weight=0 27059.2 12062.3 14996.9 13803 13541.1 13408.4 250.141 162.884 18.4432 11812.1 11714.2 132.738 100.399
internal_count=218378 194228 92870 101358 95307 92265 86929 14608 6637 1235 78262 75941 5336 2915
is_linear=0
shrinkage=0.05


Tree=101
num_leaves=15
num_cat=1
split_feature=0 6 0 0 0 2 4 4 4 7 3 0 4 4
split_gain=61.0311 28.902 52.2207 32.7664 40.5015 29.5365 33.0639 28.0591 26.8373 24.1018 22.2524 38.1476 43.4255 31.8753
threshold=4.229166666666667 0.02531908297470982 12.312500000000002 25.937500000000004 26.229166666666668 5.5000000000000009 0.056454339244040225 -0.023855610842166083 0.040006668889629886 0 24.500000000000004 7.9375000000000009 0.012197132357080248 0.018874910061263125
decision_type=2 2 2 2 2 2 2 2 2 1 2 2 2 2
left_child=-1 2 7 10 -5 -4 9 -2 -6 -7 13 12 -12 -3
right_child=1 3 5 4 8 6 -8 -9 -10 -11 11 -13 -14 -15
leaf_value=0.047886539942156393 0.047154587860771556 0.020688759375066552 0.0015854307195291258 -0.040888031899437766 -0.0033458222905842754 0.0017101366341069442 -0.052449036284386755 0.012019501520682528 -0.02449463583048481 -0.0087497761029867224 0.043635795552595509 -0.0016148540875349678 0.005599690760490471 -0.034905483343926756
leaf_weight=66.539713634643704 63.569774978328496 34.316081240074709 13577.302901825868 98.414849571883678 810.04410357028246 1038.8162018880248 35.553780138492584 535.49276012834162 184.09633825719357 1161.5676926728338 91.766616855515167 8893.4419354004785 411.69015632430092 103.68773851729929
leaf_count=24150 4454 2920 80470 511 4121 6294 207 13828 1387 7038 6815 53141 10021 3021
internal_value=0 -5.79578e-05 0.00125746 -0.00208939 -0.0102911 0.000708506 -0.00461645 0.0157479 -0.00726219 -0.00384357 -0.0011496 -0.000856875 0.0125326 -0.0210814
internal_weight=0 27039.8 16412.3 10627.5 1092.56 15813.2 2235.94 599.063 994.14 2200.38 9534.9 9396.9 503.457 138.004
internal_count=218378 194228 112291 81937 6019 94009 13539 18282 5508 13332 75918 69977 16836 5941
cat_boundaries=0 1
cat_threshold=165
is_linear=0
shrinkage=0.05


Tree=102
num_leaves=15
num_cat=0
split_feature=0 5 0 0 4 4 4 3 3 3 4 4 5 4
split_gain=57.9092 28.6395 53.3383 38.9759 35.6968 31.4026 23.1539 24.186 40.1744 62.3049 44.4999 28.7792 25.1021 23.1449
threshold=4.229166666666667 -0.022720977083857969 28.645833333333339 13.937500000000002 0.012197132357080248 -0.052231588671728391 0.080415482236921895 54.500000000000007 66.500000000000014 99.500000000000014 0.059509547687011256 -0.00888038804608411 0.02690665604405958 0.039029577783193992
decision_type=2 2 2 2 2 2 2 2 2 2 2 2 2 2
left_child=-1 2 3 13 -4 -3 7 11 10 -10 12 -7 -9 -2
right_child=1 5 4 -5 -6 6 -8 8 9 -11 -12 -13 -14 -15
leaf_value=0.047769999540476733 0.037816891349116123 0.029572356748162235 -0.024101200586765958 0.0057962011001726106 0.027276717138915788 0.0094163997381352272 -0.020944940400489394 -0.00206076522763424 0.012076104189039687 -0.00081650788448514545 -0.029980446644412163 0.00053821160615571625 -0.0087501198406232088 -0.072292396385065072
leaf_weight=63.445108414627612 127.78801134577952 86.03171132854186 223.77870972827077 2172.7206516396254 39.824323892593384 1080.5973650328815 140.26648307964206 5854.6387092098594 1055.5775219690986 8348.1272515757009 164.04887228645384 5877.7980191896204 1844.1906371144578 4.9576603351160875
leaf_count=24150 5506 1778 1678 19864 190 14797 985 29793 13921 45271 1256 48309 10831 49
internal_value=0 -5.49029e-05 0.00496702 0.00740313 -0.0163392 -0.000582551 -0.000689025 -0.00057174 -0.00157467 0.000630704 -0.00421222 0.00191694 -0.00366314 0.0337046
internal_weight=0 27020.3 2569.07 2305.47 263.603 24451.3 24365.2 24225 17266.6 9403.7 7862.88 6958.4 7698.83 132.746
internal_count=218378 194228 27287 25419 1868 166941 165163 164178 101072 59192 41880 63106 40624 5555
is_linear=0
shrinkage=0.05


Tree=103
num_leaves=15
num_cat=2
split_feature=5 4 3 3 7 3 5 6 6 6 4 5 7 5
split_gain=25.8376 31.6308 26.0639 22.3804 36.3503 60.499 54.846 38.1146 34.7126 31.4367 27.4983 26.8074 25.9282 27.399
threshold=-0.039729818100248261 -0.052231588671728391 49.500000000000007 50.500000000000007 0 134.50000000000003 0.064279374615962323 -0.020476871325202897 -0.014213199597252594 0.051816859023935603 0.06068337758964519 -0.011233087277962269 1 -0.010828267867979057
decision_type=2 2 2 2 1 2 2 2 2 2 2 2 1 2
left_child=2 -2 -1 8 5 7 9 -5 -3 10 -6 -10 13 -9
right_child=1 3 -4 4 6 -7 -8 12 11 -11 -12 -13 -14 -15
leaf_value=0.044398226555425295 0.024239917466721595 0.018949769002423553 0.0072709507657247102 0.031995673960692757 -0.0016963526947318939 -0.0019544762377549318 -0.032011991338368871 0.034874016087002899 0.013317531507889807 -0.013664077186769567 -0.026089754431032865 0.0005103805378243977 0.002133535123506771 0.0087191559829912311
leaf_weight=52.293736165389419 132.08956723893061 302.449144333601 492.13664935622364 135.3587857647799 9346.4790883995593 6431.078126099892 162.26293262839317 110.2349217410665 444.67417844268493 614.98018518090248 116.97765866667032 5035.3341917970683 2582.5983016071841 1092.4953883101698
leaf_count=1629 2918 3858 7528 1775 47476 33242 1145 1604 7787 3496 767 69265 25288 10600
internal_value=0 -0.000166612 0.0108371 -0.000288843 -0.00106065 0.00102906 -0.00317094 0.00592556 0.00245972 -0.00270974 -0.00199788 0.00154961 0.00499332 0.0110247
internal_weight=0 26507 544.43 26374.9 20592.5 10351.8 10240.7 3920.69 5782.46 10078.4 9463.46 5480.01 3785.33 1202.73
internal_count=218378 209221 9157 206303 125393 72509 52884 39267 80910 51739 48243 77052 37492 12204
cat_boundaries=0 1 2
cat_threshold=142 136
is_linear=0
shrinkage=0.05


Tree=104
num_leaves=15
num_cat=1
split_feature=0 6 0 0 4 0 7 5 4 3 5 1 4 5
split_gain=54.8585 25.5336 42.4406 32.9267 31.9744 29.7674 26.7728 22.2759 22.2276 26.2223 28.3514 27.3594 27.7368 22.2169
threshold=4.229166666666667 0.028447111457795042 12.312500000000002 25.937500000000004 -0.023855610842166083 26.229166666666668 0 0.091671957915181054 0.048193612614879443 146.50000000000003 0.047446449726755081 21.500000000000004 0.06068337758964519 0.0072099632019356806
decision_type=2 2 2 2 2 2 1 2 2 2 2 2 2 2
left_child=-1 2 4 7 -2 -5 13 -3 -4 10 11 12 -10 -6
right_child=1 3 8 5 6 -7 -8 -9 9 -11 -12 -13 -14 -15
leaf_value=0.047644915542999974 0.047128758282150435 -0.00090418048546718152 0.00094311686818172402 -0.039570916831856234 0.044148109390626772 -0.0082597745122913995 0.00017547626027023357 -0.025755004705080159 0.0066677055946103465 -0.028076104538614994 0.022749428606276243 -0.037372767655625916 -0.030962565628019696 0.012674281829723445
leaf_weight=60.413892860524356 63.816642707213759 8649.0041522786487 16064.750056990422 83.436320580542088 80.217687049880624 841.19566066563129 335.35681594256312 91.126608146820217 206.17504279315472 138.24468417465687 85.378577120602131 69.847530551254749 64.222697220742702 186.25331727508456
leaf_count=24150 4743 69694 95313 449 3518 4811 8317 769 975 755 512 354 340 3678
internal_value=0 -5.41184e-05 0.0010962 -0.00211252 0.0134761 -0.0110852 0.00990763 -0.00116328 0.000600633 -0.00915681 -0.00301174 -0.00947605 -0.00226993 0.0213479
internal_weight=0 26959 17294.3 9664.76 665.644 924.632 601.828 8740.13 16628.6 563.869 425.624 340.245 270.398 266.471
internal_count=218378 194228 118505 75723 20256 5260 15513 70463 98249 2936 2181 1669 1315 7196
cat_boundaries=0 1
cat_threshold=232
is_linear=0
shrinkage=0.05


Tree=105
num_leaves=15
num_cat=1
split_feature=0 6 0 3 0 0 5 0 4 7 1 6 3 5
split_gain=50.5298 30.4026 48.5147 26.5113 25.1725 25.0374 44.5001 39.0634 35.5284 25.6517 23.1879 28.9384 26.651 24.0685
threshold=4.229166666666667 0.098301880747172485 6.4375000000000009 24.500000000000004 5.2708333333333348 27.562500000000004 -0.030455447436913613 18.937500000000004 -0.045792329623838855 0 20.500000000000004 -0.044451030758084695 136.50000000000003 0.078159473358439063
decision_type=2 2 2 2 2 2 2 2 2 1 2 2 2 2
left_child=-1 2 -2 -4 -3 6 7 -5 -8 -7 11 -10 13 -13
right_child=1 4 3 5 -6 9 8 -9 10 -11 -12 12 -14 -15
leaf_value=0.046647163676407977 0.025292482849305121 -0.060965908315948537 -0.036700905549355255 0.025920752966537092 -0.011427811602517048 -0.012100432258818371 0.022108369599258937 0.0045600857894016961 0.030460580885508095 -0.0018367272898660765 -0.0031732476980160166 0.0020359565172125334 -0.0028491474017898117 -0.015194827985658625
leaf_weight=57.560363529017195 187.19016762659885 28.347583600319922 49.794531744439155 292.46510918578133 268.89695208985358 765.56304392963648 179.20408611698076 798.10516616888344 81.136833851225674 2887.9092194437981 5149.3653974970803 11761.511059959885 4302.9104066416621 206.21868300810456
leaf_count=24138 14790 1093 1461 6487 2175 3900 3731 8177 1045 14686 32553 81460 21730 1172
internal_value=0 -0.000249831 -7.25378e-05 -0.000251885 -0.0161522 -0.0001832 0.000433288 0.0102885 -6.24522e-05 -0.00402557 -0.000247238 0.000674197 0.000525661 0.00173905
internal_weight=0 26958.6 26661.4 26474.2 297.245 26424.4 22770.9 1090.57 21680.3 3653.47 21501.1 16351.8 16270.6 11967.7
internal_count=218598 194460 191192 176402 3268 174941 156355 14664 141691 18586 137960 105407 104362 82632
cat_boundaries=0 1
cat_threshold=48
is_linear=0
shrinkage=0.05


Tree=106
num_leaves=15
num_cat=0
split_feature=0 6 0 3 5 6 0 0 4 0 5 6 4 4
split_gain=47.8657 27.8157 56.4459 38.8499 36.4778 75.1051 29.4384 43.4738 25.6936 23.5525 55.542 39.2886 35.0524 29.8164
threshold=4.229166666666667 0.083339865182630521 6.4375000000000009 26.500000000000004 0.037238135465576978 0.09654729248454684 5.8125000000000009 5.5208333333333348 0.015338543650598039 25.562500000000004 -0.030455447436913613 -0.017845747114749094 0.051206552331304507 -0.04447450409177834
decision_type=2 2 2 2 2 2 2 2 2 2 2 2 2 2
left_child=-1 2 -2 4 5 -3 7 -6 -5 10 -4 -12 -11 -13
right_child=1 3 9 8 6 -7 -8 -9 -10 12 11 13 -14 -15
leaf_value=0.046476499554299409 0.031697240519026053 -0.1969259736539217 0.013260765561016616 -0.028207665457924743 -0.030192532345346981 -0.0040957345016019442 0.00081616344454275673 -0.18115739963758798 -0.0013184048330099776 -0.0021109894269192055 0.0080596775074101897 0.026999717438388405 -0.024228764635467945 -0.0006542686805230117
leaf_weight=54.949166674166918 140.05499641248025 9.9724425985477883 846.92193082626909 104.86733996635303 20.698480986990038 10.229314771015195 46.22898418456316 6.1965421903878442 581.27717089792714 6308.7496355995536 1454.8276699436828 98.029614273924381 184.36760614067316 17130.376650909428
leaf_count=24138 12876 355 12661 1325 816 262 406 133 4757 32205 13047 2160 1404 112053
internal_value=0 -0.000237172 4.01261e-05 -0.00954483 -0.039812 -0.0992849 -0.0233816 -0.0649744 -0.00542804 -0.00013025 0.000737074 0.000169368 -0.00273901 -0.000496918
internal_weight=0 26942.8 26163.3 779.47 93.3258 20.2018 73.124 26.895 686.145 26023.3 19530.2 18683.2 6493.12 17228.4
internal_count=218598 194460 186406 8054 1972 617 1355 949 6082 173530 139921 127260 33609 114213
is_linear=0
shrinkage=0.05


Tree=107
num_leaves=15
num_cat=1
split_feature=0 6 0 6 0 0 6 3 0 6 7 4 2 4
split_gain=45.3344 25.7556 42.8639 22.8893 41.0067 27.7424 27.1861 23.2767 22.6829 43.3419 27.0911 24.3187 21.937 23.9055
threshold=4.229166666666667 0.098301880747172485 6.4375000000000009 0.041501811452550379 8.6875000000000018 20.645833333333339 0.056311135207045331 24.500000000000004 28.645833333333339 -0.054131883293699355 0 -0.032580650858408021 1.0000000180025095e-35 0.0074087796577607624
decision_type=2 2 2 2 2 2 2 2 2 2 1 2 2 2
left_child=-1 2 -2 4 12 7 -7 -5 9 -6 11 -11 13 -4
right_child=1 -3 3 5 8 6 -8 -9 -10 10 -12 -13 -14 -15
leaf_value=0.046298870851282675 0.024248581887638024 -0.01475982044553634 -0.073358030761527068 -0.038333030221470672 0.039743707469827722 -0.0044784992592782459 -0.020680210004053252 -0.00092125373784099948 -0.0046476370522493286 0.0157104879376446 -0.00062445714275122818 0.0026289845764407437 0.035934011543551685 0.029284883825654841
leaf_weight=52.464809294207953 180.11936521553434 301.35776901943609 10.43012266373262 41.966684044338763 71.564524253830314 767.44687504321337 390.75073331966996 4468.3570724432357 2039.166837207973 377.74534765677527 12172.6755091534 5972.6183202299289 119.10667265765369 12.436199507210402
leaf_count=24138 14790 3268 820 788 1495 4328 2770 30081 9815 5160 78416 35955 6378 396
internal_value=0 -0.000224635 -6.01133e-05 -0.000225687 0.000542695 -0.00304189 -0.0099446 -0.00126935 0.000358435 0.000907423 0.000757377 0.00340177 0.0273224 -0.0175341
internal_weight=0 26925.7 26624.4 26444.3 20775.7 5668.52 1158.2 4510.32 20633.8 18594.6 18523 6350.36 141.973 22.8663
internal_count=218598 194460 191192 176402 138435 37967 7098 30869 130841 121026 119531 41115 7594 1216
cat_boundaries=0 1
cat_threshold=172
is_linear=0
shrinkage=0.05


Tree=108
num_leaves=15
num_cat=1
split_feature=0 6 0 3 5 0 0 2 8 6 0 3 0 6
split_gain=42.931 23.315 49.7507 32.4031 28.7787 61.7533 23.6675 33.61 20.5125 22.2112 22.8263 18.5488 36.5803 42.6882
threshold=4.229166666666667 0.083339865182630521 6.4375000000000009 26.500000000000004 0.032037797131226758 6.5625000000000009 5.8125000000000009 2.5000000000000004 0 -0.038828872096345689 28.479166666666668 143.50000000000003 25.479166666666668 -0.013650864382576637
decision_type=2 2 2 2 2 2 2 2 1 2 2 2 2 2
left_child=-1 2 -2 4 5 -3 7 -6 -4 10 -10 12 13 -11
right_child=1 3 8 -5 6 -7 -8 -9 9 11 -12 -13 -14 -15
leaf_value=0.046114007205005511 0.030578436808305316 -0.0044975890862825694 -0.0026310315062298062 -0.0048817227195495231 -0.12128260398030544 -0.20805921599020027 -0.0032129722111470197 -0.015517672487131122 0.018291578745405965 0.01230026843050137 -0.019573516840951623 -0.0020011889360738709 -0.0039499406466423663 0.0016682148902351628
leaf_weight=50.101158475619741 132.70624530361965 7.9849208458326739 6162.4593975846656 687.93823487870395 12.651670205872508 6.9847193416208029 51.215547570958734 18.488081539981067 298.88596851890907 1039.1360874096863 45.915782939642668 5537.2256212625653 2584.3218044154346 10321.874718957581
leaf_count=24138 12876 366 41061 6082 397 92 455 662 4625 10281 441 28993 12964 75165
internal_value=0 -0.000213141 4.20397e-05 -0.00870198 -0.0357054 -0.0994779 -0.0241135 -0.0584886 -0.000113882 0.000669452 0.0132492 0.000447159 0.00141932 0.00264068
internal_weight=0 26907.8 26122.5 785.263 97.3249 14.9696 82.3553 31.1398 25989.8 19827.4 344.802 19482.6 13945.3 11361
internal_count=218598 194460 186406 8054 1972 458 1514 1059 173530 132469 5066 127403 98410 85446
cat_boundaries=0 1
cat_threshold=80
is_linear=0
shrinkage=0.05


Tree=109
num_leaves=15
num_cat=0
split_feature=0 6 0 0 6 0 0 1 4 6 0 3 5 6
split_gain=40.6478 21.419 45.413 24.6251 24.5749 22.1421 41.0635 24.7457 23.2627 19.5855 33.4842 22.4346 27.1655 69.3056
threshold=4.229166666666667 0.041501811452550379 8.6875000000000018 20.645833333333339 0.056311135207045331 23.729166666666668 25.645833333333339 21.500000000000004 0.01068609594950609 0.098301880747172485 6.3125000000000009 24.500000000000004 0.059883975031845234 0.066257519634663906
decision_type=2 2 2 2 2 2 2 2 2 2 2 2 2 2
left_child=-1 2 -2 9 5 7 8 -5 -7 10 -3 12 13 -12
right_child=1 3 -4 4 -6 6 -8 -9 -10 -11 11 -13 -14 -15
leaf_value=0.045921635928941426 0.026109646482062446 0.024976486665726289 0.00034911389689897568 -0.020368677542277419 -0.019669072490878053 0.0001278715381219862 -0.0084476515095764648 0.019114510316536437 0.038505366547240523 -0.013564992779616586 0.040189801709376229 -0.0008197082938915059 0.021231755998686798 -0.11483213379728557
leaf_weight=47.852371517219581 172.51611504121684 125.77649578638375 20615.668478916399 265.13385502249002 386.42123204097152 66.604068160057068 290.09570498019457 46.669275403022766 96.983038052916527 304.24123647296801 10.992260303813966 4479.6579713346437 14.398672729730604 20.952375609427691
leaf_count=24138 12658 9193 130841 1401 2778 317 1747 258 605 3260 417 30511 153 321
internal_value=0 -0.000201933 0.000562894 -0.00280501 -0.00939022 -0.0042014 0.00284837 -0.014459 0.0228801 -0.00127443 -0.00047059 -0.00117776 -0.0357877 -0.0614885
internal_weight=0 26896.1 20788.2 6107.93 1151.91 765.486 453.683 311.803 163.587 4956.02 4651.78 4526 46.3433 31.9446
internal_count=218598 194460 143499 50961 7106 4328 2669 1659 922 43855 40595 31402 891 738
is_linear=0
shrinkage=0.05


Tree=110
num_leaves=15
num_cat=0
split_feature=0 5 3 3 3 5 4 4 0 0 5 6 0 0
split_gain=38.2693 27.7694 20.6379 43.1003 51.3284 70.1253 37.8882 32.3559 25.2104 24.2798 24.1465 26.7143 22.2966 21.6076
threshold=4.229166666666667 0.091671957915181054 54.500000000000007 62.500000000000007 123.50000000000001 -0.0093438963839139952 0.06068337758964519 -0.0098507897185325533 22.604166666666668 23.229166666666668 0.051549411459182633 0.073028117216348568 8.3125000000000018 24.312500000000004
decision_type=2 2 2 2 2 2 2 2 2 2 2 2 2 2
left_child=-1 2 7 6 5 -5 -4 8 -2 -10 11 -6 -7 -11
right_child=1 -3 3 4 10 12 -8 -9 9 13 -12 -13 -14 -15
leaf_value=0.045742254085641566 0.013020884459459989 -0.026723563226876135 -0.0028241193842635515 0.029408520416228691 0.00030693370366988572 0.019568364499667451 -0.028217370216773698 0.0009218584628146577 -0.04065626666288942 0.027694147265283266 -0.012822121948979743 -0.029637430452097026 0.0029741335919797286 -0.0099685848418303441
leaf_weight=45.930497658555396 1027.644835751038 96.405175126623362 8781.5702218364459 316.47609236603603 7181.5602857284248 221.99553822702728 149.39419420994818 6155.918612584006 40.587214101105928 56.492511013522744 386.97537150233984 75.263049118220806 2296.1543364166282 116.85749338008463
leaf_count=24238 18369 793 49133 5875 39968 6536 1229 51616 280 412 2297 421 16881 729
internal_value=0 6.33854e-05 0.000159719 -0.000696758 0.00147847 0.00722503 -0.00324889 0.00240692 0.00977006 -0.00584525 -0.000652579 -3.62975e-06 0.00443705 0.00230521
internal_weight=0 26903.3 26806.9 19409.4 10478.4 2834.63 8930.96 7397.5 1241.58 213.937 7643.8 7256.82 2518.15 173.35
internal_count=218777 194539 193746 122340 71978 29292 50362 71406 19790 1421 42686 40389 23417 1141
is_linear=0
shrinkage=0.05


Tree=111
num_leaves=15
num_cat=1
split_feature=0 5 5 0 4 6 7 4 4 3 3 3 6 6
split_gain=36.2405 24.9326 19.0719 19.2052 50.4324 37.4897 27.4236 23.2969 22.2633 21.5707 33.9062 38.1405 27.7312 27.0116
threshold=4.229166666666667 0.091671957915181054 -0.053979530312242195 8.3125000000000018 0.012197132357080248 0.048695215645189464 0 0.080415482236921895 0.018522247579839207 54.500000000000007 72.500000000000014 95.500000000000014 -0.028330545921700079 -0.010810042014707068
decision_type=2 2 2 2 2 2 1 2 2 2 2 2 2 2
left_child=-1 2 -2 4 -4 -6 8 9 -7 13 -11 -12 -13 -5
right_child=1 -3 3 7 5 6 -8 -9 -10 10 11 12 -14 -15
leaf_value=0.045534913415724763 0.022437528197307578 -0.025257825093197701 0.031942735901781059 0.012123924301952587 0.02965874211246125 -0.054620786276479039 -0.010063969983135645 -0.023862837152173768 0.02655871071096489 -0.0031855272009771412 0.012808927142537696 0.012089024094181425 -0.00037277751292684512 0.0013333782855744784
leaf_weight=43.884431282640435 95.662397740408778 96.886912703048438 169.38414939702488 639.96921470575035 96.6917103913147 9.2701319372281414 408.57623831997626 103.2554877102375 94.968691590474918 8882.3738650730811 645.50002052122727 469.77951380703598 8979.5620793434791 6185.8796503939666
leaf_count=24238 2488 793 14631 7512 4489 361 8779 611 1911 47923 6979 5110 50227 42725
internal_value=0 6.06074e-05 0.000152204 7.23141e-05 0.00780817 0.00110109 -0.00428348 -0.00016027 0.0176464 -6.54197e-05 -0.000932438 0.00105004 0.000246768 0.00234506
internal_weight=0 26877.8 26780.9 26685.2 778.891 609.507 512.815 25906.3 104.239 25803.1 18977.2 10094.8 9449.34 6825.85
internal_count=218777 194539 193746 191258 30171 15540 11051 161087 2272 160476 110239 62316 55337 50237
cat_boundaries=0 1
cat_threshold=132
is_linear=0
shrinkage=0.05


Tree=112
num_leaves=15
num_cat=0
split_feature=0 5 0 4 0 2 3 1 4 3 4 5 3 4
split_gain=34.3118 23.4516 29.1505 35.8216 20.5857 24.253 72.0492 18.4512 20.9918 20.6166 22.0004 19.1486 32.0066 27.6522
threshold=4.229166666666667 0.076272691426696668 7.5625000000000009 0.010992565002914295 7.0625000000000009 1.0000000180025095e-35 22.500000000000004 18.500000000000004 0.066547560531876201 54.500000000000007 -0.037367484547668091 0.010870813540477293 146.50000000000003 -0.031948182688879403
decision_type=2 2 2 2 2 2 2 2 2 2 2 2 2 2
left_child=-1 2 3 -2 5 6 -5 11 9 10 -9 -4 13 -13
right_child=1 -3 7 4 -6 -7 -8 8 -10 -11 -12 12 -14 -15
leaf_value=0.045319267573304914 0.039899335155401401 -0.011240723217131321 0.0024889994007404426 -0.19233254940932229 0.025689972947336839 0.004776563618484414 -0.0084610800075513894 0.033194797559621646 -0.021705683510904576 -0.0037372710436053727 0.001076761333511567 0.025152210400613079 -0.0062321472786821264 0.00045567964661442467
leaf_weight=41.937851885915734 96.560730169061571 451.53690419625491 9271.4264869443141 6.3354955604299894 92.29567918041721 214.45872373972088 33.492744402494282 54.377546881325543 133.38244424760342 4634.1008904539049 2736.1136503769085 115.21934028994292 2053.7279271949083 6963.4581490196288
leaf_count=24238 11230 3589 66549 293 1763 8939 1315 1474 794 25805 20485 1239 10170 40894
internal_value=0 5.79511e-05 0.000251164 0.012967 0.00546347 -0.00187792 -0.0377096 3.4116e-05 -0.0020459 -0.00169271 0.00170264 0.000888324 -0.000736718 0.000857664
internal_weight=0 26856.5 26404.9 443.143 346.583 254.287 39.8282 25961.8 7557.97 7424.59 2790.49 18403.8 9132.41 7078.68
internal_count=218777 194539 190950 23540 12310 10547 1608 167410 48558 47764 21959 118852 52303 42133
is_linear=0
shrinkage=0.05


Tree=113
num_leaves=15
num_cat=3
split_feature=0 6 0 2 7 4 0 3 6 7 0 7 6 6
split_gain=32.4781 21.1756 48.7703 28.7507 26.4195 31.0938 23.1351 22.3748 45.8197 22.2297 26.3545 20.1091 43.2984 33.5437
threshold=4.229166666666667 0.017198234714158284 12.062500000000002 5.5000000000000009 0 0.046284004017054868 28.229166666666668 49.500000000000007 -0.021863649973313196 1 20.979166666666668 2 -0.038828872096345689 0.0057157707157707164
decision_type=2 2 2 2 1 2 2 2 2 1 2 1 2 2
left_child=-1 2 -2 7 -5 -6 -3 8 -4 10 -10 12 -9 -14
right_child=1 6 3 4 5 -7 -8 11 9 -11 -12 -13 13 -15
leaf_value=0.045095038767672506 0.020026781543934641 -0.00097169575454459322 0.037820612602499935 0.0030008866686068534 -0.0078209494370060136 -0.053773300136237656 -0.012114646448160174 0.029478653553382441 0.020008522828773152 -0.00097404771472620858 -0.018909593948480099 -0.00084434301913629639 0.0052772524259179741 -0.0043595559224862751
leaf_weight=40.085939445765689 343.60437576984987 12610.715688965749 120.15397776383907 697.8634231928736 1163.7122805304825 38.015349954366684 483.67812592536211 156.00122823193669 325.8150196140632 599.88181127607822 50.202945906668901 5645.6792071359232 3369.1132503021508 1233.6349704116583
leaf_count=24238 12856 95985 1810 4451 7339 197 2671 2315 2775 4774 263 32533 20275 6295
internal_value=0 5.55752e-05 0.00142647 0.000949518 -0.00474909 -0.00919806 -0.00138329 0.00189078 0.00868571 0.00509858 0.0144288 0.00117497 0.00356493 0.00269438
internal_weight=0 26838.1 13743.7 13400.1 1899.59 1201.73 13094.4 11500.5 1096.05 975.9 376.018 10404.4 4758.75 4602.75
internal_count=218777 194539 95883 83027 11987 7536 98656 71040 9622 7812 3038 61418 28885 26570
cat_boundaries=0 1 2 3
cat_threshold=134 64 15
is_linear=0
shrinkage=0.05


Tree=114
num_leaves=15
num_cat=0
split_feature=0 5 6 0 5 0 4 0 5 4 6 5 1 1
split_gain=30.7352 21.2277 17.3657 44.466 17.9009 16.5879 45.0148 24.2282 28.9574 18.6183 16.2855 18.9903 25.9778 17.8572
threshold=4.229166666666667 0.091671957915181054 -0.054131883293699355 28.812500000000004 -0.051276020937356774 7.5625000000000009 0.010992565002914295 7.0625000000000009 0.026145289920249452 0.080415482236921895 0.070592267064468014 0.064279374615962323 20.500000000000004 18.500000000000004
decision_type=2 2 2 2 2 2 2 2 2 2 2 2 2 2
left_child=-1 2 3 -2 -4 6 -6 8 -8 10 13 -12 -13 -7
right_child=1 -3 4 -5 5 9 7 -9 -10 -11 11 12 -14 -15
leaf_value=0.044861953911245894 0.039241174143180103 -0.02322876367938962 0.019441281712064634 -0.06807545892577925 0.039830411338918729 0.0010409493048702395 0.030815565533792607 0.022500011970459099 -0.012064146650888237 -0.020567292958215289 -0.0084955374988224756 -0.0010961804296458957 0.041191205208004997 -0.0019231073373890855
leaf_weight=38.32410500117112 66.666202144231647 97.548306277487427 118.72108472860418 11.286489829421042 95.726535210153088 17491.451358499471 46.545886557083577 104.25209797313437 255.48819339042529 111.62606237083673 1036.0789117496461 176.17490263283253 45.748893491923809 7161.9340803460218
leaf_count=24238 1493 793 2909 150 11317 111354 3489 1880 7936 659 6130 914 234 45281
internal_value=0 5.32628e-05 0.000138254 0.0237032 6.93096e-05 -1.73958e-05 0.00898501 0.00171742 -0.00545604 -0.000191062 -0.000103282 -0.00565238 0.00762123 0.000179876
internal_weight=0 26819.2 26721.7 77.9527 26643.7 26525 502.013 406.286 302.034 26023 25911.4 1258 221.924 24653.4
internal_count=218777 194539 193746 1643 192103 189194 24622 13305 11425 164572 163913 7278 1148 156635
is_linear=0
shrinkage=0.05


Tree=115
num_leaves=15
num_cat=3
split_feature=0 5 8 6 7 0 1 3 7 5 6 6 3 4
split_gain=30.9436 17.9828 16.5741 18.1845 31.6648 30.1022 19.7287 17.6305 29.3215 21.9483 19.8832 19.7956 22.2423 17.5725
threshold=4.229166666666667 -0.057602395880464514 0 -0.038828872096345689 1 28.479166666666668 7.5000000000000009 143.50000000000003 2 -0.033596131624226221 0.02531908297470982 0.10017731890049707 128.50000000000003 -0.045792329623838855
decision_type=2 2 1 2 1 2 2 2 1 2 2 2 2 2
left_child=-1 -2 -3 4 -4 6 -6 8 9 -5 13 12 -11 -10
right_child=1 2 3 7 5 -7 -8 -9 10 11 -12 -13 -14 -15
leaf_value=0.045984098158683415 0.028289660297746884 -0.0022708217297824104 0.026001227656779227 0.050874977965939455 -0.034649990960415503 -0.061546031689193439 0.014075051342054662 -0.0019407518965508476 0.021596880965402999 0.012195052400028512 -0.001616803993867265 -0.028797421197730502 -0.0011828091173820068 0.0020126441889633949
leaf_weight=36.648446673876606 56.092568393796682 6387.8923044796102 174.41373054916039 29.236810918431729 26.396280654706061 20.620104655623436 97.547179177869111 5544.7459577657282 116.38973894971423 1003.8372066388838 5684.9006803585216 37.378028966020793 449.98080109711736 7210.8972158497199
leaf_count=24251 1622 45841 2610 579 365 192 1486 28876 2501 11057 46674 395 2477 49881
internal_value=0 8.84981e-06 -5.03769e-05 0.000645837 0.0124907 -0.00524532 0.00369806 0.000457974 0.00137318 0.00791974 0.000601685 0.00713066 0.00805438 0.00232373
internal_weight=0 26840.3 26784.2 20396.3 318.977 144.564 123.943 20077.4 14532.6 1520.43 13012.2 1491.2 1453.82 7327.29
internal_count=218807 194556 192934 147093 4653 2043 1851 142440 113564 14508 99056 13929 13534 52382
cat_boundaries=0 1 2 3
cat_threshold=80 39 136
is_linear=0
shrinkage=0.05


Tree=116
num_leaves=15
num_cat=2
split_feature=0 5 5 0 0 6 0 5 7 4 4 1 7 6
split_gain=29.3075 16.6744 15.9086 30.9978 25.8217 23.9281 29.7352 35.9726 22.9979 22.637 19.0232 18.5504 16.449 15.7023
threshold=4.229166666666667 -0.057602395880464514 0.050910065283055646 25.937500000000004 6.0625000000000009 0.084696499947078827 10.437500000000002 -1.0000000180025095e-35 0 -0.0085444011618508262 0.033479924777200354 8.5000000000000018 1 0.054549882655094549
decision_type=2 2 2 2 2 2 2 2 1 2 2 2 1 2
left_child=-1 -2 4 8 -3 6 7 -6 13 -9 -7 -5 -12 -4
right_child=1 2 3 11 5 10 -8 9 -10 -11 12 -13 -14 -15
leaf_value=0.045788623092066209 0.027596072419988807 0.02684861680055374 -0.0025971629475323734 -0.043638237757883912 0.038152323663176876 -0.026377730483770758 0.00010459838061114483 0.033961419019005241 0.0012368623458654474 0.003227601332633698 0.023355999304387205 -0.0099626975635737271 -0.0099528821508936757 -0.015928968085939573
leaf_weight=35.00620182021521 54.664009780157357 91.647575689479709 471.95043949480169 72.343737285584211 97.869828227441758 148.26988347340375 22822.812332102098 65.667678307276219 1622.5705469148234 683.77813882986084 38.454638537019491 94.071021165698767 149.42175275832415 415.1427478082478
leaf_count=24251 1622 10115 3033 592 7267 1263 135267 4122 11930 14018 250 731 951 3395
internal_value=0 9.24401e-06 -4.70795e-05 -0.00370446 0.000359073 0.000257945 0.000446061 0.0096435 -0.00231874 0.00592055 -0.0129885 -0.0246021 -0.0024218 -0.0087377
internal_weight=0 26828.7 26774 2676.08 24097.9 24006.3 23670.1 847.316 2509.66 749.446 336.146 166.415 187.876 887.093
internal_count=218807 194556 192934 19681 173253 163138 160674 25407 18358 18140 2464 1323 1201 6428
cat_boundaries=0 1 2
cat_threshold=80 64
is_linear=0
shrinkage=0.05


Tree=117
num_leaves=15
num_cat=3
split_feature=0 5 8 6 7 0 1 3 7 5 6 6 3 0
split_gain=27.7526 15.4523 14.8254 16.7241 29.4114 26.0212 17.5828 15.8742 26.331 20.947 17.6765 17.517 20.1063 17.4761
threshold=4.229166666666667 -0.057602395880464514 0 -0.038828872096345689 1 28.479166666666668 7.5000000000000009 143.50000000000003 2 -0.033596131624226221 0.02531908297470982 0.10017731890049707 128.50000000000003 12.937500000000002
decision_type=2 2 1 2 1 2 2 2 1 2 2 2 2 2
left_child=-1 -2 -3 4 -4 6 -6 8 9 -5 -10 12 -11 -9
right_child=1 2 3 7 5 -7 -8 13 10 11 -12 -13 -14 -15
leaf_value=0.045585157925966013 0.026903754244335939 -0.0021440144531146418 0.025260884969396311 0.050388625676439161 -0.032078860602799526 -0.056126334950672985 0.013518216008605416 -0.034914562209191667 0.0021994115991959711 0.011600550395762918 -0.0015174285259724383 -0.026782483668608484 -0.0011301700954812052 -0.0016021252941961
leaf_weight=33.443857387755997 53.302206287859008 6388.0125589547679 170.88945244625211 28.037131320452318 27.078175343573093 21.459693543612957 96.448208727873862 39.654122076928616 7318.6244336909149 997.80013755708933 5682.4885608537588 37.918912002351135 450.02971206232905 5505.1139180921018
leaf_count=24251 1622 45841 2610 579 365 192 1486 307 52382 11057 46674 395 2477 28569
internal_value=0 9.31734e-06 -4.42455e-05 0.000614811 0.0120305 -0.00496356 0.0035229 0.000435357 0.00130469 0.00752311 0.000574424 0.00676484 0.00764345 -0.00184036
internal_weight=0 26816.9 26763.6 20375.5 315.876 144.986 123.526 20059.7 14514.9 1513.79 13001.1 1485.75 1447.83 5544.77
internal_count=218807 194556 192934 147093 4653 2043 1851 142440 113564 14508 99056 13929 13534 28876
cat_boundaries=0 1 2 3
cat_threshold=80 39 136
is_linear=0
shrinkage=0.05


Tree=118
num_leaves=15
num_cat=1
split_feature=0 4 5 0 0 6 0 4 5 4 7 5 0 6
split_gain=26.2745 15.8522 14.2632 28.6824 23.9964 21.1079 26.9817 34.3849 23.8826 17.0265 16.2022 16.4619 17.3201 21.3505
threshold=4.229166666666667 -0.065550418009434383 0.050910065283055646 27.895833333333339 6.0625000000000009 0.084696499947078827 10.437500000000002 -0.0085444011618508262 -0.011233087277962269 0.033479924777200354 0 0.091671957915181054 14.187500000000002 0.062814977414146558
decision_type=2 2 2 2 2 2 2 2 2 2 1 2 2 2
left_child=-1 -2 4 10 -3 6 7 -6 -9 -7 -4 12 -12 -14
right_child=1 2 3 -5 5 9 -8 8 -10 -11 11 -13 13 -15
leaf_value=0.045373426232096642 0.034887993587320872 0.026213991927885545 -0.0068908417710398023 -0.034578188932840044 0.037498970072832073 -0.02473214014394045 0.00010876614364379428 0.051279377898140223 0.0038564136080174146 -0.0021379997379680424 0.0072586911472755315 -0.02767629870051351 -0.00054824309462608997 -0.0282795374040548
leaf_weight=31.957538088550791 32.537952734157443 89.358641794882715 1192.8180499835871 72.22379532828927 95.382005951600149 149.77505836356431 22833.977354513016 27.569887930527329 716.8078158297576 188.10037741437554 732.63697051559575 48.271135547198355 548.44187128543854 79.464201927185059
leaf_count=24251 821 10115 8696 597 7923 1263 136047 1811 15694 1201 6366 402 3065 555
internal_value=0 9.6209e-06 -3.27648e-05 -0.00349745 0.00035162 0.000255374 0.000432478 0.00923455 0.00561284 -0.0121536 -0.00263462 0.00101079 0.00203602 -0.00405776
internal_weight=0 26807.4 26774.8 2673.86 24101 24011.6 23673.7 839.76 744.378 337.875 2601.63 1408.81 1360.54 627.906
internal_count=218807 194556 193735 19681 174054 163939 161475 25428 17505 2464 19084 10388 9986 3620
cat_boundaries=0 1
cat_threshold=208
is_linear=0
shrinkage=0.05


Tree=119
num_leaves=15
num_cat=1
split_feature=0 5 6 8 1 3 0 5 6 5 3 0 2 2
split_gain=24.8704 14.1803 14.0002 13.4173 13.8712 20.5939 17.7776 18.4569 18.1224 16.7457 15.3598 29.5453 20.0237 17.2059
threshold=4.229166666666667 -0.057602395880464514 -0.059653634028419916 0 20.500000000000004 23.500000000000004 8.1875000000000018 0.030589834846243055 0.048695215645189464 0.059113948767124502 55.500000000000007 15.062500000000002 4.5000000000000009 1.5000000000000002
decision_type=2 2 2 1 2 2 2 2 2 2 2 2 2 2
left_child=-1 -2 -3 -4 5 -5 7 -7 -9 -8 13 12 -12 -6
right_child=1 2 3 4 10 6 9 8 -10 -11 11 -13 -14 -15
leaf_value=0.045153156320411399 0.026131473248288135 0.032471883412401217 0.0013102450906189791 -0.033506199318206753 -0.0080867519684008505 0.033490478342020347 0.00015823379839245764 0.043227428688459919 -0.00073989362773535538 -0.0084726246624609817 -0.01786592361279643 -0.0049264403921452917 -0.065448496701383196 0.002634895338239462
leaf_weight=30.543553695082664 51.851927392417565 33.068602956831455 10498.086071628612 45.973970578983426 505.04361358634196 75.619126304984093 10991.962014954537 26.785898107802495 187.44125898554921 592.2822285220027 74.925711816176772 2235.1042716354132 31.365722054615617 1444.2436437699944
leaf_count=24251 1622 703 75740 2604 4890 5925 69277 1181 3667 3313 488 11782 220 13144
internal_value=0 9.25816e-06 -4.13922e-05 -8.16474e-05 -0.000983239 -0.00010634 2.29773e-05 0.0122538 0.00475756 -0.000283047 -0.00342167 -0.00615127 -0.0319071 -0.000142992
internal_weight=0 26793.8 26741.9 26708.8 16210.7 11920.1 11874.1 289.846 214.227 11584.2 4290.68 2341.4 106.291 1949.29
internal_count=218807 194556 192934 192231 116491 85967 83363 10773 4848 72590 30524 12490 708 18034
cat_boundaries=0 1
cat_threshold=15
is_linear=0
shrinkage=0.05


Tree=120
num_leaves=15
num_cat=1
split_feature=0 5 0 3 7 6 3 5 5 0 4 0 3 4
split_gain=24.9209 28.8136 22.2066 37.7126 17.2148 27.645 22.5541 29.2729 30.5701 56.0436 27.6957 21.7854 19.0705 33.1425
threshold=5.5208333333333348 0.10401453104359314 4.979166666666667 18.500000000000004 0 -0.054131883293699355 24.500000000000004 0.059883975031845234 0.043080411651840227 7.3125000000000009 0.040006668889629886 28.812500000000004 38.500000000000007 -0.023855610842166083
decision_type=2 2 2 2 1 2 2 2 2 2 2 2 2 2
left_child=1 -1 3 -3 -2 11 7 8 9 -7 -10 -6 13 -8
right_child=4 2 -4 -5 5 6 12 -9 10 -11 -12 -13 -14 -15
leaf_value=0.024161331175128132 -0.0038186762853708125 -0.51818614809387031 0.053664111932243498 -0.076789758156966315 0.044362840175575624 0.026022639095173952 0.047902476122528598 0.015813717338521584 -0.15197966415494343 -0.10435054987708539 -0.040509145012372162 -0.03702539072733442 -5.3049499429119134e-05 0.0044803160596561141
leaf_weight=141.20694712153636 2815.3897171805147 0.70280963764525939 1.1765986233949659 1.5537118264473972 56.669586641713977 24.862943221349269 45.333899692399427 29.568147795274854 10.19463285058737 12.331455755978821 12.289626449346541 9.6174581684172136 22123.266679894878 1433.6814909144305
leaf_count=33254 19445 313 20 356 1390 1720 2416 398 311 306 131 121 141210 17114
internal_value=0 0.0206816 -0.122441 -0.214266 -0.000129056 0.000309655 0.000219568 -0.0248685 -0.0450247 -0.0172014 -0.0910512 0.0325544 0.000314432 0.00581127
internal_weight=0 144.64 3.43312 2.25652 26573.2 23757.8 23691.5 89.2468 59.6787 37.1944 22.4843 66.287 23602.3 1479.02
internal_count=218505 33943 689 669 184562 165117 163606 2866 2468 2026 442 1511 160740 19530
cat_boundaries=0 1
cat_threshold=16
is_linear=0
shrinkage=0.05


Tree=121
num_leaves=15
num_cat=2
split_feature=0 4 2 4 5 7 2 3 3 2 0 7 4 3
split_gain=23.0413 24.4698 35.7371 16.3917 15.9449 17.5904 19.4769 20.501 37.4458 46.7064 16.0594 15.9403 21.0558 19.88
threshold=5.5208333333333348 0.086014867914509505 1.5000000000000002 -0.065550418009434383 0.071439862698161785 0 1.5000000000000002 57.500000000000007 49.500000000000007 2.5000000000000004 4.604166666666667 1 -0.028326867525363175 24.500000000000004
decision_type=2 2 2 2 2 1 2 2 2 2 2 1 2 2
left_child=1 4 -3 -2 -1 6 -6 8 9 -8 -11 12 -5 -13
right_child=3 2 -4 11 5 -7 7 -9 -10 10 -12 13 -14 -15
leaf_value=0.032423149549027468 0.035801802724722186 -0.30615787313552562 0.051799911198345643 -0.019790822448671419 0.040106740241824403 0.024622189386406725 -0.30268687576015252 0.051850717695060104 -0.36379812154379249 -0.099010176846410988 0.052381123396324551 -0.023060053997618228 -0.0025649867835587786 0.00034743023600333615
leaf_weight=106.30711274209898 31.715799681143835 1.389708305941894 1.3993723610183222 190.26922989240848 4.1418027540203211 16.255622444208711 1.837269646464845 2.2398765252437434 1.3188620059518132 3.3367237191414461 3.6877551581710577 91.057688512373716 2622.6093539979775 23634.260507240659
leaf_count=28343 830 132 298 2388 664 2615 365 122 58 1228 118 2866 16949 161529
internal_value=0 0.0200786 -0.126559 -0.000122153 0.0230183 -0.00744695 -0.0335387 -0.0850996 -0.115231 -0.0782372 -0.0195318 -0.000165086 -0.00371697 0.000257484
internal_weight=0 141.914 2.78908 26569.9 139.125 32.8179 16.5623 12.4205 10.1806 8.86175 7.02448 26538.2 2812.88 23725.3
internal_count=218505 33943 430 184562 33513 5170 2555 1891 1769 1711 1346 183732 19337 164395
cat_boundaries=0 1 2
cat_threshold=82 16
is_linear=0
shrinkage=0.05


Tree=122
num_leaves=15
num_cat=2
split_feature=0 5 7 5 4 4 3 3 4 3 4 5 0 7
split_gain=21.5781 21.9234 18.7508 16.4395 46.9045 16.4148 15.4931 31.996 48.4806 44.7892 51.2878 25.724 25.1489 25.9973
threshold=5.5208333333333348 0.071439862698161785 0 0.074591119263250419 0.047595949224107252 0.086014867914509505 55.500000000000007 67.500000000000014 0.06068337758964519 143.50000000000003 -0.033154336293391762 -0.037426254959461787 15.687500000000002 1
decision_type=2 2 1 2 2 2 2 2 2 2 2 2 2 1
left_child=1 -1 -3 4 -4 -5 -2 8 12 10 -9 -12 13 -8
right_child=6 2 3 5 -6 -7 7 9 -10 -11 11 -13 -14 -15
leaf_value=0.031116021179784365 0.0017658854827955093 0.026758748230311054 0.051073041110174147 -0.020735594672444815 -0.38429010025766019 -0.18412417986177401 -0.022998053752706769 0.033104570258569367 -0.031562086156575603 -0.0020168215973872979 0.037445490994726487 0.0032228821647124748 -0.001936021617093119 -0.00086667206377340786
leaf_weight=104.32203648425639 7748.4132154006511 12.603003093041478 1.2139048661338194 18.526371539453979 1.2616491287481038 1.6763006719993416 287.48622440733016 152.73767489008605 147.59111477993429 5626.8836121903732 55.595182114746422 4456.4188893840183 7844.8688450045884 252.47322744270787
leaf_count=28484 66762 2184 312 2655 116 192 1874 3444 1202 30768 1128 33778 41617 3989
internal_value=0 0.0195932 -0.0144784 -0.0341403 -0.170807 -0.0342926 -0.000115917 -0.00089051 -0.00315446 0.000986451 0.00460917 0.00364456 -0.00265443 -0.0130919
internal_weight=0 139.603 35.2812 22.6782 2.47555 20.2027 26572.5 18824.1 8532.42 10291.6 4664.75 4512.01 8384.83 539.959
internal_count=218505 33943 5459 3275 428 2847 184562 117800 48682 69118 38350 34906 47480 5863
cat_boundaries=0 1 2
cat_threshold=141 49
is_linear=0
shrinkage=0.05


Tree=123
num_leaves=15
num_cat=1
split_feature=0 4 7 6 0 4 5 6 5 4 3 0 3 3
split_gain=20.3028 15.2142 15.3714 26.0113 21.2251 18.2311 34.1266 22.8497 23.7125 19.9574 19.9999 15.9549 15.0028 29.8397
threshold=4.229166666666667 -0.065550418009434383 0 -0.054131883293699355 28.812500000000004 -0.024789208124840621 0.016002371072910495 0.0057157707157707164 -0.0066733407496408362 0.050460127028934376 27.500000000000004 22.229166666666668 143.50000000000003 67.500000000000014
decision_type=2 2 1 2 2 2 2 2 2 2 2 2 2 2
left_child=-1 -2 5 4 -4 6 7 -3 11 10 -7 -9 13 -5
right_child=1 2 3 12 -6 9 -8 8 -10 -11 -12 -13 -14 -15
leaf_value=0.042822044495360936 0.035122845119273667 -0.013390600837868104 0.04544381781195081 -0.00025967382453441029 -0.03462986081066842 0.035471590289981557 0.028258753403164635 0.018586036947815642 -0.079043955372250271 -0.017327393466120614 -0.0015981054762058502 -0.05197055811640218 -0.002028982344526305 0.0043817052005337446
leaf_weight=27.635921559645794 30.698993819998577 157.90156726632267 52.005775205790997 13491.948433696991 9.8419912382960302 36.963535235030577 36.965353929670528 15.310860092286019 32.224003659794107 203.75032296217978 2327.4603845910169 16.808357130736113 5599.234304273501 4658.5903951697983
leaf_count=24238 846 1925 1286 102492 120 1642 372 343 354 1368 14223 101 30136 39059
internal_value=0 -5.60806e-05 -9.66211e-05 0.000317813 0.0327015 -0.00357538 -0.0162258 -0.0236248 -0.0487399 -0.00231247 -0.00101859 -0.018337 0.000233616 0.000931601
internal_weight=0 26669.7 26639 23811.6 61.8478 2827.38 259.21 222.245 64.3432 2568.17 2364.42 32.1192 23749.8 18150.5
internal_count=218505 194267 193421 173093 1406 20328 3095 2723 798 17233 15865 444 171687 141551
cat_boundaries=0 1
cat_threshold=16
is_linear=0
shrinkage=0.05


Tree=124
num_leaves=15
num_cat=1
split_feature=0 4 7 2 3 4 4 6 6 0 6 6 6 4
split_gain=19.3148 18.1972 17.5773 18.0505 21.2305 20.662 27.4161 41.4532 16.2664 36.0596 34.7896 53.6731 27.1334 22.3463
threshold=5.5208333333333348 0.041579494474231322 0 2.5000000000000004 53.500000000000007 0.086014867914509505 0.049702211539598438 0.083339865182630521 0.017198234714158284 14.562500000000002 -0.0060629034851930981 0.0031201323987538943 -1.0000000180025095e-35 0.048193612614879443
decision_type=2 2 1 2 2 2 2 2 2 2 2 2 2 2
left_child=1 -1 -3 5 -5 6 7 -4 9 10 -2 12 -12 -11
right_child=8 2 3 4 -6 -7 -8 -9 -10 13 11 -13 -14 -15
leaf_value=0.033594188319692374 0.026262550377475692 0.027297168475668571 0.050743438924632567 0.022656020399778883 -0.11691551606273327 -0.23561171185418683 -0.0042870829381552386 -0.31048437860368827 -0.0013829389239652769 0.00070957574423310184 0.0072041162459484474 0.01454184119194483 -0.026313649363556724 -0.012717682701508477
leaf_weight=82.138484480034094 253.009031399386 19.39025524770841 1.2880870711524015 17.260833526321225 3.2353209995198986 1.7154856490669779 8.8782557775848527 2.071398843661882 12871.050352877472 12367.07192222774 96.888544165529311 488.21379139367491 160.2414334542118 317.82669833302498
leaf_count=25713 6649 3240 238 2807 139 136 1260 410 89428 72915 2057 8742 3105 1666
internal_value=0 0.0187855 -0.00380671 -0.02266 0.000624633 -0.0731032 -0.0503228 -0.171983 -0.000106983 0.00109323 0.0102425 0.00480448 -0.0136839 0.000373149
internal_weight=0 135.978 53.8396 34.4494 20.4962 13.9532 12.2377 3.35949 26554.3 13683.3 998.353 745.344 257.13 12684.9
internal_count=218505 33943 8230 4990 2946 2044 1908 648 184562 95134 20553 13904 5162 74581
cat_boundaries=0 1
cat_threshold=141
is_linear=0
shrinkage=0.05


Tree=125
num_leaves=15
num_cat=2
split_feature=0 5 0 0 7 4 6 6 0 1 7 4 5 2
split_gain=22.2461 16.6019 37.5245 28.1263 26.689 26.3668 24.7207 20.8654 18.3202 23.1699 16.3476 25.3827 16.936 19.3172
threshold=4.229166666666667 -0.022720977083857969 28.645833333333339 13.937500000000002 0 0.039029577783193992 0.051816859023935603 -0.054131883293699355 28.312500000000004 8.5000000000000018 1 -0.022488156117863225 -0.016517987146603744 5.5000000000000009
decision_type=2 2 2 2 1 2 2 2 2 2 1 2 2 2
left_child=-1 2 3 5 -4 -2 8 -3 -5 -10 11 12 -9 -14
right_child=1 7 4 6 -6 -7 -8 10 9 -11 -12 -13 13 -15
leaf_value=0.04620501380919078 0.035015694588408426 0.041072181128929151 0.00081707407486689837 0.0042753245235204376 -0.030589385806641875 -0.083689805584789681 -0.048762146049483632 0.041146400498381287 0.00020053806625585201 0.057131102364430877 -0.001271482083945808 0.0007964706663444234 0.014468932068043656 -0.014720996409066512
leaf_weight=25.968700978148263 110.30176142370328 30.152665600180626 153.50497747957706 2017.9484830498695 116.2829779535532 4.8851324308197936 21.475698105990887 47.859101217007264 34.139278477057815 37.506980411708355 18461.64298205683 5282.365065772552 350.2940021478571 67.619640684919432
leaf_count=24285 5534 567 1069 19360 812 46 105 637 240 252 127102 34598 3615 644
internal_value=0 -9.51721e-05 0.00378758 0.00592173 -0.0138232 0.0299813 0.00460896 -0.000494989 0.00515748 0.0300038 -0.00054676 0.00177999 0.0129724 0.00974592
internal_weight=0 26736 2496.05 2226.26 269.788 115.187 2111.07 24239.9 2089.59 71.6463 24209.8 5748.14 465.773 417.914
internal_count=218866 194581 27418 25537 1881 5580 19957 167163 19852 492 166596 39494 4896 4259
cat_boundaries=0 1 2
cat_threshold=75 44
is_linear=0
shrinkage=0.05


Tree=126
num_leaves=15
num_cat=0
split_feature=0 3 2 5 6 6 0 5 4 6 3 6 4 3
split_gain=21.0718 15.9477 36.1346 27.8575 15.8343 14.7894 40.3445 14.2251 17.3487 22.4657 13.7732 25.7351 19.3619 36.3396
threshold=4.229166666666667 20.500000000000004 1.0000000180025095e-35 0.052134417329292949 0.10017731890049707 -0.054131883293699355 28.812500000000004 -0.051276020937356774 -0.04330550802240337 -0.025633203485552477 38.500000000000007 0.068500056938867473 0.066547560531876201 43.500000000000007
decision_type=2 2 2 2 2 2 2 2 2 2 2 2 2 2
left_child=-1 2 -2 -4 -5 6 -3 8 9 -7 11 -9 -12 -14
right_child=1 5 3 4 -6 7 -8 10 -10 -11 12 -13 13 -15
leaf_value=0.046020799843208088 -0.16681791643526658 0.039975812565604389 0.038538812169305825 -0.01758402223600905 -0.14138242872941667 -0.075341343606756261 -0.063616515560498216 0.0077687953826998044 0.029183753259309456 0.018039854480353584 -0.00031677720542449991 -0.0047883409314323135 -0.051678292181837573 -0.0058242870340914007
leaf_weight=24.798611526959576 4.5556681959424195 57.650255487300456 12.280536554870197 5.8245828307699394 4.6408995753154159 10.232073250226678 11.229487113654612 1324.1903191003948 83.097509241430089 17.382854893803596 24176.048629398923 589.74013946810737 48.72848953306675 381.40017125383019
leaf_count=24285 310 1512 1692 402 160 370 138 23633 2031 502 154245 6713 248 2625
internal_value=0 -9.06109e-05 -0.0382852 -0.0125421 -0.0724822 -5.15551e-05 0.0230871 -0.000111403 0.0177738 -0.0165604 -0.000186067 0.00389956 -0.000503858 -0.011019
internal_weight=0 26727 27.3017 22.746 10.4655 26699.7 68.8797 26630.8 110.712 27.6149 26520.1 1913.93 24606.2 430.129
internal_count=218866 194581 2564 2254 562 192017 1650 190367 2903 872 187464 30346 157118 2873
is_linear=0
shrinkage=0.05


Tree=127
num_leaves=15
num_cat=2
split_feature=0 6 0 2 5 5 2 0 6 5 0 7 7 2
split_gain=15.6481 15.1049 38.5717 27.1971 73.6633 25.8966 17.2912 15.3672 32.1786 22.6551 22.0145 21.4437 17.5875 23.7406
threshold=4.354166666666667 0.044766216549714889 8.6875000000000018 1.0000000180025095e-35 0.05755801679198403 0.068580909425300832 1.0000000180025095e-35 28.645833333333339 -0.054131883293699355 -0.022720977083857969 13.937500000000002 0 1 3.5000000000000004
decision_type=2 2 2 2 2 2 2 2 2 2 2 1 1 2
left_child=-1 2 3 4 -2 7 -3 8 -4 10 -10 -9 -11 -14
right_child=1 6 5 -5 -6 -7 -8 11 9 12 -12 -13 13 -15
leaf_value=0.03647373565371969 0.020197371742762135 -0.0096122518717518535 0.039174019435401553 0.032821362487292692 -0.17425867830381217 -0.017364916343283691 -0.0013313986350362748 -0.013582476929499671 0.029119837344782615 0.0022111181605351479 0.0045820653015039075 -0.00099434543812261132 0.0009874041535639208 -0.0039048779359983233
leaf_weight=29.301875835575629 23.867804491193969 730.4193023648113 54.859563087578863 145.24358741845936 6.1187469069845966 205.09901431947947 4603.6587904579937 417.21643833443522 95.716288215946406 6614.3637355314568 2030.2468492249027 1653.807864215225 5805.2257645339705 4328.8707722998224
leaf_count=25334 1918 6288 1502 11466 138 1247 38627 2038 3757 39425 18806 7925 34432 25963
internal_value=0 -8.50194e-05 0.000508825 0.023871 -0.0194813 0.000315773 -0.00246533 0.000488451 0.000935835 0.000824693 0.00568682 -0.00360066 0.00020752 -0.00110129
internal_weight=0 26714.7 21380.6 175.23 29.9866 21205.4 5334.08 21000.3 18929.3 18874.4 2125.96 2071.02 16748.5 10134.1
internal_count=218866 193532 148617 13522 2056 135095 44915 133848 123885 122383 22563 9963 99820 60395
cat_boundaries=0 1 2
cat_threshold=160 45
is_linear=0
shrinkage=0.05


Tree=128
num_leaves=15
num_cat=0
split_feature=0 6 0 0 3 3 6 3 5 3 2 6 0 2
split_gain=14.67 14.2014 21.6594 18.3207 29.4149 16.9981 15.2157 46.9593 16.864 18.2476 23.0697 13.5533 21.7691 29.8049
threshold=4.354166666666667 0.10017731890049707 6.4375000000000009 5.2708333333333348 21.500000000000004 90.500000000000014 1.0000000180025095e-35 44.500000000000007 0.026145289920249452 23.500000000000004 1.0000000180025095e-35 0.041501811452550379 8.6875000000000018 1.0000000180025095e-35
decision_type=2 2 2 2 2 2 2 2 2 2 2 2 2 2
left_child=-1 2 6 4 -3 -5 7 -2 -8 10 -10 12 13 -4
right_child=1 3 11 5 -6 -7 8 -9 9 -11 -12 -13 -14 -15
leaf_value=0.035964748309743159 0.05032762593023269 -0.13443728969094393 -0.032100559527544023 -0.0017175807659817605 -0.01931813186471781 -0.040620842789998182 0.050469675493022149 -0.3936395090216831 -0.1016429624628791 0.024023107923636457 0.00094399047778934804 -0.00224542788006822 0.00039381577107035605 0.033080465150555155
leaf_weight=28.257380717084743 1.7566394850146019 7.4850466921925571 21.270159110194072 207.54338431172073 21.452704530209303 32.471203854307532 36.000027246889658 0.90115275164134789 6.7776482836343339 85.065087108174339 28.628232782706618 5649.4563070719596 20502.212598891929 99.959256026661023
leaf_count=25334 432 206 1192 1713 660 177 6176 221 273 5020 1900 38166 131035 6361
internal_value=0 -8.05728e-05 3.57446e-05 -0.011512 -0.0490949 -0.00698074 0.0184268 -0.100204 0.0204419 0.0114688 -0.0186939 -7.56459e-05 0.000518731 0.0216442
internal_weight=0 26701 26432 268.952 28.9378 240.015 159.129 2.65779 156.471 120.471 35.4059 26272.9 20623.4 121.229
internal_count=218866 193532 190776 2756 866 1890 14022 653 13369 7193 2173 176754 138588 7553
is_linear=0
shrinkage=0.05


Tree=129
num_leaves=15
num_cat=1
split_feature=0 3 4 5 1 4 7 4 3 5 6 5 1 0
split_gain=13.7456 15.4288 29.288 21.0414 16.4445 13.6182 13.1008 28.4416 19.1668 23.6324 18.6293 20.4066 23.6215 17.0048
threshold=4.354166666666667 20.500000000000004 0.018874910061263125 0.052134417329292949 7.5000000000000009 -0.065550418009434383 0 -0.023855610842166083 36.500000000000007 0.0363680451459307 0.048695215645189464 0.047998136067101592 8.5000000000000018 29.187500000000004
decision_type=2 2 2 2 2 2 1 2 2 2 2 2 2 2
left_child=-1 2 -2 4 -4 -3 7 13 9 -9 -10 -12 -13 -7
right_child=1 5 3 -5 -6 6 -8 8 10 -11 11 12 -14 -15
leaf_value=0.035444664651398089 0.0506393248510459 0.034094990828027104 -0.085118845028248485 -0.11276510678939389 0.051366533959114391 0.014615226826878096 -0.00069271785777362776 0.031753108099250076 0.0015344422564168157 0.00046550870737185456 -0.011430932039410365 -0.032570315538651591 0.01019623984035691 -0.021578641177328176
leaf_weight=27.263758970657364 6.9979370224755284 29.191055851522833 4.0263885373715329 11.451749048195778 4.8838132116943598 545.89366342988797 20328.899008398992 109.8714823005721 4580.5661275116727 133.91405346943066 618.32499738060869 37.061438509263098 250.67348382156342 34.50320577993989
leaf_count=25334 1177 845 279 395 382 6975 145088 2555 27325 1389 4698 221 1974 229
internal_value=0 -7.59792e-05 -0.0376041 -0.0679313 -0.0103092 -3.74787e-05 -7.48801e-05 0.00191342 0.000848195 0.0145665 0.000238654 -0.00631217 0.00468773 0.0124636
internal_weight=0 26696.3 27.3599 20.362 8.9102 26668.9 26639.7 6310.81 5730.41 243.786 5486.63 906.06 287.735 580.397
internal_count=218866 193532 2233 1056 661 191299 190454 45366 38162 3944 34218 6893 2195 7204
cat_boundaries=0 1
cat_threshold=44
is_linear=0
shrinkage=0.05


Tree=130
num_leaves=15
num_cat=0
split_feature=5 0 5 4 0 5 4 4 1 3 1 1 5 2
split_gain=13.654 13.3321 40.7471 36.262 14.4469 13.2628 17.2705 13.3948 24.7602 12.5146 26.3263 22.5996 14.3794 16.4322
threshold=-0.063630906908217807 7.4375000000000009 0.030209536818567081 0.0064250774577653078 7.0625000000000009 0.10401453104359314 0.05455056754269353 0.066547560531876201 21.500000000000004 77.500000000000014 15.000000000000002 8.5000000000000018 0.082077320448561086 5.5000000000000009
decision_type=2 2 2 2 2 2 2 2 2 2 2 2 2 2
left_child=-1 2 -2 -4 5 7 -7 9 -9 12 11 -11 13 -5
right_child=1 -3 3 4 -6 6 -8 8 -10 10 -12 -13 -14 -15
leaf_value=0.037568848373195705 0.034404637828878218 -6.7558067758955001e-05 0.050929863451192429 -0.019439218566437141 0.01699762812212292 0.019816032258533661 -0.10769722307729218 0.037838781471065265 -0.049903540996098214 -0.069173584861310686 -0.11693553133187279 0.053457859292632859 0.025751348596819552 0.023053255669395364
leaf_weight=24.319481305312365 114.23793848761125 26129.665420426056 32.493709144589957 151.74182078940794 65.049995956942439 4.1548878013854829 7.3579997121705674 35.253896164707839 10.415940401959231 7.3729776609689015 8.4628129876218718 7.6603903113864362 27.534914399904665 26.764623665367253
leaf_count=830 21267 169060 5704 12922 884 356 372 1795 373 209 207 221 2023 2152
internal_value=0 8.69729e-05 0.00818693 0.00039266 -0.00427556 -0.00910194 -0.0616789 -0.00690246 0.0178274 -0.0118228 -0.0463952 -0.00668561 -0.00788031 -0.013068
internal_weight=0 26628.2 498.502 384.264 351.77 286.72 11.5129 275.207 45.6698 229.538 23.4962 15.0334 206.041 178.506
internal_count=218375 217545 48485 27218 21514 20630 728 19902 2168 17734 637 430 17097 15074
is_linear=0
shrinkage=0.05


Tree=131
num_leaves=15
num_cat=0
split_feature=0 5 4 0 6 5 4 0 6 2 4 0 5 0
split_gain=12.1123 38.3229 34.2988 13.0443 12.2135 11.9029 14.1446 11.4169 11.3395 16.7576 33.1335 19.875 17.0751 35.6989
threshold=7.4375000000000009 0.030209536818567081 0.0064250774577653078 7.0625000000000009 0.019811901307288625 0.10401453104359314 0.05455056754269353 3.7291666666666674 0.026111665924687066 5.5000000000000009 0.055521266246437544 12.312500000000002 -0.022720977083857969 28.645833333333339
decision_type=2 2 2 2 2 2 2 2 2 2 2 2 2 2
left_child=1 -1 -3 4 -4 7 -7 -6 9 -2 11 -11 13 -13
right_child=8 2 3 -5 5 6 -8 -9 -10 10 -12 12 -14 -15
leaf_value=0.033812490106872706 0.001424302657886253 0.050884933378189036 -0.10606103052905468 0.016365252709675739 0.050046223867583617 0.019133189332889728 -0.095498783527505959 -0.0072157267578383689 -0.0013749083596095286 0.023057913870788142 -0.049139485487552509 0.012662136189283777 -0.005094823932269627 -0.044198104776112634
leaf_weight=110.52166002668673 14040.009005265078 30.935575867712032 3.17590845451923 64.207347004674375 9.0005949549376947 4.0897039805422519 7.8686409997753799 264.84457919356646 9808.2909335219301 74.192930933786556 38.552003771066666 294.24252298474312 1867.7092276541516 30.462106976658106
leaf_count=21267 93835 5704 320 884 10211 356 372 9371 60538 1878 240 3031 10130 238
internal_value=0 0.00786687 0.000401662 -0.00402016 -0.00854953 -0.00746596 -0.0562951 -0.00533367 -3.09041e-05 0.000775596 -0.00317547 -0.00239369 -0.00325499 0.0073278
internal_weight=0 494.644 384.122 353.187 288.979 285.804 11.9583 273.845 26153.5 16345.2 2305.16 2266.61 2192.41 324.705
internal_count=218375 48485 27218 21514 20630 20310 728 19582 169890 109352 15517 15277 13399 3269
is_linear=0
shrinkage=0.05


Tree=132
num_leaves=15
num_cat=0
split_feature=3 6 4 3 0 0 3 0 4 4 6 6 4 0
split_gain=11.9558 23.5197 19.0014 14.9584 14.0449 14.2168 13.626 15.7048 17.7223 18.323 96.4816 35.8111 15.0345 36.3508
threshold=38.500000000000007 -1.0000000180025095e-35 -0.015916037190348131 37.500000000000007 12.312500000000002 13.312500000000002 24.500000000000004 7.3125000000000009 0.0064250774577653078 0.011885356608302115 0.034616640707431048 0.10862624096341288 0.021930969721955022 7.8125000000000009
decision_type=2 2 2 2 2 2 2 2 2 2 2 2 2 2
left_child=1 3 4 -1 -3 -6 7 8 -4 10 -10 -12 13 -8
right_child=-2 2 6 -5 5 -7 12 -9 9 -11 11 -13 -14 -15
leaf_value=0.043430390879629681 -0.00018621788653478463 0.045835456465994878 0.050654007526671374 -0.0097524878640999138 -0.040053839303463706 0.026184832944833286 0.03569942403036238 -0.04435824406169777 -0.58406389273836412 -0.0062614259689820345 0.050750725822795162 -0.31069361102007992 0.0069084593334072311 -0.0066773003043954504
leaf_weight=58.040507360594347 24701.69474483165 43.469999880413525 13.03675775520969 17.121834439225495 12.282253155484794 23.793207257986069 55.476438624260481 30.840115859173238 0.86669341305969183 106.33114338578889 4.0025141313089989 0.8268608409562147 993.4258298301138 576.37987606786191
leaf_count=2300 165778 5859 4890 377 277 344 5664 361 172 12833 1163 152 11115 7090
internal_value=0 0.00389418 0.00278653 0.0313154 0.0266959 0.00363321 0.00171877 -0.0124013 -0.00452084 -0.0109416 -0.0983089 -0.0111339 0.00307322 -0.00295666
internal_weight=0 1935.89 1860.73 75.1623 79.5455 36.0755 1781.19 155.904 125.064 112.027 5.69607 4.82937 1625.28 631.856
internal_count=218375 52597 49920 2677 6480 621 43440 19571 19210 14320 1487 1315 23869 12754
is_linear=0
shrinkage=0.05


Tree=133
num_leaves=15
num_cat=0
split_feature=3 6 4 3 5 3 3 3 1 4 3 4 3 6
split_gain=10.8757 21.9629 17.6843 14.2891 12.4551 14.8413 27.4554 28.4057 15.9898 13.9255 12.0889 13.6021 31.526 26.6836
threshold=38.500000000000007 -1.0000000180025095e-35 -0.015916037190348131 37.500000000000007 0.06753188671793324 42.500000000000007 49.500000000000007 60.500000000000007 7.5000000000000009 0.010051737100642184 24.500000000000004 0.021930969721955022 29.500000000000004 0.0070443211234524012
decision_type=2 2 2 2 2 2 2 2 2 2 2 2 2 2
left_child=1 3 -3 -1 -2 8 -7 -8 -6 -9 -4 12 -12 -13
right_child=4 2 10 -5 5 6 7 9 -10 -11 11 13 -14 -15
leaf_value=0.042857638899136741 1.5676350582863259e-06 0.02601925314950386 -0.011587724550927912 -0.0091924045818739652 -0.058566440165015748 0.021727991231370768 -0.02844821752056342 -0.031426683388000164 -0.0092932051690974172 0.0024234449758208567 0.023319305354951084 -0.054043713382083747 -0.0075737267306788553 0.0076940970812471449
leaf_weight=55.929132752586156 24093.604365248117 77.644045268185437 157.40055429813219 17.253312696469948 27.610283846210223 84.431269275024533 136.05985754082212 33.995405292895157 40.788679143064655 285.92589196015615 97.664488008478656 17.822468276252039 534.7723286303808 972.64094914187444
leaf_count=2300 160548 6480 19571 377 177 848 1457 271 410 2067 4298 207 8456 10908
internal_value=0 0.00371926 0.00266099 0.0305864 -0.000176902 -0.00723979 -0.00446247 -0.009312 -0.0291831 -0.00117353 0.00164227 0.00292541 -0.00280305 0.00658318
internal_weight=0 1931.13 1857.94 73.1824 24702.4 608.811 540.412 455.981 68.399 319.921 1780.3 1622.9 632.437 990.463
internal_count=218375 52597 49920 2677 165778 5230 4643 3795 587 2338 43440 23869 12754 11115
is_linear=0
shrinkage=0.05


Tree=134
num_leaves=15
num_cat=2
split_feature=8 0 5 4 5 3 6 6 7 0 5 1 4 0
split_gain=10.9326 14.1293 26.5038 21.9672 17.4651 11.6901 14.7178 11.4032 25.269 27.7136 20.3523 25.3782 14.3593 12.4253
threshold=0 7.4375000000000009 0.030209536818567081 0.0070646423509213236 0.031251013097322193 55.500000000000007 0.041501811452550379 -0.038828872096345689 1 28.812500000000004 0.0054948447452769517 7.5000000000000009 -0.021643820478448667 23.604166666666668
decision_type=1 2 2 2 2 2 2 2 1 2 2 2 2 2
left_child=5 2 -2 -4 -5 -1 -7 8 -3 10 11 12 -10 -13
right_child=1 7 3 4 -6 6 -8 -9 9 -11 -12 13 -14 -15
leaf_value=0.00051764545155190498 0.035583085507575128 0.024314912914948611 0.050799683200444569 -0.11512478713250343 0.000631183652657683 -0.0026862591815541466 -0.014006523118523226 0.00033743228462329035 -0.005487441237985809 -0.055218555757703319 0.049354211375397555 0.027444118905509227 -0.074855361770662029 -0.0092698966900428125
leaf_weight=3049.1109858208802 81.272387934848666 145.10660513676703 22.361137254105415 3.2999074503313741 259.95061726961285 2973.1761320885271 317.81698842346668 19609.753338345559 13.600213221274318 22.781571418046951 21.21409148350358 46.687273966148496 16.524915842339396 45.50928370654583
leaf_count=33904 16276 2454 4467 321 15918 15909 1928 124668 304 211 187 994 186 648
internal_value=0 0.000666924 0.0103903 0.00322156 -0.000819845 -0.00171019 -0.00377948 0.000488185 0.0099808 -0.00376109 0.00414406 -0.00369668 -0.0435387 0.00932166
internal_weight=0 20288.1 366.884 285.612 263.251 6340.1 3290.99 19921.2 311.424 166.317 143.536 122.322 30.1251 92.1966
internal_count=218375 166634 36982 20706 16239 51741 17837 129652 4984 2530 2319 2132 490 1642
cat_boundaries=0 1 2
cat_threshold=80 7
is_linear=0
shrinkage=0.05


Tree=135
num_leaves=15
num_cat=1
split_feature=5 7 0 4 4 3 5 0 6 2 3 4 0 0
split_gain=16.5903 15.1986 22.2829 29.9299 27.1029 27.0054 21.8195 21.1441 20.2637 36.4539 19.7271 22.1472 19.6597 31.7773
threshold=-0.057602395880464514 0 12.312500000000002 0.005225636064320323 0.05455056754269353 146.50000000000003 0.040302769574683234 20.062500000000004 0.0046633638470373173 5.5000000000000009 55.500000000000007 -0.040199758095689354 21.229166666666668 16.187500000000004
decision_type=2 1 2 2 2 2 2 2 2 2 2 2 2 2
left_child=-1 2 3 -2 -4 6 7 -6 9 -3 11 -10 13 -13
right_child=1 8 4 -5 5 -7 -8 -9 10 -11 -12 12 -14 -15
leaf_value=0.028974040890907091 0.025137269719578682 0.003067746844255888 0.0013936622869076929 0.0043662137840698055 -0.032894116728593395 -0.037689524152626046 0.014829672339883859 0.012289235019705459 0.04462471200416801 -0.0076401112955452009 -0.0039303990937910507 -0.0015531192266786916 -0.0079208192599839397 0.0078084540935022366
leaf_weight=49.800867813173681 214.98456153384177 5395.53056933888 7646.443206644617 897.29026891750982 79.847920551896095 85.926740776747465 86.292851630598307 38.317698605358601 28.013266761088744 932.15739416482393 6209.605928768462 2989.018453169323 670.44490487873554 1301.0518598891795
leaf_count=1679 11309 38970 43294 17667 367 597 546 256 1176 6612 37009 49561 3228 6279
internal_value=0 8.82256e-05 0.00175116 0.00838092 0.000824269 -0.014169 -0.00428418 -0.0182425 -0.000770958 0.00149033 -0.00204942 0.000291972 4.16144e-05 0.00128597
internal_weight=0 26574.9 9049.1 1112.27 7936.83 290.385 204.458 118.166 17525.8 6327.69 11198.1 4988.53 4960.52 4290.07
internal_count=218550 216871 74036 28976 45060 1766 1169 623 142835 45582 97253 60244 59068 55840
cat_boundaries=0 1
cat_threshold=172
is_linear=0
shrinkage=0.05


Tree=136
num_leaves=15
num_cat=2
split_feature=6 2 4 0 0 4 7 7 0 4 2 4 0 1
split_gain=14.1101 26.0504 26.9733 49.7169 24.6628 33.232 24.375 21.9614 22.9586 18.24 17.3554 27.0344 17.0536 35.6751
threshold=0.0046633638470373173 5.5000000000000009 0.020908066223519383 26.312500000000004 26.729166666666668 0.027345530423883321 0 1 27.895833333333339 -0.0042540265246503442 4.5000000000000009 -0.018698724592295223 27.479166666666668 15.000000000000002
decision_type=2 2 2 2 2 2 1 1 2 2 2 2 2 2
left_child=1 -1 3 -3 5 -4 9 8 -2 -5 11 -10 13 -8
right_child=7 2 4 6 -6 -7 12 -9 10 -11 -12 -13 -14 -15
leaf_value=0.0027570639435586094 -0.0021099350935138081 0.0059666680341283569 -0.060968191217585302 -0.012535192851873607 0.008218008457926966 -0.014594915515833638 -0.012789795503905974 0.00079852814720604104 -0.056105682642251964 0.035915984091687517 0.0033657944589546465 -0.013995443124077682 -0.015063632640644765 -0.076230393627315998
leaf_weight=8141.5078613983933 6712.958518231404 761.58630050107604 56.373213312588632 41.27421335875988 58.441164001822472 122.76650679297745 50.142589939758182 9918.7269481318071 43.892977580428123 36.694053709506989 109.97781087458134 289.47219024226069 225.28195616602898 39.709216859191656
leaf_count=60131 60078 6778 298 267 293 658 286 85867 201 160 565 1535 1189 244
internal_value=0 0.00167624 -0.00464403 -0.00148722 -0.0199867 -0.0291881 -0.0159282 -0.000724995 -0.00283377 0.00910013 -0.0138578 -0.0195399 -0.0217201 -0.0408268
internal_weight=0 9533.78 1392.27 1154.69 237.581 179.14 393.102 17075 7156.3 77.9683 443.343 333.365 315.134 89.8518
internal_count=218550 70304 10173 8924 1249 956 2146 148246 62379 427 2301 1736 1719 530
cat_boundaries=0 1 2
cat_threshold=132 19
is_linear=0
shrinkage=0.05


Tree=137
num_leaves=15
num_cat=1
split_feature=5 6 7 0 4 4 5 6 5 5 4 1 6 2
split_gain=15.3558 12.7832 12.6321 20.7082 27.9131 24.3539 20.6327 19.2709 18.5841 26.0818 16.3893 22.5622 15.8394 29.3739
threshold=-0.057602395880464514 -0.059653634028419916 0 12.312500000000002 0.005225636064320323 0.05455056754269353 0.044498882945908237 0.025722836453122993 0.012502112200067592 0.0017805211054469216 0.049702211539598438 18.500000000000004 0.0046633638470373173 5.5000000000000009
decision_type=2 2 1 2 2 2 2 2 2 2 2 2 2 2
left_child=-1 -2 3 4 -3 -5 -7 -6 9 -9 11 -11 13 -4
right_child=1 2 12 5 7 6 -8 8 -10 10 -12 -13 -14 -15
leaf_value=0.028259175217704404 0.03378564305758347 0.024363451710945581 0.0026854329962974553 0.0012066234632724386 0.02375059975085312 -0.023231275232660029 0.004913630842950413 0.0094223625144115863 0.0041549426860546888 -0.077617149269565436 0.01798303761171386 0.012179166146502746 -0.0018707584274024248 -0.0069327073584662504
leaf_weight=48.425254819914699 28.096469574607909 210.33309609314892 5368.4663159853662 7634.1869543064386 109.69705035432708 189.89862622320652 99.099233064800501 41.215584235615097 694.44565624569077 31.663224761316087 8.6592851958703232 8.9789567317347956 11197.117193439044 931.56145208224189
leaf_count=1679 704 11309 38594 43059 2342 1076 690 1110 13038 804 115 258 97253 6519
internal_value=0 7.75236e-05 4.18189e-05 0.00155982 0.00797381 0.000667274 -0.0135802 0.00412064 0.00137739 -0.019932 -0.044472 -0.0577787 -0.000741908 0.00126323
internal_weight=0 26553.4 26525.3 9028.18 1104.99 7923.18 288.998 894.66 784.963 90.5171 49.3015 40.6422 17497.1 6300.03
internal_count=218550 216871 216167 73801 28976 44825 1766 17667 15325 2287 1177 1062 142366 45113
cat_boundaries=0 1
cat_threshold=172
is_linear=0
shrinkage=0.05


Tree=138
num_leaves=15
num_cat=0
split_feature=5 4 3 3 5 6 0 5 4 2 0 6 4 4
split_gain=14.2472 12.6405 15.076 15.0755 10.6065 10.4069 26.8479 17.1318 26.1059 17.0034 15.7847 19.7117 21.2144 28.8623
threshold=-0.057602395880464514 -0.052231588671728391 54.500000000000007 58.500000000000007 -0.045308475990442021 0.10621976553840283 9.3125000000000018 0.084668806764798002 0.046923193728705792 1.0000000180025095e-35 5.6458333333333348 0.093459902390110552 0.051206552331304507 0.046284004017054868
decision_type=2 2 2 2 2 2 2 2 2 2 2 2 2 2
left_child=-1 2 -2 -4 -5 10 7 -7 -9 -10 11 -3 13 -13
right_child=1 5 3 4 -6 6 -8 8 9 -11 -12 12 -14 -15
leaf_value=0.027575578110295512 0.051985886478058269 0.031750055812315922 -0.045208513507004555 -0.027465769123108125 0.019473802935321548 0.0065314265925759951 -0.048247515522139982 0.027113659424661096 0.00076698849505262988 -0.1122464154833871 -1.9767455218858672e-06 -0.03221356430278477 0.046215267876761133 -0.26982102919796652
leaf_weight=47.176547257462516 22.932496161782183 78.814498417719733 12.083895201678386 13.74932889966294 96.498394667403772 114.44058806460816 39.777117259800434 9.3699245696770976 4.7627465836703768 11.050325839663854 26114.521991827525 14.881506835285114 8.1461454741656762 1.3981319274171244
leaf_count=1679 1146 24028 245 376 1995 5964 179 644 176 832 177366 2834 885 201
internal_value=0 7.39824e-05 0.0147829 0.00780877 0.0136198 -6.96108e-06 -0.0120085 -0.00168448 -0.0390205 -0.0782079 7.51623e-05 0.0195874 -0.0196577 -0.0526198
internal_weight=0 26542.4 145.264 122.332 110.248 26397.2 179.401 139.624 25.183 15.8131 26217.8 103.24 24.4258 16.2796
internal_count=218550 216871 3762 2616 2371 213109 7795 7616 1652 1008 205314 27948 3920 3035
is_linear=0
shrinkage=0.05


Tree=139
num_leaves=15
num_cat=0
split_feature=5 6 3 3 3 5 0 4 6 0 4 5 0 5
split_gain=13.2105 11.8616 10.5196 27.4349 42.9987 43.5214 40.337 33.9535 27.4143 38.6571 32.6665 24.3494 23.0802 23.078
threshold=-0.057602395880464514 -0.059653634028419916 55.500000000000007 67.500000000000014 123.50000000000001 -0.0093438963839139952 15.687500000000002 0.064879261445452821 -0.010810042014707068 20.062500000000004 -0.040199758095689354 0.051549411459182633 8.1875000000000018 -0.0043276665649966016
decision_type=2 2 2 2 2 2 2 2 2 2 2 2 2 2
left_child=-1 -2 8 6 5 -5 -4 -8 9 -3 -10 -6 -7 -11
right_child=1 2 3 4 11 12 7 -9 10 13 -12 -13 -14 -15
leaf_value=0.026892566873181003 0.033055431086736198 0.02311108197001846 -0.01541780741608648 0.024716453594129988 -0.00015879105648929832 0.02239252676796882 -0.0014710146683718128 -0.037191182956786875 0.03858694397370066 -0.012357320610666031 0.0003397247877778909 -0.013157385354752825 0.0030080548662069148 0.012734916075081475
leaf_weight=45.98661358456593 27.227624168619514 340.14643059577793 581.80384443805087 293.15525229787454 7153.9519827379845 164.72527363774134 7814.0972868595272 67.098232243210077 56.273832378967199 190.47225399129093 7028.4751782635576 379.38205610588193 2265.0718318955041 176.59110097028315
leaf_count=1679 704 5740 7830 5508 39524 5294 40868 626 2317 1857 86399 2289 16934 981
internal_value=0 7.0668e-05 3.6792e-05 -0.000605797 0.00113298 0.00651786 -0.00271302 -0.00177513 0.00158054 0.0109675 0.000643521 -0.000813406 0.0043222 -0.000285656
internal_weight=0 26538.5 26511.2 18719.3 10256.3 2722.95 8463 7881.2 7791.96 707.21 7084.75 7533.33 2429.8 367.063
internal_count=218550 216871 216167 118873 69549 27736 49324 41494 97294 8578 88716 41813 22228 2838
is_linear=0
shrinkage=0.05


Tree=140
num_leaves=15
num_cat=1
split_feature=4 0 5 0 7 5 0 5 2 0 2 2 1 0
split_gain=15.704 17.2831 15.6357 14.2176 22.0257 21.1598 31.7645 18.5631 16.5493 16.4848 15.4831 15.5163 30.0742 20.4443
threshold=0.066547560531876201 24.312500000000004 0.091671957915181054 28.645833333333339 0 -0.038532818685691424 16.562500000000004 -0.017491602833420165 2.5000000000000004 24.979166666666668 5.5000000000000009 1.5000000000000002 20.500000000000004 29.104166666666668
decision_type=2 2 2 2 1 2 2 2 2 2 2 2 2 2
left_child=3 2 -2 5 7 6 -1 8 -5 -8 11 -6 -13 -14
right_child=1 -3 -4 4 10 -7 9 -9 -10 -11 -12 12 13 -15
leaf_value=0.044735808472339121 -0.0037417070301535129 -0.035714652687226379 -0.047731078802501492 -0.049326158911466134 -0.0059966080553839115 0.00019584622961712654 0.014434289110596571 -0.0075668169140687431 -0.012269413421664254 -0.005110100627384242 -0.013887624466194555 -0.00023987841414147256 -0.0042545961721118077 0.030097759352081966
leaf_weight=59.963323951582424 485.03460557787912 52.493776269257069 21.078409251815174 55.598832134157419 440.66472708806396 23448.131665757217 248.20876132603735 529.91707419231534 65.769926056265831 190.84433875232935 185.654361307621 597.90744409710169 58.476226173341274 167.00610186159611
leaf_count=2681 4509 534 614 361 2119 193460 4344 2418 407 2334 903 2916 308 791
internal_value=0 -0.00840618 -0.00557376 6.6665e-05 -0.00387708 0.000412668 0.0106008 -0.0114311 -0.029245 0.00593888 -0.000401792 0.00157572 0.00562831 0.0211889
internal_weight=0 558.607 506.113 26048.1 2100.99 23947.1 499.016 651.286 121.369 439.053 1449.71 1264.05 823.39 225.482
internal_count=218699 5657 5123 213042 10223 202819 9359 3186 768 6678 7037 6134 4015 1099
cat_boundaries=0 1
cat_threshold=176
is_linear=0
shrinkage=0.05


Tree=141
num_leaves=15
num_cat=0
split_feature=4 0 5 0 0 5 0 5 0 6 2 1 6 3
split_gain=14.2135 16.2442 13.9182 14.0229 12.8216 19.3161 30.3928 18.7209 15.0714 14.268 13.6541 12.6308 18.949 32.9647
threshold=0.066547560531876201 24.312500000000004 0.091671957915181054 8.3125000000000018 28.645833333333339 -0.038532818685691424 16.562500000000004 -0.037426254959461787 24.979166666666668 -0.054131883293699355 1.5000000000000002 20.500000000000004 0.064867696047733375 32.500000000000007
decision_type=2 2 2 2 2 2 2 2 2 2 2 2 2 2
left_child=4 2 3 -2 5 6 -1 -6 -8 -7 -9 12 13 -11
right_child=1 -3 -4 -5 7 9 8 10 -10 11 -12 -13 -14 -15
leaf_value=0.044328119001433811 0.014430900729373579 -0.034870415157175885 -0.044845281563921729 -0.0075756537263198037 -0.026800730764231947 0.031845944875682167 0.013880471352745342 -0.0089246448464234823 -0.0048360401670650656 0.018993421008498355 7.4632650787593074e-06 -0.0019387819118768985 -0.004673305778510539 0.00098986949325242241
leaf_weight=57.550331573293079 88.566880741971545 51.111935641616583 21.306989488191903 396.29980036243796 84.053599774837494 35.532408297993243 245.28264441248029 615.67639019340277 191.55774336494505 258.33190238586394 1402.4809010438621 5577.162018969073 1458.6860146071413 16117.516214186151
leaf_count=2681 2337 534 614 2172 853 887 4344 2828 2334 12727 6542 45466 25698 108682
internal_value=0 -0.00800656 -0.00529393 -0.00355589 6.35487e-05 0.000392287 0.0101728 -0.00368037 0.00567314 0.000186061 -0.00271744 0.00013801 0.000787459 0.00127388
internal_weight=0 557.286 506.174 484.867 26043.8 23941.6 494.391 2102.21 436.84 23447.2 2018.16 23411.7 17834.5 16375.8
internal_count=218699 5657 5123 4509 213042 202819 9359 10223 6678 193460 9370 192573 147107 121409
is_linear=0
shrinkage=0.05


Tree=142
num_leaves=15
num_cat=1
split_feature=4 0 0 6 7 2 2 1 3 1 0 6 3 3
split_gain=12.896 15.2346 12.2605 18.2603 17.3639 32.0938 49.9569 44.6736 12.2936 17.4396 17.8191 36.8357 18.2743 23.369
threshold=0.066547560531876201 24.312500000000004 5.5208333333333348 0.083339865182630521 0 3.5000000000000004 5.5000000000000009 16.500000000000004 24.500000000000004 6.5000000000000009 5.8125000000000009 0.093459902390110552 22.500000000000004 23.500000000000004
decision_type=2 2 2 2 1 2 2 2 2 2 2 2 2 2
left_child=2 -2 3 -1 5 -5 7 -7 9 -4 11 -11 -12 -14
right_child=1 -3 8 4 -6 6 -8 -9 -10 10 12 -13 13 -15
leaf_value=0.039270937516626463 -0.0050420966782680453 -0.034032746229168083 0.019095837850381169 -0.0015046860460465358 0.012827289450227609 -0.45253565389286382 0.051521891557632149 -0.082369857412474573 5.5043238738409489e-05 -0.0011296079074087858 0.024913367704581069 -0.20347947041339864 -0.084622208130046062 -0.0089885836743676967
leaf_weight=49.406326990458183 504.80510042846436 49.785558752715588 23.218440415803343 6.5159105282509682 48.142808147938922 1.7865252263145524 1.6802725637680849 1.4989519213559104 25836.067270829342 4.7710676983697322 15.811190895270554 4.2547474140301347 16.533416241873056 26.715494652045891
leaf_count=19291 5123 534 762 1454 9867 397 386 344 178023 440 819 61 569 629
internal_value=0 -0.00764458 6.06802e-05 0.0167923 -0.00183404 -0.0398092 -0.170239 -0.283653 -9.68033e-06 -0.0183243 -0.0310852 -0.0965168 -0.0210856 -0.0379022
internal_weight=0 554.591 26036.4 109.031 59.6245 11.4817 4.96575 3.28548 25927.4 91.3044 68.0859 9.02582 59.0601 43.2489
internal_count=218699 5657 213042 31739 12448 2581 1127 741 181303 3280 2518 501 2017 1198
cat_boundaries=0 1
cat_threshold=20
is_linear=0
shrinkage=0.05


Tree=143
num_leaves=15
num_cat=0
split_feature=5 0 4 0 2 4 6 0 5 5 1 1 2 4
split_gain=12.7023 18.1356 24.7594 14.7474 19.0018 17.161 21.0584 28.8124 18.8168 37.488 22.4347 13.9144 18.786 15.6868
threshold=0.076272691426696668 7.5625000000000009 0.010051737100642184 7.0625000000000009 1.0000000180025095e-35 0.020908066223519383 0.052369490592378852 6.4375000000000009 0.056125734599486062 0.029817347789824856 7.5000000000000009 12.500000000000002 5.5000000000000009 0.066547560531876201
decision_type=2 2 2 2 2 2 2 2 2 2 2 2 2 2
left_child=1 2 -1 4 5 -4 7 -7 9 -8 -11 12 -2 -13
right_child=11 -3 3 -5 -6 6 8 -9 -10 10 -12 13 -14 -15
leaf_value=0.036560570641262814 -0.022666106438938047 -0.00011717825808970517 0.050942600626417082 0.02265795236911906 0.0047250020931026851 -0.01971405488293591 0.051776747196995737 -0.24467328572510971 0.020700749428061813 -0.19341283316390684 -0.056984352717404776 0.0070832338461536155 0.016676065391326465 -0.028413556457762286
leaf_weight=74.421509426436387 201.65149061684497 25725.146962363506 5.3987205312005235 85.437643016688526 210.74497378792148 2.8290367317385963 5.3690827509271974 2.8645807411521673 11.980728791386353 4.6434960458427659 8.5836406378075463 176.59140021249186 35.717438507417683 37.78326794039458
leaf_count=19504 3440 167428 863 1775 19737 339 523 107 592 255 516 2522 531 567
internal_value=0 4.95536e-05 0.0104533 0.00470247 -0.00137514 -0.032227 -0.0446064 -0.132896 -0.0281664 -0.0596493 -0.104879 -0.00840686 -0.0167462 0.000826969
internal_weight=0 26137.4 412.273 337.852 252.414 41.6693 36.2706 5.69362 30.5769 18.5962 13.2271 451.744 237.369 214.375
internal_count=218699 211639 44211 24707 22932 3195 2332 446 1886 1294 771 7060 3971 3089
is_linear=0
shrinkage=0.05


Tree=144
num_leaves=15
num_cat=1
split_feature=0 7 5 0 5 2 2 0 6 4 2 4 0 2
split_gain=11.6663 19.5413 18.2054 29.0416 15.4964 14.9157 13.8922 13.7725 13.469 13.2832 14.2011 19.3381 13.1485 13.0659
threshold=28.645833333333339 0 -0.038532818685691424 16.562500000000004 -0.017491602833420165 5.5000000000000009 2.5000000000000004 24.979166666666668 -0.044451030758084695 0.015661512609491599 1.5000000000000002 0.0025199500455093883 29.354166666666668 1.5000000000000002
decision_type=2 1 2 2 2 2 2 2 2 2 2 2 2 2
left_child=2 4 3 -1 6 13 -2 -5 -4 10 -6 -12 -11 -3
right_child=1 5 8 7 9 -7 -8 -9 -10 12 11 -13 -14 -15
leaf_value=0.043911964451070408 -0.044918223303150893 -0.0053840332625167929 0.015154475871311482 0.013344486427724201 -0.016186841152933135 -0.013550051281543962 -0.011299327888121644 -0.0045743267203905832 -6.8944208230861166e-05 -0.0094434002757859525 -0.0021859186873550759 0.033125447993024866 -0.041889298439363121 0.0052604624136367321
leaf_weight=55.230742580839433 57.215461499989033 442.4477167353034 146.18561143008992 242.50683565903455 127.64283564686775 187.66822000592947 66.378905575722456 192.24313166830689 23837.913821519585 91.82664305716753 216.98529635369778 47.208187431097031 47.312885522842407 827.41544957086444
leaf_count=2681 361 2140 2530 4344 542 921 407 2334 196489 513 930 210 246 4051
internal_value=0 -0.0036543 0.000218759 0.00975964 -0.0107525 -0.000390097 -0.0268625 0.00542092 2.38441e-05 -0.00720506 -0.00249251 0.0041238 -0.0204763 0.00155169
internal_weight=0 2112.1 24474.1 489.981 654.57 1457.53 123.594 434.75 23984.1 530.976 391.836 264.193 139.14 1269.86
internal_count=218699 10321 208378 9359 3209 7112 768 6678 199019 2441 1682 1140 759 6191
cat_boundaries=0 1
cat_threshold=176
is_linear=0
shrinkage=0.05


Tree=145
num_leaves=15
num_cat=0
split_feature=3 3 6 3 6 0 5 4 0 3 0 5 3 1
split_gain=14.0465 30.2977 36.6384 29.6259 24.5518 34.8461 34.7365 29.8253 23.1597 36.7669 32.52 25.4255 22.8532 20.6296
threshold=55.500000000000007 66.500000000000014 0.051816859023935603 92.500000000000014 -0.010810042014707068 20.645833333333339 0.015061227227179841 -0.040199758095689354 25.854166666666668 49.500000000000007 22.479166666666668 -0.012576897022464761 52.500000000000007 21.500000000000004
decision_type=2 2 2 2 2 2 2 2 2 2 2 2 2 2
left_child=4 2 13 -3 5 -1 8 -6 9 -7 11 -11 -12 -2
right_child=1 3 -4 -5 7 6 -8 -9 -10 10 12 -13 -14 -15
leaf_value=0.021040973784597655 -0.00084494557467847521 0.010866780523544834 -0.016425742861799722 0.00023431319764257528 0.037752119448323324 0.018752664411302831 0.028530670641340808 0.00048936660835647845 0.022367773323559201 -0.091735478856757743 -0.039952913529841233 -0.021732350772662595 0.0070650432032120227 -0.006798734231270899
leaf_weight=373.40889583854005 6095.4905962373596 703.16550615709275 484.49000248149969 9595.1204848128837 54.115269925736357 53.962045631371439 75.948256574571133 7000.1936417544493 45.648286439478397 29.653139127418399 45.130988780409098 23.05663001909852 60.474214013665915 1911.0989606460207
leaf_count=6218 34421 11916 5147 59134 2372 515 370 86188 339 325 414 146 498 10407
internal_value=0 -0.000862834 -0.00307399 0.000960297 0.00166566 0.0105468 -0.0011901 0.000775218 -0.00994163 -0.0168895 -0.0290382 -0.0611143 -0.0130284 -0.00226606
internal_weight=0 18789.4 8491.08 10298.3 7761.59 707.282 333.874 7054.31 257.925 212.277 158.315 52.7098 105.605 8006.59
internal_count=218410 121025 49975 71050 97385 8825 2607 88560 2237 1898 1383 471 912 44828
is_linear=0
shrinkage=0.05


Tree=146
num_leaves=15
num_cat=0
split_feature=3 3 6 3 6 0 5 4 3 0 2 3 6 1
split_gain=12.7008 27.3663 31.2062 27.7799 22.3881 32.4551 29.395 27.8716 25.6503 37.8063 35.4221 29.4393 28.6585 22.1078
threshold=55.500000000000007 67.500000000000014 0.048695215645189464 91.500000000000014 -0.010810042014707068 20.062500000000004 0.015061227227179841 -0.040199758095689354 49.500000000000007 22.479166666666668 3.5000000000000004 52.500000000000007 -0.022551809138935085 20.500000000000004
decision_type=2 2 2 2 2 2 2 2 2 2 2 2 2 2
left_child=4 2 -2 -3 5 -1 8 -6 -7 10 -10 12 -11 -13
right_child=1 3 -4 -5 7 6 -8 -9 9 11 -12 13 -14 -15
leaf_value=0.02153529381432151 -0.0020867991235007529 0.010999621449025965 -0.013952802405019235 0.00024595294468920514 0.037064565606048087 0.019212164146173962 0.025398172106983703 0.0004649646991328264 -0.090001351012455211 -0.071365550857657292 -0.01643408928673935 0.026805518752808177 0.0043638646810936861 -0.026822510874586182
leaf_weight=329.40181694857893 7908.4289014546666 640.46487088222057 595.82379980752012 9638.9805816358421 52.406858487782301 67.481204096227884 87.343837730586529 6999.2190727068228 28.165361532941461 25.075264336541295 39.045111554674804 75.934871379286051 24.897151533514261 25.729304280132055
leaf_count=5859 44237 11022 6142 59624 2372 681 433 86188 259 269 342 611 173 198
internal_value=0 -0.000819919 -0.00291815 0.000915964 0.00158527 0.0100935 7.30367e-06 0.000736969 -0.00773813 -0.0160482 -0.0472633 -0.00221261 -0.0336358 0.0132333
internal_weight=0 18783.7 8504.25 10279.4 7754.7 703.074 373.672 7051.63 286.328 218.847 67.2105 151.637 49.9724 101.664
internal_count=218410 121025 50379 70646 97385 8825 2966 88560 2533 1852 601 1251 442 809
is_linear=0
shrinkage=0.05


Tree=147
num_leaves=15
num_cat=1
split_feature=4 0 4 3 3 0 3 5 3 4 5 7 0 3
split_gain=12.2585 25.3874 23.0325 18.6539 27.1908 16.9595 16.6942 16.5548 16.3661 25.3927 24.1206 20.7097 18.5637 23.0457
threshold=0.036188487921264549 7.5625000000000009 0.010992565002914295 145.50000000000003 143.50000000000003 26.062500000000004 139.50000000000003 0.030589834846243055 70.500000000000014 0.039029577783193992 -0.023248884330737029 0 19.937500000000004 89.500000000000014
decision_type=2 2 2 2 2 2 2 2 2 2 2 1 2 2
left_child=1 2 -1 4 5 6 8 -4 10 -10 -2 -12 13 -11
right_child=3 -3 7 -5 -6 -7 -8 -9 9 12 11 -13 -14 -15
leaf_value=0.038760843705638592 -0.052770695727677223 0.00021196534075180649 0.033919750505594995 -0.010307353243777035 0.047924085592081375 -0.012813864623772792 -0.029152067842081766 -0.0041126928280620445 -0.015862050306645403 0.020252406007101723 -0.035969724568931848 -0.0012385879689196472 0.02799081668778157 0.00066778284738647491
leaf_weight=79.083192250167485 23.446433732286096 21590.3380188921 38.262617913016584 647.39807969331741 28.011118799448013 306.53883001208305 50.426138184964657 113.44812201097375 126.56228047469631 199.25654161162674 33.70285434962716 2576.1608529924997 103.35500647127628 610.25139378104359
leaf_count=20560 136 144724 5975 3707 153 2114 260 9146 824 1535 1837 23707 563 3169
internal_value=0 0.000388294 0.0168835 -0.00242557 -0.00116805 -0.0015093 -0.000578563 0.00547938 -0.000186253 0.00512629 -0.00228323 -0.00182966 0.00803618 0.00548845
internal_weight=0 21821.1 230.794 4705.11 4057.71 4029.7 3723.16 151.711 3672.74 1039.43 2633.31 2609.86 912.863 809.508
internal_count=218410 180405 35681 38005 34298 34145 32031 15121 31771 6091 25680 25544 5267 4704
cat_boundaries=0 1
cat_threshold=2
is_linear=0
shrinkage=0.05


Tree=148
num_leaves=15
num_cat=1
split_feature=6 5 0 4 0 5 4 7 5 3 0 3 3 6
split_gain=12.6377 19.153 21.4849 19.9979 17.4988 21.445 30.6345 31.2904 15.2285 14.5286 12.9127 24.8271 31.1581 17.9632
threshold=0.042375425837097962 0.069964295275271926 8.8125000000000018 0.019901366074654665 25.645833333333339 -0.0058519933448944695 0.042745193576547498 0 0.032037797131226758 112.50000000000001 9.3125000000000018 71.500000000000014 42.500000000000007 0.016791941586708239
decision_type=2 2 2 2 2 2 2 1 2 2 2 2 2 2
left_child=1 2 9 -3 -2 -6 7 -7 -8 -1 11 12 13 -4
right_child=4 3 10 -5 5 6 8 -9 -10 -11 -12 -13 -14 -15
leaf_value=0.021909111577854426 -0.0014405026937317107 -0.044126462306571856 0.052224288616221859 -0.0056816974401309355 -0.046921407118881001 0.015858261324655946 -0.011833898619740435 -0.017586050195400559 -0.05619783105792301 -0.095564027105776078 0.00053665630129101248 0.02365798297803785 -0.13731528343592897 -0.047579558423527873
leaf_weight=142.97301754131331 5446.6927156787133 46.66746799077373 5.9894006631802794 122.92734132829355 40.536680027842522 135.79342164099216 35.61249203979969 124.41846815496683 42.343121744692326 2.6813722029328337 20328.196621993557 17.041287646628916 7.8884230982512227 18.233855728525668
leaf_count=16446 67565 350 407 861 188 891 320 799 474 84 128472 706 305 542
internal_value=0 0.000473257 0.000611539 -0.0162606 -0.0021631 -0.0125558 -0.00843631 -0.000199298 -0.035931 0.0197465 0.000474765 -0.0251217 -0.0510085 -0.0229022
internal_weight=0 20692.6 20523 169.595 5825.4 378.704 338.168 260.212 77.9556 145.654 20377.3 49.153 32.1117 24.2233
internal_count=218410 148173 146962 1211 70237 2672 2484 1690 794 16530 130432 1960 1254 949
cat_boundaries=0 1
cat_threshold=240
is_linear=0
shrinkage=0.05


Tree=149
num_leaves=15
num_cat=0
split_feature=3 3 0 6 4 3 4 4 4 0 0 6 0 0
split_gain=11.4915 24.6547 30.9503 26.207 25.1859 23.3108 21.5633 20.2453 19.8993 18.4674 18.4647 17.4142 26.9896 16.8906
threshold=55.500000000000007 66.500000000000014 15.687500000000002 0.031112493950079517 0.064879261445452821 92.500000000000014 -0.052231588671728391 0.013453730126375869 0.0074087796577607624 27.479166666666668 6.3125000000000009 -0.028330545921700079 17.562500000000004 9.1875000000000018
decision_type=2 2 2 2 2 2 2 2 2 2 2 2 2 2
left_child=6 2 3 -2 -4 7 -1 -3 -5 -8 -10 12 -7 -13
right_child=1 5 4 8 -6 11 9 -9 10 -11 -12 13 -14 -15
leaf_value=0.04790842676545163 -0.0039900061668002593 0.023293138022549377 -0.0016930515308073765 -0.001465895703265467 -0.033428020886489794 0.044507615730768793 0.0011114961670118599 0.0043472681325327075 0.015683592822220958 0.024520449790439412 -0.037663005063628893 0.018611352447976733 0.005511546121933256 -0.00048664687671781464
leaf_weight=24.970730857778108 310.06782068865141 196.99491535988636 7841.3450469048694 66.177221510501113 63.022873479872942 49.752919284394011 7634.7545269352559 496.11386638710974 17.767784213414416 85.192406594753265 186.29075547400862 117.28001181408763 410.14880692213774 9012.2964416127652
leaf_count=1318 3251 6397 41846 1386 647 1100 95639 5519 1387 428 1458 2385 4464 51185
internal_value=0 -0.000769269 -0.00276432 -0.0139096 -0.00194608 0.000876943 0.00151987 0.00973205 -0.0252913 0.00136982 -0.033018 0.000236913 0.0097302 -0.000241311
internal_weight=0 18767.3 8484.67 580.304 7904.37 10282.6 7744.92 693.109 270.236 7719.95 204.059 9589.48 459.902 9129.58
internal_count=218410 121025 49975 7482 42493 71050 97385 11916 4231 96067 2845 59134 5564 53570
is_linear=0
shrinkage=0.05


Tree=150
num_leaves=15
num_cat=2
split_feature=0 4 6 0 7 1 3 0 4 6 4 4 6 7
split_gain=13.0311 10.8784 10.3237 23.8784 21.7967 19.9515 17.2972 17.1808 15.8039 15.6156 16.0294 19.8976 23.6376 17.0498
threshold=4.479166666666667 -0.065550418009434383 0.0670326322063068 18.187500000000004 0 20.500000000000004 38.500000000000007 16.312500000000004 0.073458516128589599 -0.0051529796005071651 -0.014080966442192621 0.02158670569745183 0.0050015634771732346 1
decision_type=2 2 2 2 1 2 2 2 2 2 2 2 2 1
left_child=-1 -2 6 5 -5 -4 8 -7 9 -3 -11 13 -13 -12
right_child=1 2 3 4 -6 7 -8 -9 -10 10 11 12 -14 -15
leaf_value=0.034070713718399578 0.031233888084315098 0.032277377736666911 -0.0047144949709097255 -0.001539367901880791 -0.033188964319408654 0.0047961097617798569 -0.00015947501221667045 0.04224244464511144 0.042288263012808747 0.025200563765793188 0.0083142390689342413 -0.04781068553782894 0.010119685380043464 -0.01127534212026414
leaf_weight=27.933874993177596 27.675120450090617 50.320065683335997 1310.6967221538071 111.53364543989301 112.48428267613053 399.81121779489331 23213.408706513233 33.172826640307903 29.091090182773769 81.689079363830388 155.70592776348349 18.158673340454698 581.56412901193835 339.55548523028847
leaf_count=26205 841 2050 12457 853 844 3721 149308 160 186 4774 3697 233 6273 7058
internal_value=0 -9.76295e-05 -0.000130428 -0.0036147 -0.0189816 -0.00164046 0.000149758 0.00766504 0.00586461 0.00500104 0.00383457 0.00224061 0.00836564 -0.00517634
internal_weight=0 26464.9 26437.2 1967.7 224.018 1743.68 24469.5 432.984 1256.08 1226.99 1176.67 1094.98 599.723 495.261
internal_count=218660 192455 191614 18035 1697 16338 173579 3881 24271 24085 22035 17261 6506 10755
cat_boundaries=0 1 2
cat_threshold=216 48
is_linear=0
shrinkage=0.05


Tree=151
num_leaves=15
num_cat=0
split_feature=0 5 0 5 5 5 0 4 0 2 3 6 2 5
split_gain=12.1852 13.9542 18.5927 11.8634 15.4347 13.3052 10.6313 19.1707 19.3491 18.9059 32.7995 13.2334 18.7604 15.8906
threshold=4.479166666666667 0.10401453104359314 3.0208333333333335 0.078159473358439063 0.082077320448561086 0.091671957915181054 7.5625000000000009 0.0064250774577653078 7.0625000000000009 1.0000000180025095e-35 22.500000000000004 0.066257519634663906 1.0000000180025095e-35 0.064279374615962323
decision_type=2 2 2 2 2 2 2 2 2 2 2 2 2 2
left_child=1 -1 -3 6 -5 -6 7 -2 9 10 -9 -8 -13 -14
right_child=3 2 -4 4 5 -7 11 8 -10 -11 -12 12 13 -15
leaf_value=0.042303027403668043 0.036812067623416288 0.050091470160233159 -0.29984991580913328 -0.022942377399974331 0.0072077059243954621 -0.015797115472277284 0.00020308232036280089 -0.11860237137391777 0.024191427164210796 0.0030664878829302399 -0.010834301476586072 -0.018143881545568095 -0.0043527647018835802 0.012108079728308357
leaf_weight=25.479774923529479 50.977593603893183 0.81237983866594621 0.71245060145156458 128.39692716812715 160.44115288648754 103.33383723441511 24090.949431554182 8.9400624837726337 87.527036872925237 210.0491500380449 33.57986355246976 217.75364708062261 1200.6230416614562 167.0088168233633
leaf_count=25563 9284 503 139 955 1227 754 158049 281 1951 9149 1326 1327 7248 904
internal_value=0 0.0335105 -0.113413 -9.33514e-05 -0.00872499 -0.00180443 3.65075e-05 0.00821835 0.00393239 -0.00308832 -0.0334932 -8.81093e-05 -0.00451295 -0.00234264
internal_weight=0 27.0046 1.52483 26459.6 392.172 263.775 26067.4 391.074 340.096 252.569 42.5199 25676.3 1585.39 1367.63
internal_count=218660 26205 642 192455 2936 1981 189519 21991 12707 10756 1607 167528 9479 8152
is_linear=0
shrinkage=0.05


Tree=152
num_leaves=15
num_cat=0
split_feature=0 5 3 5 0 6 6 4 4 6 3 4 0 6
split_gain=11.4295 11.9674 13.0998 10.9218 33.3458 21.6128 21.1507 20.0207 26.1437 35.1361 35.0029 17.4431 22.1364 32.4524
threshold=4.479166666666667 0.10401453104359314 18.500000000000004 0.0086227549857079144 10.687500000000002 -0.033514047232764875 0.069163515820171731 -0.0025798132318379397 0.0017618049623552318 1.0000000180025095e-35 46.500000000000007 -0.013735365354070389 15.812500000000002 -0.0030792935877681639
decision_type=2 2 2 2 2 2 2 2 2 2 2 2 2 2
left_child=1 -1 -3 4 7 -5 11 -2 9 10 -9 12 13 -6
right_child=3 2 -4 5 6 -7 -8 8 -10 -11 -12 -13 -14 -15
leaf_value=0.041959690451853916 0.045614501372390329 -0.22554175913842661 0.050725193763098322 0.020683586364243813 0.032193461494310772 -0.0011947328979682028 -0.023002132120845193 -0.032138821483883862 0.018309719022120995 0.013451742477648534 -0.26266027829032096 0.002052782671617453 -0.0035383101369568116 -0.0018120970761440697
leaf_weight=24.430482339259473 58.544340026506688 0.90435119345784076 0.81649291684152558 113.78376334765926 110.82462022919208 14240.254241973278 93.620534390211105 3.6107323016040018 134.97163210774306 9.2610973373521102 3.027433019829914 8509.578063855879 2987.9273110413924 191.20694191753864
leaf_count=25563 7983 305 337 844 3388 96672 477 329 5637 736 209 46986 25483 3711
internal_value=0 0.0329828 -0.0944607 -8.84755e-05 0.00101789 -0.0010213 0.000669626 0.0207965 0.0111661 -0.0494773 -0.137272 0.000857444 -0.00223434 0.0106656
internal_weight=0 26.1513 1.72084 26456.6 12102.6 14354 11893.2 209.415 150.871 15.8993 6.63817 11799.5 3289.96 302.032
internal_count=218660 26205 642 192455 94939 97516 80045 14894 6911 1274 538 79568 32582 7099
is_linear=0
shrinkage=0.05


Tree=153
num_leaves=15
num_cat=2
split_feature=0 5 5 7 5 5 0 0 4 0 2 3 7 4
split_gain=10.7062 10.5583 13.9425 15.0464 11.9814 10.5012 11.1461 9.62216 18.0538 15.3687 19.2062 27.0238 14.5721 12.5853
threshold=4.479166666666667 0.078159473358439063 0.082077320448561086 0 0.091671957915181054 0.10401453104359314 3.0208333333333335 7.5625000000000009 0.011279117361820442 7.0625000000000009 1.0000000180025095e-35 22.500000000000004 1 0.068473229157206703
decision_type=2 2 2 1 2 2 2 2 2 2 2 2 1 2
left_child=5 7 3 -3 -4 -1 -7 8 -2 10 11 -10 -13 -12
right_child=1 2 4 -5 -6 6 -8 -9 9 -11 13 12 -14 -15
leaf_value=0.041604998303204986 0.032064265094943686 0.0090167597539821589 0.0069097572246141509 -0.029903061035823728 -0.014903030915086058 0.050102862885760206 -0.19277446149755612 -7.9097440333988949e-05 -0.10836735882404805 0.02185267975496244 -0.0011559470145638749 -0.031930330365589336 0.022319683053990454 0.039302546471556149
leaf_weight=23.432164569181626 64.252888675546274 32.284215201623738 160.37979920674115 96.078147941268981 103.63376612309366 0.87779740564292197 1.0227624063845722 25671.029700750951 9.4582808841951174 81.356306560337543 178.65091823646799 19.167633855948228 13.542874991893763 21.538780997972935
leaf_count=25563 10676 249 1227 706 754 503 139 167528 241 1744 7743 657 528 402
internal_value=0 -8.35616e-05 -0.00822443 -0.0217415 -0.00165246 0.0324368 -0.0805985 3.90172e-05 0.00785442 0.0030491 -0.00326299 -0.0339311 -0.0124077 0.00319706
internal_weight=0 26451.4 392.376 128.362 264.014 25.3327 1.90056 26059 387.968 323.715 242.358 42.1688 32.7105 200.19
internal_count=218660 192455 2936 955 1981 26205 642 189519 21991 11315 9571 1426 1185 8145
cat_boundaries=0 1 2
cat_threshold=129 67
is_linear=0
shrinkage=0.05


Tree=154
num_leaves=15
num_cat=1
split_feature=4 0 6 4 0 7 0 6 1 0 6 2 4 4
split_gain=10.1126 10.0408 8.82039 22.2183 13.5541 19.1085 17.8168 25.5519 23.5993 14.0218 15.7278 15.6625 13.7084 13.7647
threshold=-0.065550418009434383 4.479166666666667 0.009134024522120289 0.055521266246437544 27.812500000000004 0 28.979166666666668 0.03191815890181942 16.500000000000004 28.395833333333339 0.029612053641063552 1.5000000000000002 -0.047238283406456104 -0.0031237802498048396
decision_type=2 2 2 2 2 1 2 2 2 2 2 2 2 2
left_child=-1 -2 3 -3 12 9 -7 8 -8 10 -6 -11 -4 -14
right_child=1 2 4 -5 5 6 7 -9 -10 11 -12 -13 13 -15
leaf_value=0.030568066781685017 0.031887876714877854 0.0011935857417634313 0.032911719450904535 -0.023248986477749291 0.0028964853001287785 -0.017811611701249608 -0.0036066746536912659 -0.030541128065117853 0.042410678224277222 -0.010256433391467298 -0.031680804395044629 0.018958661474991114 -0.0035349978301238609 0.00022650424704507438
leaf_weight=26.940176780626643 24.538198796479264 10767.041544793756 30.637255814042874 93.782814431935549 89.582600601017475 420.25280378386378 73.581870287656784 44.726506613194942 44.838450782001019 65.007706828415394 51.964095503091812 155.88228721171618 3084.3944773591356 11500.4900402528
leaf_count=844 26202 77337 899 544 436 2244 342 333 208 332 347 821 28181 79590
internal_value=0 -8.12933e-05 -0.000110983 0.000982525 -0.000874181 -0.00667489 -0.012159 0.00165645 0.0138173 0.0024213 -0.0097974 0.0103607 -0.000498791 -0.000568974
internal_weight=0 26446.7 26422.2 10860.8 15561.4 945.836 583.4 163.147 118.42 362.437 141.547 220.89 14615.5 14584.9
internal_count=218660 217816 191614 77881 113733 5063 3127 883 550 1936 783 1153 108670 107771
cat_boundaries=0 1
cat_threshold=200
is_linear=0
shrinkage=0.05


Tree=155
num_leaves=15
num_cat=0
split_feature=6 1 3 6 4 0 0 6 6 0 3 3 4 3
split_gain=10.5932 11.18 10.1021 19.0175 27.2448 24.8092 17.2247 16.3346 14.9563 14.6387 23.4763 14.2992 14.0686 16.0702
threshold=-0.059653634028419916 20.500000000000004 55.500000000000007 -0.010810042014707068 -0.040199758095689354 20.062500000000004 8.3125000000000018 -0.012545206733420819 0.10213707207986893 25.854166666666668 49.500000000000007 54.500000000000007 0.012197132357080248 68.500000000000014
decision_type=2 2 2 2 2 2 2 2 2 2 2 2 2 2
left_child=1 -1 3 5 -5 -2 12 9 -8 10 -7 -12 -4 -14
right_child=2 -3 6 4 -6 7 8 -9 -10 -11 11 -13 13 -15
leaf_value=0.050238637173940739 0.019525767252533854 -0.018635675883607074 0.038402745883058281 0.036808958047207622 0.0002549249795070355 0.015040473577451932 -0.00096793629416321622 0.034187412750569572 -0.031916934782143316 0.02203873831214366 -0.02257837474315836 0.012675648979831176 -0.011469832806974632 0.017229386082251708
leaf_weight=20.279767660424117 316.09950871678302 8.3050152286887151 42.324006225826452 51.348035315080779 7005.5783327444515 83.493065970949829 18395.69066768745 32.64164031855762 39.119649216532707 50.170171516016126 166.63220491632819 34.763837786391377 76.554138245410286 134.43550298275659
leaf_count=654 5788 197 5133 2408 86504 748 109415 193 185 354 1337 285 2485 3021
internal_value=0 0.0302279 -0.000226536 0.00129236 0.000520902 0.00925394 -0.000855672 0.00042362 -0.00103361 -0.00286566 -0.00725144 -0.016493 0.0120938 0.00681634
internal_weight=0 28.5848 26428.9 7740.73 7056.93 683.8 18688.1 367.701 18434.8 335.059 284.889 201.396 253.314 210.99
internal_count=218707 851 217856 97617 88912 8705 120239 2917 109600 2724 2370 1622 10639 5506
is_linear=0
shrinkage=0.05


Tree=156
num_leaves=15
num_cat=1
split_feature=6 1 3 4 0 6 7 1 2 6 6 0 4 6
split_gain=9.84743 10.6879 9.12678 18.6705 16.0953 14.6942 23.2166 16.8678 16.541 15.266 14.1331 23.9411 19.8145 15.4953
threshold=-0.059653634028419916 20.500000000000004 55.500000000000007 -0.054389635175805619 9.1875000000000018 0.044249915931331867 0 20.500000000000004 4.5000000000000009 0.055120469138481724 -0.010810042014707068 20.062500000000004 -0.040199758095689354 -0.012545206733420819
decision_type=2 2 2 2 2 2 1 2 2 2 2 2 2 2
left_child=1 -1 3 -2 -4 -6 7 9 -9 -7 11 -5 -12 -13
right_child=2 -3 4 10 5 6 -8 8 -10 -11 12 13 -14 -15
leaf_value=0.049999370790439084 0.051747311942678897 -0.017412006403982532 0.0089000787971088412 0.018332326670274172 -0.00047917936999179197 0.011765331569199518 -0.0031859918964455419 -0.018581849777906775 -0.062993416337531152 -0.027500849877271152 0.033982606342336394 -0.0038974242524680743 0.00024219676158242174 0.032672322909938462
leaf_weight=19.380710341967646 18.246569635608466 8.4406163878738862 417.00806670400198 306.75282163283555 15841.275508253602 48.05308385938406 2245.7504281653091 45.898111123591661 38.595889370888472 51.049424935132265 43.785368750337511 328.56945334002376 7005.071740657615 31.766979102045298
leaf_count=654 1062 197 13275 5447 92890 286 12898 318 248 324 1901 2522 86504 181
internal_value=0 0.0295477 -0.000214949 0.00122955 -0.000812779 -0.00103446 -0.00465537 -0.0212953 -0.0388685 -0.00846136 0.00111009 0.00806612 0.000451782 -0.000673464
internal_weight=0 27.8213 26421.8 7734.19 18687.6 18270.6 2429.35 183.597 84.494 99.1025 7715.95 667.089 7048.86 360.336
internal_count=218707 851 217856 97617 120239 106964 14074 1176 566 610 96555 8150 88405 2703
cat_boundaries=0 1
cat_threshold=1
is_linear=0
shrinkage=0.05


Tree=157
num_leaves=15
num_cat=1
split_feature=6 1 3 7 3 5 0 4 1 6 6 0 4 5
split_gain=9.15021 10.2228 8.44961 24.1938 19.574 31.4321 13.9996 12.7999 18.3735 20.5214 12.7941 21.2247 12.7118 16.5649
threshold=-0.059653634028419916 20.500000000000004 143.50000000000003 0 130.50000000000003 -0.011233087277962269 12.937500000000002 -0.042215445855511215 7.5000000000000009 0.0070443211234524012 0.10017731890049707 8.1875000000000018 0.0094647888525583208 0.053300962878872551
decision_type=2 2 2 1 2 2 2 2 2 2 2 2 2 2
left_child=1 -1 3 4 5 -2 -4 8 -8 -10 -7 -12 13 -9
right_child=2 -3 6 -5 -6 10 7 12 9 -11 11 -13 -14 -15
leaf_value=0.04976086631234479 0.035868535741410669 -0.016287039286625234 -0.030934135324985221 -0.0002173342700260846 -0.002967186101984578 0.0082649174224046409 -0.066581225957953447 0.0011626622929242214 9.46355279981879e-05 -0.058210949865041467 0.020419271527692566 -0.053677488124124741 -0.0041525728095690474 -0.030258209659268377
leaf_weight=18.52164863655344 105.10749116085935 8.5690154992043954 41.291094429790974 19305.745339438086 407.31027470994741 951.16147105852724 16.62721106223762 3073.4526115199551 86.982747703790665 18.259286571294069 17.335008844733238 21.841663524508476 2323.4010659083724 42.526482991874218
leaf_count=654 2259 197 325 169106 2441 12070 229 16690 1375 181 1216 105 11641 218
internal_value=0 0.0288693 -0.000204239 0.000259814 0.00634889 0.00987076 -0.00192779 -0.00171242 -0.017738 -0.0100213 0.00711154 -0.0208909 -0.00135337 0.000733834
internal_weight=0 27.0907 26411 20808.5 1502.76 1095.45 5602.54 5561.25 121.869 105.242 990.338 39.1767 5439.38 3115.98
internal_count=218707 851 217856 187197 18091 15650 30659 30334 1785 1556 13391 1321 28549 16908
cat_boundaries=0 1
cat_threshold=136
is_linear=0
shrinkage=0.05


Tree=158
num_leaves=15
num_cat=0
split_feature=6 1 4 6 2 6 0 4 4 3 1 1 3 0
split_gain=8.49828 9.78209 8.32219 14.7021 17.7249 9.85577 9.4047 12.4823 21.7355 11.1167 24.7922 30.161 61.8942 30.7154
threshold=-0.059653634028419916 20.500000000000004 0.080415482236921895 0.10213707207986893 3.5000000000000004 0.069924876517390974 5.104166666666667 0.022946545153801359 0.024039475391752916 23.500000000000004 18.500000000000004 6.5000000000000009 22.500000000000004 5.8125000000000009
decision_type=2 2 2 2 2 2 2 2 2 2 2 2 2 2
left_child=1 -1 6 4 -4 -6 7 -2 -9 10 11 -8 13 -13
right_child=2 -3 3 -5 5 -7 9 8 -10 -11 -12 12 -14 -15
leaf_value=0.049522612464150607 0.048226489810288646 -0.015250500326355654 0.013062078014231513 -0.052441611487312904 -0.044836698167216082 -0.0012631367195108491 0.0069758020849746477 -0.24908284404841191 0.0081630082553550542 -0.00012715200383567459 0.018072094100840243 -0.081233844951343531 -0.17026630108661514 0.053045971291056204
leaf_weight=17.700975136365745 22.946609600330703 8.6906186649575812 59.44431603141129 19.787671475554816 31.068959315191023 22.286039943282958 18.822878256207332 0.83409793529426579 52.825081872491864 26122.20716759254 27.508785009034909 8.7936577848158795 10.554380703484641 8.2579005619045329
leaf_count=654 16787 197 509 633 249 246 817 383 13064 182657 1378 399 290 444
internal_value=0 0.0281932 -0.000193852 -0.0126891 -0.00571558 -0.0266363 -0.000130794 0.0173627 0.00416428 -0.00018195 -0.0195422 -0.0418284 -0.0751052 -0.0162035
internal_weight=0 26.3916 26405.3 132.587 112.799 53.355 26272.8 76.6058 53.6592 26196.1 73.9376 46.4288 27.6059 17.0516
internal_count=218707 851 217856 1637 1004 495 216219 30234 13447 185985 3328 1950 1133 843
is_linear=0
shrinkage=0.05


Tree=159
num_leaves=15
num_cat=1
split_feature=3 4 7 4 0 0 3 0 0 3 4 0 6 6
split_gain=8.17331 17.994 14.5635 29.1687 26.3707 22.7752 32.8612 23.3552 22.9694 18.1503 24.4979 21.6484 33.6373 30.9801
threshold=55.500000000000007 -0.054389635175805619 0 0.061841202908876347 21.979166666666668 25.104166666666668 57.500000000000007 27.979166666666668 26.645833333333339 136.50000000000003 -0.028326867525363175 21.979166666666668 0.0098433271107723538 -0.014798402290171764
decision_type=2 2 1 2 2 2 2 2 2 2 2 2 2 2
left_child=1 -1 3 4 -2 -6 7 8 -7 10 11 -4 13 -13
right_child=2 -3 9 -5 5 6 -8 -9 -10 -11 -12 12 -14 -15
leaf_value=0.051652608010792911 -0.0071008057366320296 0.0010952823659445524 0.026820009175445678 -0.034391510852589756 0.0052566286455809656 -0.020446717896146285 -0.0010454256130587015 -0.0036165628936196772 -0.066589794517811593 -0.0016241490038049909 0.0013932892821124465 -0.0087162926531416645 -0.033349269168062287 0.038720440883444861
leaf_weight=17.639738557831151 1969.2640986489132 7713.3977926962543 184.0297309072339 71.787313252687454 1351.1537334676832 80.633171178400517 2584.6853133775294 104.44414338469505 40.523982789367437 6313.1053771353327 5814.9189191588666 68.252159943804145 48.141741335391998 69.432157583534718
leaf_count=1078 11193 96640 4619 690 7234 445 13476 534 218 35050 45944 847 248 491
internal_value=0 0.00121064 -0.000722154 -0.00270048 -0.0023338 -7.79728e-05 -0.00264279 -0.0209436 -0.0358804 0.000261608 0.00218692 0.0146644 0.00262636 0.0152053
internal_weight=0 7731.04 18700.4 6202.49 6130.7 4161.44 2810.29 225.601 121.157 12497.9 6184.77 369.856 185.826 137.684
internal_count=218707 97718 120989 33790 33100 21907 14673 1197 663 87199 52149 6205 1586 1338
cat_boundaries=0 1
cat_threshold=112
is_linear=0
shrinkage=0.05


Tree=160
num_leaves=15
num_cat=0
split_feature=3 6 4 6 3 1 4 1 4 4 4 4 0 2
split_gain=9.73404 17.3148 15.0183 12.5562 22.7757 19.4767 17.4452 12.6964 15.8886 18.1823 13.7077 19.084 17.8065 17.0047
threshold=38.500000000000007 0.068500056938867473 0.073458516128589599 0.037916105344433793 39.500000000000007 21.500000000000004 0.035715751938348216 21.500000000000004 -0.028926178395322386 -0.04447450409177834 -0.011953226594660856 -0.0058120768087438247 23.104166666666668 5.5000000000000009
decision_type=2 2 2 2 2 2 2 2 2 2 2 2 2 2
left_child=1 2 -1 7 5 6 -5 -2 9 -9 -10 12 -12 -13
right_child=3 -3 -4 4 -6 -7 -8 8 10 -11 11 13 -14 -15
leaf_value=0.0061403876755845013 0.0011672462957166875 -0.003136119664424441 0.040556961989818389 -0.05141476958569402 -0.0016343195239742197 0.01738347532158865 -0.0074685312122033595 0.011617176651055756 0.0061959012331677466 -0.020351163075450096 -0.029270429037617021 0.00062128830213560322 -0.0026009863415388437 -0.012363804166786707
leaf_weight=1254.5985031606979 15941.790326300688 624.53046314313542 32.519230944628362 56.85686298404471 5407.8774371063628 22.968714202317642 37.461500526464079 55.864818505302537 509.39955275884131 218.22143632674124 124.85164391575381 1732.1645091187092 125.50135848857462 295.07656813634094
leaf_count=31663 104323 20634 246 598 41624 188 260 1059 3605 2088 938 9159 589 1552
internal_value=0 0.00369524 0.00700993 -9.08576e-06 -0.00210708 -0.0239054 -0.0339601 0.000600916 -0.00234847 -0.0138353 -0.0012188 -0.00287715 -0.0159011 -0.00126877
internal_weight=0 1911.65 1287.12 24528 5525.16 117.287 94.3184 19002.9 3061.08 274.086 2786.99 2277.59 250.353 2027.24
internal_count=218526 52543 31909 165983 42670 1046 858 123313 18990 3147 15843 12238 1527 10711
is_linear=0
shrinkage=0.05


Tree=161
num_leaves=15
num_cat=1
split_feature=4 6 6 2 3 4 3 7 6 0 0 3 0 0
split_gain=9.93332 14.4689 20.9411 15.2351 9.63667 15.4214 11.2875 16.9322 19.19 18.1972 14.3438 13.2697 54.3646 15.6554
threshold=0.080415482236921895 0.10213707207986893 0.074629609306409148 4.5000000000000009 38.500000000000007 -0.023855610842166083 36.500000000000007 0 -1.0000000180025095e-35 12.687500000000002 13.062500000000002 23.500000000000004 7.3125000000000009 4.854166666666667
decision_type=2 2 2 2 2 2 2 1 2 2 2 2 2 2
left_child=4 2 3 -2 5 -1 7 8 -7 11 -11 12 13 -10
right_child=1 -3 -4 -5 -6 6 -8 -9 9 10 -12 -13 -14 -15
leaf_value=0.032412535401287253 -0.0046706849870533822 -0.051842370264155217 0.024085703002622829 -0.051714078336338121 5.0299858102858132e-05 0.042043124077459422 0.010352351885255053 0.012819132604072657 0.02898699249974683 -0.04305544893937234 -0.0094378742526118782 0.0020244351020364238 -0.18518525113003642 -0.021683973538456885
leaf_weight=45.859302550787106 47.675111689255573 20.659485025214963 37.655356064205989 26.932783727068454 24433.349271512474 24.682656392862555 410.57921016623732 237.4286056519486 20.297599566518329 41.098101008683443 139.2005749642849 883.41285033864551 4.6306532118469468 61.21885609079618
leaf_count=4983 362 623 401 215 165165 1061 4187 10673 11637 268 822 15235 74 2820
internal_value=0 -0.0133879 -0.00631127 -0.0216529 0.000314958 0.00377592 0.00305536 0.000933506 -0.00156494 -0.00251463 -0.0171008 0.000197803 -0.0185338 -0.0090669
internal_weight=0 132.923 112.263 74.6079 26301.8 1868.41 1822.55 1411.97 1174.54 1149.86 180.299 969.56 86.1471 81.5165
internal_count=218526 1601 978 577 216925 51760 46777 42590 31917 30856 1090 29766 14531 14457
cat_boundaries=0 1
cat_threshold=81
is_linear=0
shrinkage=0.05


Tree=162
num_leaves=15
num_cat=1
split_feature=4 6 6 2 3 5 4 5 2 5 1 2 7 4
split_gain=8.9845 12.8762 18.9751 14.003 8.75779 20.9443 17.6802 18.324 18.7966 21.7258 17.9004 16.0936 20.5495 27.329
threshold=0.080415482236921895 0.10213707207986893 0.074629609306409148 4.5000000000000009 38.500000000000007 0.014088323981831369 -0.023855610842166083 0.027958398511816685 2.5000000000000004 0.032801045637015434 6.5000000000000009 3.5000000000000004 0 0.025478955424000086
decision_type=2 2 2 2 2 2 2 2 2 2 2 2 1 2
left_child=4 2 3 -2 5 -1 -7 10 -9 -10 -8 -12 -13 -14
right_child=1 -3 -4 -5 -6 6 7 8 9 -11 11 12 13 -15
leaf_value=0.013598188576776402 -0.0044430044986051168 -0.048840239400177697 0.022918163237357479 -0.049724499652228658 4.7785259897249423e-05 0.053024124819690946 0.01079801494384618 -0.0044129063871788483 0.035815969185549933 0.0055027946363348165 -0.0058567285735127688 0.018129909925714244 -0.073505467561246512 -0.01548312776249056
leaf_weight=409.11130613647401 47.61390382074751 20.828434675291646 37.596516300342046 26.618071614124347 24433.158221545338 16.023275730927708 70.078535701148212 489.9977855385805 65.590294524881756 598.17812358040828 117.56328779555042 15.933366492128698 42.302296157635283 39.008176531584468
leaf_count=16758 362 623 401 215 165165 1448 1549 10938 1652 13455 3467 440 1367 686
internal_value=0 -0.0127452 -0.0060224 -0.02068 0.000299798 0.00360354 0.000792659 0.00021092 0.00301492 0.00849819 -0.0111451 -0.0183038 -0.0333517 -0.040668
internal_weight=0 132.657 111.828 74.232 26296.9 1863.79 1454.68 1438.65 1153.77 663.768 284.886 214.807 97.2438 81.3105
internal_count=218526 1601 978 577 216925 51760 35002 33554 26045 15107 7509 5960 2493 2053
cat_boundaries=0 1
cat_threshold=16
is_linear=0
shrinkage=0.05


Tree=163
num_leaves=15
num_cat=1
split_feature=6 0 7 3 6 1 3 5 5 2 1 6 2 3
split_gain=8.8932 34.3137 26.7328 15.9386 21.598 15.5037 31.1371 17.292 16.243 19.2316 13.5341 13.7799 34.8157 15.8178
threshold=0.056311135207045331 20.854166666666668 0 55.500000000000007 0.063456922020120848 20.500000000000004 32.500000000000007 -0.026363642708913834 0.068580909425300832 1.0000000180025095e-35 6.5000000000000009 0.052369490592378852 3.5000000000000004 23.500000000000004
decision_type=2 2 1 2 2 2 2 2 2 2 2 2 2 2
left_child=5 -2 3 -3 -5 6 10 -7 -8 -10 -1 13 -13 -12
right_child=1 2 -4 4 -6 7 8 -9 9 -11 11 12 -14 -15
leaf_value=0.037497758550037182 -0.00047639457252160813 -0.032600706728386712 -0.02709722522051532 -0.013379075905169992 0.034367478804514302 0.0077650135813502417 0.001238654294835549 -0.0025635890888393116 -0.047609182650723787 -0.0062351793966512505 -0.05533875701075508 0.029125233306724993 -0.11874651729286878 0.021875996804089429
leaf_weight=75.415446048456943 2921.2317414159479 25.303691901266575 217.78702621906996 44.474148251116276 50.668218903243542 440.26322909956798 17201.538213137654 5092.7202575067058 32.883264413860161 192.54835594585165 7.0735415735689449 9.6384444570576324 6.7810573350288896 106.40528122443357
leaf_count=3612 45841 168 1708 331 459 5316 117397 34884 230 1362 2254 387 296 4281
internal_value=0 -0.00222204 -0.0172987 0.00246384 0.0120484 0.000567372 0.00129197 -0.00174174 0.0010639 -0.0122703 0.0206498 0.0108683 -0.031944 0.0170629
internal_weight=0 3259.46 338.233 120.446 95.1424 23165.3 17632.3 5532.98 17427 225.432 205.314 129.898 16.4195 113.479
internal_count=218526 48507 2666 958 790 170019 129819 40200 118989 1592 10830 7218 683 6535
cat_boundaries=0 1
cat_threshold=200
is_linear=0
shrinkage=0.05


Tree=164
num_leaves=15
num_cat=1
split_feature=4 7 0 5 5 4 0 4 5 0 6 0 4 6
split_gain=8.42049 8.28026 13.784 28.6726 28.2447 22.3758 17.5242 17.3382 17.2739 15.1331 12.7811 16.297 12.7152 12.3936
threshold=-0.065550418009434383 0 28.812500000000004 -0.023248884330737029 -0.020540494133807517 0.042109019873023033 28.312500000000004 -0.018302405666881242 0.0052102724000992811 13.437500000000002 -0.035923841971229949 27.645833333333339 -0.0095001620452988388 -0.021863649973313196
decision_type=2 1 2 2 2 2 2 2 2 2 2 2 2 2
left_child=-1 13 4 -4 5 6 9 8 -5 -3 12 -12 -11 -2
right_child=1 2 3 7 -6 -7 -8 -9 -10 10 11 -13 -14 -15
leaf_value=0.029775648912876249 -0.0059873821191339383 0.035217853312136706 -0.027917122486208198 0.035300318357857234 0.00071366902037272499 0.064006119206041254 0.035562826880119212 -0.0041121432499314665 -0.0075614785477988965 0.037422297745984955 0.0054912777198782318 -0.02085863019637511 -0.00388474203625497 -0.00025486598889316127
leaf_weight=24.063511853804812 1021.4804026389029 44.323763560532825 116.89386716112494 59.14266499876976 10921.291044890328 17.992214539204724 54.485508289188147 733.19407950341702 39.012299656867981 57.614343753550202 985.04279687255621 62.396839559078217 27.533059221692383 12249.469545620988
leaf_count=809 9954 3058 804 328 89945 100 363 3297 182 1496 8603 396 407 98784
internal_value=0 0.00018483 0.00107515 -0.00473041 0.00152836 0.00864982 0.007841 -0.00147018 0.0182646 0.00655761 0.00543599 0.00392159 0.0240654 -0.00069558
internal_weight=0 26389.9 13118.9 948.243 12170.7 1249.39 1231.4 831.349 98.155 1176.91 1132.59 1047.44 85.1474 13270.9
internal_count=218526 217717 108979 4611 104368 14423 14323 3807 510 13960 10902 8999 1903 108738
cat_boundaries=0 1
cat_threshold=81
is_linear=0
shrinkage=0.05


Tree=165
num_leaves=15
num_cat=3
split_feature=8 0 6 0 5 7 5 4 5 2 1 5 1 7
split_gain=11.2073 11.7631 7.72794 13.7723 18.4913 14.7358 31.9394 15.3668 12.1416 12.8834 11.222 13.0474 10.2445 7.05432
threshold=0 4.604166666666667 -0.038828872096345689 23.604166666666668 -0.025744482273198015 1 -0.026363642708913834 -0.0061332594674819258 1.0000000180025095e-35 4.5000000000000009 7.5000000000000009 -0.043756643470424392 15.000000000000002 2
decision_type=1 2 2 2 2 1 2 2 2 2 2 2 2 1
left_child=-1 -2 3 5 10 6 -3 -7 9 12 -5 -12 -6 -4
right_child=1 2 13 4 8 7 -8 -9 -10 -11 11 -13 -14 -15
leaf_value=-0.0018442304983867942 0.034740374525004503 -0.071229717968073619 0.0031878415748046412 0.052771570650147884 -0.059166472381932067 0.048154626546644083 0.026069086602007071 0.0026322459668400946 0.01064891749505785 0.0040909911157277004 -0.026483034189761293 0.026588373534688237 -0.012058709271961947 8.7690839920154541e-05
leaf_weight=6293.9971615183313 25.157248984760372 13.199105764739214 2036.6053671884001 18.782631935551763 28.597197076305747 60.022911965847015 23.364363143686205 26.822975302115083 35.581989821046591 25.046204658225179 18.100114587694407 32.153446286916733 19.350242760032415 17767.611656124878
leaf_count=51647 20664 335 14596 317 324 1656 366 353 283 298 438 468 219 126474
internal_value=0 0.000571481 0.00052901 0.00848012 -0.000434711 0.0213104 -0.00711032 0.0305742 -0.0132991 -0.024973 0.0197976 0.00747334 -0.0401551 0.000408155
internal_weight=0 20130.4 20105.2 301.021 177.612 123.409 36.5635 86.8459 108.576 72.9936 69.0362 50.2536 47.9474 19804.2
internal_count=218438 166791 146127 5057 2347 2710 701 2009 1124 841 1223 906 543 141070
cat_boundaries=0 1 2 3
cat_threshold=80 80 40
is_linear=0
shrinkage=0.05


Tree=166
num_leaves=15
num_cat=2
split_feature=8 0 3 4 7 4 5 6 0 4 5 5 0 5
split_gain=10.1186 11.0135 7.58325 15.8976 15.526 17.2157 16.3336 15.1957 13.6078 15.0494 14.8511 14.6 13.3166 12.9047
threshold=0 4.604166666666667 143.50000000000003 -0.050365652977205348 1 0.07077274323849668 -0.033596131624226221 0.10405134008216861 15.187500000000002 -0.042215445855511215 0.010870813540477293 -0.043756643470424392 26.812500000000004 0.050910065283055646
decision_type=1 2 2 2 1 2 2 2 2 2 2 2 2 2
left_child=-1 -2 3 -3 5 6 -5 -8 -4 10 11 12 -10 -11
right_child=1 2 8 4 -6 -7 7 -9 9 13 -12 -13 -14 -15
leaf_value=-0.0017515821041665257 0.034171913015797195 0.022451234221251656 -0.012284649611214848 0.0437492654845269 0.00041972069863516101 0.037598090392024663 0.00487795667296375 -0.035393924841566803 -0.095057942743716858 0.00041008514777464232 -0.067446477620862602 -0.0035624717125453641 -0.0098887574580765868 -0.011958467346324496
leaf_weight=6296.042166643223 24.31839887984097 86.722334971185774 257.48875035298988 26.597480867872946 12916.505775939149 41.48673478141427 1393.0344127267599 23.82444198988378 9.1667588651180285 5012.5434784730896 13.413759056478737 91.597473223693669 9.1913412353023869 220.14874500408769
leaf_count=51647 20664 2686 1770 667 98309 256 13034 223 291 25854 110 1294 134 1499
internal_value=0 0.000543572 0.00050316 0.00110766 0.00097913 0.00580314 0.00492952 0.00420079 -0.001057 -0.000517238 -0.0177782 -0.0117191 -0.0524163 -0.000110282
internal_weight=0 20126 20101.7 14488.2 14401.4 1484.94 1443.46 1416.86 5613.55 5356.06 123.369 109.956 18.3581 5232.69
internal_count=218438 166791 146127 115175 112489 14180 13924 13257 30952 29182 1829 1719 425 27353
cat_boundaries=0 1 2
cat_threshold=80 136
is_linear=0
shrinkage=0.05


Tree=167
num_leaves=15
num_cat=2
split_feature=8 0 6 0 7 2 3 0 3 0 6 0 1 2
split_gain=9.13408 9.80881 21.3937 11.7279 11.2891 14.104 12.4239 33.8648 16.4541 11.4918 16.7121 11.4882 21.5164 9.64163
threshold=0 6.4375000000000009 0.09500244857982372 6.6875000000000009 1 4.5000000000000009 19.500000000000004 4.854166666666667 25.500000000000004 5.8125000000000009 0.11438191683374681 4.729166666666667 10.000000000000002 2.5000000000000004
decision_type=1 2 2 2 1 2 2 2 2 2 2 2 2 2
left_child=-1 2 -2 13 -4 6 7 -6 -8 10 11 12 -10 -3
right_child=1 3 4 -5 5 -7 8 -9 9 -11 -12 -13 -14 -15
leaf_value=-0.0016636168324178032 0.026807456720336575 -0.0025015349191367634 0.011583332403163751 0.00046850699889706228 0.050470673477365585 0.019484361796751903 0.037019439160983533 -0.36314627313335274 -0.31119906916255596 -0.1136749917680447 -0.094884073986847117 0.052646248644946159 0.051190359100661699 -0.050620546459478923
leaf_weight=6297.9812387656566 103.98270963973482 21.236679147230461 35.329277150070993 19901.832694222918 0.93110167258419352 10.365049448999342 5.50137557438575 1.0562654435634611 0.68985805139527823 6.7593433484435073 6.0533444858156145 5.5316988378763199 1.0082275310996918 20.419957755249925
leaf_count=51647 23009 639 3578 134205 931 1299 478 10 292 109 881 176 400 784
internal_value=0 0.000516841 0.0122287 0.000413035 -0.00847368 -0.0239174 -0.0489448 -0.169363 -0.0395761 -0.0606004 -0.0335926 0.0177255 -0.0960326 -0.0260893
internal_weight=0 20120.7 177.208 19943.5 73.2255 37.8963 27.5312 1.98737 25.5438 20.0425 13.2831 7.22978 1.69809 41.6566
internal_count=218438 166791 31163 135628 8154 4576 3277 941 2336 1858 1749 868 692 1423
cat_boundaries=0 1 2
cat_threshold=80 232
is_linear=0
shrinkage=0.05


Tree=168
num_leaves=15
num_cat=1
split_feature=8 0 6 0 5 3 2 5 5 5 6 3 5 5
split_gain=8.24938 9.10115 19.6857 10.3395 8.83118 8.43521 12.5398 12.9204 29.6206 20.7846 10.6334 14.7814 8.15679 12.0078
threshold=0 6.4375000000000009 0.09500244857982372 6.6875000000000009 0.042152864767714182 27.500000000000004 2.5000000000000004 0.031665860380567047 0.038554954210968731 0.035545818354042115 1.0000000180025095e-35 53.500000000000007 0.030589834846243055 0.035144647202586796
decision_type=1 2 2 2 2 2 2 2 2 2 2 2 2 2
left_child=-1 2 5 4 -3 6 7 -2 9 -9 11 -7 -4 -14
right_child=1 3 12 -5 -6 10 -8 8 -10 -11 -12 -13 13 -15
leaf_value=-0.0015800951263965444 0.050456265178576112 0.0051735148825897605 0.051243971269438193 0.00044511981327897835 -0.041857733409932069 -0.28988096065023622 0.033769691611283029 -0.067748869443509233 -0.020056425014874826 -0.4196717974276114 0.040018458146321462 0.050456325411794012 -0.10221031201162965 -0.0075901473782880487
leaf_weight=6299.8200400986243 4.2866610755736501 15.971315014525315 5.41932159801945 19900.170943118166 26.613120516762137 0.58808924414915853 20.208983502874617 0.83017771129379869 10.968628759321289 0.84823098505148664 62.93751829105895 0.69732646603370085 3.5358252543664994 64.856130989734083
leaf_count=51647 2224 1035 1281 134205 388 298 6109 227 1750 198 12046 157 390 6483
internal_value=0 0.000491882 0.0118391 0.000392454 -0.0242186 0.026142 0.00717574 -0.024562 -0.0499891 -0.245603 0.0371109 -0.105251 -0.00780311 -0.012482
internal_weight=0 20117.9 175.177 19942.8 42.5844 101.366 37.1427 16.9337 12.647 1.67841 64.2229 1.28542 73.8113 68.392
internal_count=218438 166791 31163 135628 1423 23009 10508 4399 2175 425 12501 455 8154 6873
cat_boundaries=0 1
cat_threshold=80
is_linear=0
shrinkage=0.05


Tree=169
num_leaves=15
num_cat=1
split_feature=5 4 4 3 6 5 5 0 6 2 0 8 1 3
split_gain=7.93309 11.7565 8.34389 10.912 11.0337 9.70693 17.1359 11.9812 13.6667 9.78379 11.1391 7.82161 7.9718 13.237
threshold=-0.053979530312242195 -0.054389635175805619 -0.052231588671728391 54.500000000000007 -0.0013898547365167669 -1.0000000180025095e-35 -0.029736868131548477 22.229166666666668 -0.02486031775759278 3.5000000000000004 25.395833333333339 0 18.500000000000004 54.500000000000007
decision_type=2 2 2 2 2 2 2 2 2 2 2 1 2 2
left_child=1 -1 3 -2 5 6 7 -5 -9 -8 -11 -4 -13 -14
right_child=2 -3 11 4 -6 -7 9 8 -10 10 -12 12 13 -15
leaf_value=-0.027758369052782585 0.051495579441744703 0.025450597267206245 0.0015649555315293967 -0.074391114014462148 0.035233788957962024 -0.041346510274201755 0.045715686522671495 0.032103363891421197 -0.047399691717109768 0.035915083545456992 -0.043099484726630138 6.5606010317265212e-05 0.00059446112159595207 -0.0041721769780123444
leaf_weight=12.509447345044462 15.848038582276784 61.020300274598412 5495.7731218771951 8.3296351390890795 26.779594721097965 12.986715585691853 25.342160271131434 11.9363637464121 9.8796097449958307 9.1486222231760639 8.7041423823684436 14788.692029933882 2572.481587382732 3357.3312374111265
leaf_count=478 1107 1988 44745 352 514 220 546 283 162 281 136 120220 29638 17768
internal_value=0 0.0163983 -4.78949e-05 0.0126394 0.00719506 -0.00150283 0.00555245 -0.023378 -0.00390049 0.0257429 -0.00260859 -0.000110307 -0.000555173 -0.00210431
internal_weight=0 73.5297 26343.2 128.955 113.107 86.3272 73.3405 30.1456 21.816 43.1949 17.8528 26214.3 20718.5 5929.81
internal_count=218438 2466 215972 3601 2494 1980 1760 797 445 963 417 212371 167626 47406
cat_boundaries=0 1
cat_threshold=11
is_linear=0
shrinkage=0.05


Tree=170
num_leaves=15
num_cat=0
split_feature=5 0 5 6 0 6 4 6 4 1 5 3 0 1
split_gain=7.73136 24.585 22.9492 15.245 12.9486 19.4788 12.9132 12.1031 28.1678 25.6813 19.3367 12.6777 13.2176 12.0873
threshold=0.021076432383857091 9.1875000000000018 -0.0019226148671127046 -0.033514047232764875 6.5625000000000009 0.073845092105961699 0.046284004017054868 0.062814977414146558 0.056454339244040225 12.500000000000002 0.0067952098186250974 122.50000000000001 13.562500000000002 10.000000000000002
decision_type=2 2 2 2 2 2 2 2 2 2 2 2 2 2
left_child=1 2 -1 -2 -4 6 -6 -3 9 11 -11 12 -9 -7
right_child=3 7 4 -5 5 13 -8 8 -10 10 -12 -13 -14 -15
leaf_value=0.050890436641667251 0.029565446619523018 0.00070092072995669389 0.04394534760201671 -0.0011973887123292032 0.022167080869232511 -0.059208235418402359 -0.035686251111666394 -0.033060665894893551 0.027285265958937006 -0.02213601128112554 0.014070917861951748 -0.051836300960881543 -0.0047886775619677066 0.00082926506499156674
leaf_weight=42.70491470550769 40.435978356283158 15837.481558591826 22.626744809909724 9995.1019431130699 78.007407829049043 17.053859939333051 11.006168318912385 82.695802511647344 49.938186958432198 55.622262076474726 109.41233164444566 35.557427734136581 82.667889647185802 16.489465237595141
leaf_count=8613 276 105667 8458 87982 4786 266 200 567 278 347 612 191 397 279
internal_value=0 0.000687699 0.0186706 -0.00107344 0.00919327 0.00277726 0.0150138 0.000479818 -0.00793991 -0.0127467 0.00186795 -0.0247511 -0.0189271 -0.0296946
internal_weight=0 16441.3 187.889 10035.5 145.184 122.557 89.0136 16253.4 415.894 365.956 165.035 200.921 165.364 33.5433
internal_count=218919 130661 22602 88258 13989 5531 4986 108059 2392 2114 959 1155 964 545
is_linear=0
shrinkage=0.05


Tree=171
num_leaves=15
num_cat=2
split_feature=6 7 0 3 0 2 0 4 0 0 3 7 6 0
split_gain=7.13643 28.0721 29.4936 11.0967 8.40522 9.73473 19.4333 26.2912 18.5457 8.27786 6.40083 15.2541 22.0445 18.0848
threshold=-0.042380825682388913 0 28.395833333333339 121.50000000000001 19.687500000000004 1.5000000000000002 24.395833333333339 -0.024789208124840621 26.229166666666668 20.770833333333339 143.50000000000003 1 -0.021863649973313196 27.395833333333339
decision_type=2 1 2 2 2 2 2 2 2 2 2 1 2 2
left_child=1 2 9 4 -3 8 7 -7 -6 -1 11 12 -2 -14
right_child=10 3 -4 -5 5 6 -8 -9 -10 -11 -12 -13 13 -15
leaf_value=0.031850704874667526 0.023988781585582705 0.038619572581370373 -0.087101965689727445 0.034706512050046046 0.01320897786849665 0.039001685904081367 0.029762433299284786 -0.060393801847247033 -0.063384003993379651 -0.016359143166398686 -0.0015724976125175436 -0.00026243180319738185 0.002208158755507862 0.03620052914484688
leaf_weight=11.888864505453965 125.29409221187234 21.196287944447249 13.895111680030821 64.520323879551142 18.857061342336237 11.006082966458054 57.894279100000858 16.821000347845256 13.605470579117535 35.465546780265868 5539.4031003070995 17263.637071951307 3237.8160621224524 39.606900565326214
leaf_count=361 1684 718 117 1333 338 303 769 235 191 591 29519 144543 38012 205
internal_value=0 0.0081811 -0.019815 0.0167416 0.00962656 0.00442666 0.0132574 -0.0210812 -0.0188921 -0.00425551 -6.31462e-05 0.00034142 0.00339584 0.00261895
internal_weight=0 265.15 61.2495 203.901 139.38 118.184 85.7214 27.8271 32.4625 47.3544 26205.8 20666.4 3402.72 3277.42
internal_count=218919 4956 1069 3887 2554 1836 1307 538 529 952 213963 184444 39901 38217
cat_boundaries=0 1 2
cat_threshold=144 138
is_linear=0
shrinkage=0.05


Tree=172
num_leaves=15
num_cat=2
split_feature=5 4 7 4 6 6 4 4 5 3 3 6 7 4
split_gain=7.1122 10.8941 9.56978 10.2913 8.77141 10.9647 23.302 26.6836 20.4494 16.363 26.5915 20.6823 17.9057 23.6047
threshold=0.091671957915181054 0.07077274323849668 0 0.040006668889629886 0.11750249666109182 0.091956576132191589 0.015661512609491599 0.010364273979527362 0.049134508545674735 24.500000000000004 23.500000000000004 0.09654729248454684 1 0.059509547687011256
decision_type=2 2 1 2 2 2 2 2 2 2 2 2 1 2
left_child=4 2 3 -2 5 -1 7 -7 -9 10 11 -8 13 -11
right_child=1 -3 -4 -5 -6 6 9 8 -10 12 -12 -13 -14 -15
leaf_value=0.00015340291786894103 -0.075189887435950897 -0.048873761643306313 0.0066281582662842623 -0.012238251121253173 0.019961697892695487 -0.0073409651901725076 -0.084322489610665602 -0.12394001090638938 -0.025528755295699635 0.040578149265700192 -0.10018064259114295 0.014552025401597963 -0.0070240406479809836 -0.018896530438418366
leaf_weight=25919.730178293161 9.6767032484058308 17.561791397165507 59.161138055031188 19.728301476570778 55.308189586357912 26.608241567679215 6.9240362771961399 12.427833398309305 9.1764422119304054 53.559898372768657 10.927364635397678 22.396824853291037 218.68159555306192 24.230344971758313
leaf_count=203866 287 511 1193 388 3861 1769 562 341 261 714 142 1975 2835 214
internal_value=0 -0.0128989 -0.0057654 -0.0245915 7.08229e-05 2.90003e-05 -0.00834775 -0.0408587 -0.0821397 -0.00369274 -0.0336075 -0.0087969 0.00036841 0.0195408
internal_weight=0 106.128 88.5661 29.405 26360 26304.7 384.933 48.2125 21.6043 336.72 40.2482 29.3209 296.472 77.7902
internal_count=218919 2379 1868 675 216540 212679 8813 2371 602 6442 2679 2537 3763 928
cat_boundaries=0 1 2
cat_threshold=21 5
is_linear=0
shrinkage=0.05


Tree=173
num_leaves=15
num_cat=1
split_feature=5 3 5 2 2 4 6 3 3 2 7 5 6 5
split_gain=6.87331 15.0477 15.2459 18.668 23.8452 19.2179 13.8753 11.6414 27.3723 10.8133 21.1637 12.5429 13.3438 12.4558
threshold=0.021076432383857091 30.500000000000004 0.014418419290295281 2.5000000000000004 4.5000000000000009 0.01595907945090971 -0.033514047232764875 28.500000000000004 26.500000000000004 1.0000000180025095e-35 0 -0.042466943740829079 -0.02649420235618544 -0.026363642708913834
decision_type=2 2 2 2 2 2 2 2 2 2 1 2 2 2
left_child=1 2 -1 -4 5 -5 -2 8 -6 10 13 12 -12 -3
right_child=6 9 3 4 7 -7 -8 -9 -10 -11 11 -13 -14 -15
leaf_value=0.033929276197271492 0.028442813265979461 0.026924509583014108 0.039826634571711407 -0.026802107097329199 0.051697517651127595 -0.19567437569950383 -0.0011303916440563221 0.062087975423965908 -0.20389506121152931 1.9960888612604291e-06 -0.016882028911552299 -0.00072155690474250275 0.050516201811803121 0.0077557351625911347
leaf_weight=64.907501081630471 39.820926339831203 94.826843445072882 10.740937838636457 3.168551587878027 2.5965080386085884 3.5975414551794529 9994.5051411348104 4.6969729157281108 1.7558647591504266 13949.056639015267 10.605796382296829 1464.6791445606505 23.877251774538308 797.25582522738841
leaf_count=9211 276 1145 954 477 457 297 87982 102 72 101884 256 10366 400 5040
internal_value=0 0.000647747 0.0208718 -0.0110425 -0.0455899 -0.116592 -0.00101303 0.00749738 -0.0514154 0.000534544 0.0036411 -1.96855e-05 0.0297868 0.00968478
internal_weight=0 16431.8 91.4639 26.5564 15.8154 6.76609 10034.3 9.04935 4.35237 16340.3 2391.24 1499.16 34.483 892.083
internal_count=218919 130661 11570 2359 1405 774 88258 631 529 119091 17207 11022 656 6185
cat_boundaries=0 1
cat_threshold=104
is_linear=0
shrinkage=0.05


Tree=174
num_leaves=15
num_cat=3
split_feature=8 6 0 7 0 4 7 5 6 3 0 4 1 0
split_gain=6.90463 10.1673 16.0801 16.2781 18.1327 10.4705 13.6449 9.90327 13.3976 9.83931 13.4152 12.4276 21.7222 13.4119
threshold=0 -0.038828872096345689 23.604166666666668 1 24.729166666666668 -0.0068006188878518021 2 -0.025155618405589348 -0.042380825682388913 143.50000000000003 12.937500000000002 -0.035834384590762734 7.5000000000000009 29.104166666666668
decision_type=1 2 2 1 2 2 1 2 2 2 2 2 2 2
left_child=-1 2 5 -4 -5 -2 -7 -6 -9 -3 -11 12 -12 -14
right_child=1 9 3 4 7 6 -8 8 -10 10 11 -13 13 -15
leaf_value=-0.001426387494736704 0.034582798503662082 0.001020498350293721 -0.023972660447835008 -0.038973451799885782 0.033936861763664991 0.027130397489690667 -0.020351131015294174 0.020656286630403919 -0.024045187610323426 -0.029658119281031809 -0.053961140619273873 -0.00077024311979295419 -0.0020896704538072939 -0.045151843751336004
leaf_weight=6297.1423219582939 78.244969539809972 14362.729732396445 41.772311280481517 17.059883791953325 47.257917400449514 19.023146651685238 21.907805542461574 46.477494304999709 26.216855648905039 41.876004514284432 28.217691144905984 5248.7257132399827 163.65110185183585 20.327657178044319
leaf_count=51749 2194 132965 468 312 848 244 273 554 192 328 289 26499 1838 166
internal_value=0 0.000468999 0.00963694 0.000153515 0.00862899 0.0238637 0.00337274 0.0161185 0.00453492 0.000331726 -0.00146602 -0.00124984 -0.0131127 -0.00684757
internal_weight=0 20163.5 297.96 178.784 137.012 119.176 40.931 119.952 72.6943 19865.5 5502.8 5460.92 212.196 183.979
internal_count=218919 167170 5085 2374 1906 2711 517 1594 746 162085 29120 28792 2293 2004
cat_boundaries=0 1 2 3
cat_threshold=80 144 146
is_linear=0
shrinkage=0.05


Tree=175
num_leaves=15
num_cat=2
split_feature=0 7 5 1 4 5 5 0 4 0 4 4 7 6
split_gain=7.64203 18.5185 17.725 13.7162 12.799 10.6721 8.6909 23.8046 14.202 22.2346 22.0252 31.8228 25.4862 24.1288
threshold=29.437500000000004 0 -1.0000000180025095e-35 15.000000000000002 0.018874910061263125 0.022105569333455807 0.022731128728753436 6.5625000000000009 -0.028926178395322386 21.729166666666668 -0.0047590736651378735 -0.012993493893949735 1 -0.0060629034851930981
decision_type=2 1 2 2 2 2 2 2 2 2 2 2 1 2
left_child=6 2 3 -2 -3 -4 7 -1 9 -8 11 12 -10 -12
right_child=1 4 5 -5 -6 -7 8 -9 10 -11 13 -13 -14 -15
leaf_value=0.044173655229196716 0.0017750573743309864 -0.0090978288371160228 0.0045535652580821007 -0.031751486645854511 -0.037115065749491194 0.030142161229679006 0.033129740364000515 0.00061376597100193213 0.024611500103870185 -0.0058852113643430154 0.010610741580984007 -0.015608511120559547 -0.0037218330415396427 -0.001170637916956363
leaf_weight=31.42520365731616 64.132162448018789 420.22895295917988 321.72271474450827 58.183898758143187 45.141672935336828 46.656280159950256 75.44387516041752 16019.050538089941 82.347538483445533 70.77694833651185 461.24550463980995 625.4621795952844 554.81323521683225 7521.0963857234165
leaf_count=13775 321 1821 1306 287 261 261 1464 117144 776 338 2244 5525 4910 68262
internal_value=0 -0.00456128 0.00227228 -0.014173 -0.011567 0.00779444 -7.82863e-06 0.000699052 -0.00121596 0.0142449 -0.00146049 -0.00759678 0.000267862 -0.000489872
internal_weight=0 956.066 490.695 122.316 465.371 368.379 25441.7 16050.5 9391.19 146.221 9244.96 1262.62 637.161 7982.34
internal_count=218695 4257 2175 608 2082 1567 214438 130919 83519 1802 81717 11211 5686 70506
cat_boundaries=0 1 2
cat_threshold=23 24
is_linear=0
shrinkage=0.05


Tree=176
num_leaves=15
num_cat=1
split_feature=5 4 7 1 4 1 3 3 0 4 0 4 0 5
split_gain=7.40018 20.5155 15.3682 8.63806 7.21442 7.2069 15.3645 15.062 14.4001 13.8321 21.7024 20.9754 19.4779 13.7445
threshold=-0.051276020937356774 -0.04330550802240337 0 6.5000000000000009 -0.052231588671728391 18.500000000000004 23.500000000000004 134.50000000000003 7.3125000000000009 0.033479924777200354 7.3125000000000009 0.037605647215675074 25.395833333333339 -0.016517987146603744
decision_type=2 2 1 2 2 2 2 2 2 2 2 2 2 2
left_child=1 2 -1 -3 -4 6 8 -8 -2 10 -7 -11 13 -13
right_child=5 3 4 -5 -6 9 7 -9 -10 11 -12 12 -14 -15
leaf_value=-0.049671596123636967 -0.015748040011660989 -0.024174571956298931 0.0434157024622355 0.031343169881901146 -0.025152368246753029 0.033997571718828411 0.001396704861137722 -0.0016401484045844442 -0.093768422075411292 -0.018004733307901213 -0.00069106072642888521 -0.036430368692390504 -0.019979039794243938 0.00011696826627592338
leaf_weight=10.347411654074675 64.443675749542308 7.7685788155067703 11.300839924486356 71.409472400497179 5.8076139290351447 45.427318421905511 12480.146763691271 6068.2271181456745 6.5116809904575339 283.70331547906972 6060.6868510089116 26.339414302259684 148.82278809696436 1103.0096459368942
leaf_count=398 12006 235 403 2048 202 9480 108032 33110 75 2086 40145 139 1090 9246
internal_value=0 0.0129815 -0.0242618 0.025896 0.0127104 -0.000216946 0.000314342 0.000403178 -0.0229081 -0.00150701 -0.00043299 -0.00570588 -0.00297603 -0.000735413
internal_weight=0 106.634 27.4559 79.1781 17.1085 26287.3 18619.3 18548.4 70.9554 7667.99 6106.11 1561.88 1278.17 1129.35
internal_count=218695 3286 1003 2283 605 215409 153223 141142 12081 62186 49625 12561 10475 9385
cat_boundaries=0 1
cat_threshold=50
is_linear=0
shrinkage=0.05


Tree=177
num_leaves=15
num_cat=0
split_feature=3 4 3 3 4 5 1 6 6 0 0 0 0 6
split_gain=6.97401 15.9233 17.8045 18.0451 24.4305 17.6814 16.4269 21.5636 27.5922 14.5464 39.306 14.5229 13.3217 11.0945
threshold=38.500000000000007 -0.015916037190348131 34.500000000000007 33.500000000000007 0.058401555668589608 0.013762840467994227 6.5000000000000009 0.059704523685391087 0.043312830662975359 12.312500000000002 13.062500000000002 10.937500000000002 10.437500000000002 0.040541060331044189
decision_type=2 2 2 2 2 2 2 2 2 2 2 2 2 2
left_child=1 9 3 5 -5 12 7 8 11 -1 -11 13 -3 -7
right_child=-2 2 -4 4 -6 6 -8 -9 -10 10 -12 -13 -14 -15
leaf_value=0.046326483960486095 -0.00038259121204797667 0.033183867584510487 0.0076275835008835328 -0.025312572266914357 0.037643532038587495 0.039973618201288003 -0.0063977831587762272 -0.0032907453739910346 0.063958459062684936 -0.086494979692182561 0.029771232711180831 -0.044495233552427939 -0.00070068268937829381 -0.037643056653873998
leaf_weight=39.204735748891835 24489.437800412619 66.274715202132938 760.66198383265873 136.73142467773869 17.367099694442004 20.690318848995961 602.49740172422025 109.70794664425193 34.827820054342737 9.3380029406398517 32.812887244857848 11.521715741604565 51.582983781583607 5.9217001334181978
leaf_count=6785 166050 7294 7744 1732 138 831 21639 3552 814 305 742 113 834 122
internal_value=0 0.00276263 0.00179406 -0.0024035 -0.0182173 0.000295084 -0.00241559 0.0107189 0.0317842 0.0244041 0.00401391 0.00239931 0.0183536 0.0227024
internal_weight=0 1899.14 1817.79 1057.12 154.099 903.025 785.167 182.67 72.9616 81.3556 42.1509 38.1337 117.858 26.612
internal_count=218695 52645 44813 37069 1870 35199 27071 5432 1880 7832 1047 1066 8128 953
is_linear=0
shrinkage=0.05


Tree=178
num_leaves=15
num_cat=1
split_feature=0 7 5 2 4 0 4 2 4 5 0 4 6 4
split_gain=6.80714 16.8567 15.9518 12.9228 17.407 12.8114 11.8105 9.72526 23.0644 7.93501 16.8888 47.1758 13.1807 10.8234
threshold=29.437500000000004 0 -1.0000000180025095e-35 4.5000000000000009 0.015338543650598039 29.604166666666668 0.018874910061263125 3.5000000000000004 -0.015551573769423037 0.032037797131226758 7.4375000000000009 0.086014867914509505 0.081123385883685964 0.017897737547209785
decision_type=2 1 2 2 2 2 2 2 2 2 2 2 2 2
left_child=9 2 5 4 -4 -2 7 8 -3 10 11 -1 -12 -14
right_child=1 6 3 -5 -6 -7 -8 -9 -10 -11 12 -13 13 -15
leaf_value=0.025013120564703853 0.0045936195356457207 0.01687025113415885 0.0072330363291804659 -0.0084083053786237882 0.040665100760925901 -0.027881108364296272 -0.035778718658370297 0.0013142456517330392 -0.021390813031731595 -0.0014713631520649516 0.00055885983501251615 -0.34456113156920559 -0.035501545184393732 -0.0063267281140227992
leaf_weight=93.726641701898188 54.969786349684 48.118070039898157 226.8014854118228 95.262443989515305 47.00401920825243 67.864173371344805 44.296104453504086 155.03381251916289 217.10998660326004 6684.1675087745243 18472.961511251517 0.87151553994044562 41.401056502014399 136.93491858989
leaf_count=22474 276 258 919 405 243 332 261 675 888 62304 128503 17 335 805
internal_value=0 -0.00428897 0.00221412 0.00745362 0.0129723 -0.0133482 -0.010986 -0.00863424 -0.0144494 7.74329e-06 0.000535144 0.0216083 0.000428262 -0.0130997
internal_weight=0 956.46 491.902 369.068 273.806 122.834 464.558 420.262 265.228 25430.1 18745.9 94.5982 18651.3 178.336
internal_count=218695 4257 2175 1567 1162 608 2082 1821 1146 214438 152134 22491 129643 1140
cat_boundaries=0 1
cat_threshold=23
is_linear=0
shrinkage=0.05


Tree=179
num_leaves=15
num_cat=0
split_feature=5 4 0 3 0 1 0 3 4 3 3 4 5 1
split_gain=6.5296 19.501 14.4058 8.64515 8.15828 21.1758 19.5799 6.49249 14.3738 16.0579 16.0248 21.8789 15.8867 14.8609
threshold=-0.051276020937356774 -0.04330550802240337 26.229166666666668 144.50000000000003 22.604166666666668 12.500000000000002 18.562500000000004 38.500000000000007 -0.015916037190348131 34.500000000000007 33.500000000000007 0.058401555668589608 0.013762840467994227 6.5000000000000009
decision_type=2 2 2 2 2 2 2 2 2 2 2 2 2 2
left_child=1 2 3 -1 5 6 -3 8 -2 10 12 -12 -10 -14
right_child=7 4 -4 -5 -6 -7 -8 -9 9 -11 11 -13 13 -15
leaf_value=0.029775588816604078 0.023518818056530968 0.033541564056419074 -0.06563474892556935 -0.053449195739719263 0.037386750563872487 0.048107844814289036 -0.086274354746723125 -0.00040929564123064947 0.017614521506804176 0.0072767397305154441 -0.023671754419552243 0.036132066308005521 0.010310843092366155 -0.0060080267805011781
leaf_weight=11.58722828293685 78.919142833154183 5.6318054588045952 11.778513701632617 4.270364260300993 49.434850864112377 13.648046361631712 8.6419114111922664 24383.261775667284 115.49253310475615 757.78760760772275 138.54468650641502 17.191236517159268 181.32141510976362 604.99645304094884
leaf_count=600 7731 355 251 152 1074 608 246 162899 8106 7732 1732 138 5432 21639
internal_value=0 0.0123037 -0.0237483 0.0073636 0.0251835 0.00357794 -0.0390001 -0.000190239 0.00262951 0.00172137 -0.00225934 -0.0170702 0.000298386 -0.00224497
internal_weight=0 104.993 27.6361 15.8576 77.3566 27.9218 14.2737 26277.5 1894.25 1815.33 1057.55 155.736 901.81 786.318
internal_count=218695 3286 1003 752 2283 1209 601 215409 52510 44779 37047 1870 35177 27071
is_linear=0
shrinkage=0.05


Tree=180
num_leaves=15
num_cat=0
split_feature=5 5 4 3 4 6 4 0 6 4 4 1 3 3
split_gain=11.2984 11.9387 13.7197 12.7401 13.9049 10.8318 12.7444 16.2694 10.7693 18.3978 13.1682 10.6984 10.2127 10.9929
threshold=0.076272691426696668 0.082077320448561086 0.009175995904565604 103.50000000000001 0.017244919634638537 0.045716359112585536 0.07077274323849668 7.5625000000000009 0.040111035340984841 0.0082670914558492636 0.023663245722713989 10.000000000000002 93.500000000000014 59.500000000000007
decision_type=2 2 2 2 2 2 2 2 2 2 2 2 2 2
left_child=-1 8 -3 4 -4 -6 -7 11 -2 -10 -11 -8 13 -12
right_child=1 2 3 -5 5 6 7 -9 9 10 12 -13 -14 -15
leaf_value=0.00042575843473139616 0.004546838627291828 -0.045566924035578826 0.052580776895005114 0.030964509228118404 -0.03520800988520336 0.0057930394868720017 -0.016720811761224582 0.014733736832840913 0.029122859167247658 -0.059705926602301278 -0.02306122085003286 -0.088029905720523494 -0.05261231953738587 0.021585071116545132
leaf_weight=25961.218900144479 43.788060278515331 16.007216928410344 10.969937678280983 33.313734352588654 26.219997714681085 143.49841998901684 9.7124904938391428 13.602225538343189 14.762669963412916 28.648171952838311 62.514952515077312 11.473030748311428 20.692994751036167 17.688402566302102
leaf_count=211582 338 314 278 207 197 2965 382 85 227 367 1139 312 132 163
internal_value=0 -0.00754016 -0.000698154 0.00218872 -0.00226017 -0.0052019 -0.000788995 -0.0279397 -0.0171722 -0.0237625 -0.0297893 -0.0553383 -0.0212948 -0.0132147
internal_weight=0 452.892 264.797 248.79 215.476 204.506 178.286 34.7877 188.095 144.307 129.545 21.1855 100.896 80.2034
internal_count=218688 7106 4740 4426 4219 3941 3744 779 2366 2028 1801 694 1434 1302
is_linear=0
shrinkage=0.05


Tree=181
num_leaves=15
num_cat=0
split_feature=5 0 0 4 4 0 5 4 4 4 4 6 2 4
split_gain=10.1824 11.6909 13.9521 17.3793 29.4686 16.1065 15.3454 15.3518 14.3225 16.8328 11.7744 11.1948 8.99935 14.5938
threshold=0.076272691426696668 22.354166666666668 12.437500000000002 0.0041853516446117203 0.0097461757029107619 14.437500000000002 0.082077320448561086 0.01758304089557635 0.023663245722713989 0.037131995692938 0.080415482236921895 0.040541060331044189 2.5000000000000004 0.036650155299659683
decision_type=2 2 2 2 2 2 2 2 2 2 2 2 2 2
left_child=-1 2 3 -2 -5 -4 8 -8 -6 -10 12 -7 -9 -14
right_child=1 -3 5 4 6 11 7 10 9 -11 -12 -13 13 -15
leaf_value=0.0004045030928789134 0.035715253457914611 -0.042642703967612411 0.034729757669341971 -0.096199221583774239 -0.06555674974440022 0.021852081246830007 0.059850049070079396 0.0096677125868479766 0.030951738448098128 -0.027937768122965015 -0.055605212378572855 -0.018247253220193035 -0.053445182145399839 -0.0025731988963887289
leaf_weight=25959.181813566887 18.84757457653177 22.077124767005444 40.835878781974316 10.467548442888072 18.969972198305186 26.822196155786514 9.4706639262731169 81.047287395864259 14.788501057133542 67.614013808430173 10.992377500922883 49.575909443199635 18.110579052270623 63.625530487421202
leaf_count=211582 326 257 207 262 284 180 251 1433 301 980 403 396 498 1328
internal_value=0 -0.00715488 -0.0053378 -0.0108341 -0.0138073 0.00938053 -0.0107771 -0.00214201 -0.0263865 -0.0173691 -0.00552054 -0.004169 -0.00213844 -0.0138451
internal_weight=0 453.245 431.168 313.934 295.086 117.234 284.619 183.246 101.372 82.4025 173.776 76.3981 162.783 81.7361
internal_count=218688 7106 6849 6066 5740 783 5478 3913 1565 1281 3662 576 3259 1826
is_linear=0
shrinkage=0.05


Tree=182
num_leaves=15
num_cat=0
split_feature=5 0 0 4 4 0 5 3 3 4 4 3 6 4
split_gain=9.16901 11.0671 12.5305 15.7834 25.3065 14.3303 13.7141 13.6716 26.9378 12.8072 12.4353 10.3866 10.1155 10.0068
threshold=0.076272691426696668 22.354166666666668 12.437500000000002 0.0041853516446117203 0.0097461757029107619 14.437500000000002 0.082077320448561086 95.500000000000014 40.500000000000007 0.02158670569745183 0.023334477236330361 35.500000000000007 0.040541060331044189 0.080415482236921895
decision_type=2 2 2 2 2 2 2 2 2 2 2 2 2 2
left_child=-1 2 3 -2 -5 -4 7 8 10 -8 -6 -12 -7 -11
right_child=1 -3 5 4 6 12 9 -9 -10 13 11 -13 -14 -15
leaf_value=0.00038430735489626718 0.034501741488347858 -0.041927318284427077 0.03259039049493772 -0.087936691357022811 -0.093904138861128847 0.020492221083829736 0.04086333862980332 -0.067308403860942154 0.012992345667273936 -0.0028198267974454791 -0.013952393921948587 -0.07477209970151337 -0.017551417677409982 -0.051689305755938789
leaf_weight=25957.245717527869 18.542839227215154 21.349693955853581 41.327536791563034 10.867538093589244 9.5453537547728029 27.162925355136395 15.898091475071849 16.015696965157986 40.03533332812367 156.3080672834767 26.949342340987641 9.4924037652672251 48.979811273515224 11.22755128535209
leaf_count=211582 326 257 207 262 200 180 416 78 421 3094 767 99 396 403
internal_value=0 -0.00678552 -0.00505021 -0.0102493 -0.0130495 0.00888603 -0.0101986 -0.0248923 -0.0169952 -0.00202502 -0.0431017 -0.0297948 -0.00397985 -0.00609486
internal_weight=0 453.702 432.352 314.882 296.339 117.47 285.472 102.038 86.0224 183.434 45.9871 36.4417 76.1427 167.536
internal_count=218688 7106 6849 6066 5740 783 5478 1565 1487 3913 1066 866 576 3497
is_linear=0
shrinkage=0.05


Tree=183
num_leaves=15
num_cat=1
split_feature=6 4 7 4 0 4 6 3 4 6 3 0 6 3
split_gain=8.04358 19.0472 19.5054 16.4925 23.5815 14.1982 30.4666 14.1027 14.7892 13.6738 17.0766 12.1301 41.0018 59.9348
threshold=0.083339865182630521 0.015338543650598039 0 0.010992565002914295 8.3125000000000018 -0.014080966442192621 0.086963602889109204 29.500000000000004 0.010051737100642184 0.085862286805290747 58.500000000000007 6.4375000000000009 1.0000000180025095e-35 52.500000000000007
decision_type=2 2 1 2 2 2 2 2 2 2 2 2 2 2
left_child=7 3 -3 4 5 6 -2 8 -1 10 -4 12 13 -9
right_child=1 2 9 -5 -6 -7 -8 11 -10 -11 -12 -13 -14 -15
leaf_value=0.033444134062758042 -0.33495027703921115 -0.017104486929076665 0.0089706835368967824 -0.05195538572012634 -0.025974622828771523 0.052731169408026052 0.051899856812630069 -0.62134488982911273 0.0054988739121724951 0.0058884484479727814 -0.043664938402976215 0.00023216967638065491 0.033023234273387402 0.050474967717346747
leaf_weight=60.689840137391002 0.77412468170223592 145.38510619229055 28.907877131918212 35.183407044125488 62.407236512750387 17.112072790769162 1.4858053156931417 0.59560705427429528 215.30327713247971 477.69363187078852 32.999440200161189 25282.837470273545 47.164611396496184 0.75004010621341877
leaf_count=10776 140 3140 535 935 381 2918 442 275 10205 10990 254 167445 10060 192
internal_value=0 -0.00468274 -0.00149858 -0.0233306 -0.0110156 0.0371753 -0.0806132 0.000402574 0.0116439 0.00296812 -0.0190865 0.000280096 0.0252588 -0.246884
internal_weight=0 801.949 684.986 116.963 81.7792 19.372 2.25993 25607.3 275.993 539.601 61.9073 25331.3 48.5103 1.34565
internal_count=218688 19735 14919 4816 3881 3500 582 198953 20981 11779 789 177972 10527 467
cat_boundaries=0 1
cat_threshold=48
is_linear=0
shrinkage=0.05


Tree=184
num_leaves=15
num_cat=0
split_feature=5 0 6 4 4 5 4 6 6 4 5 4 4 6
split_gain=8.28379 10.4572 13.3788 8.16109 14.0775 15.7238 15.0388 14.1687 11.8615 18.039 11.268 11.9298 10.8806 9.75398
threshold=0.076272691426696668 21.979166666666668 0.028850117318790034 0.0041853516446117203 0.010364273979527362 0.082077320448561086 0.023663245722713989 0.041934844591052643 0.044249915931331867 0.066547560531876201 0.087694929441249334 0.061841202908876347 0.036188487921264549 0.093459902390110552
decision_type=2 2 2 2 2 2 2 2 2 2 2 2 2 2
left_child=-1 2 -2 -4 -5 6 -6 -8 -7 10 -10 -12 -9 -11
right_child=1 -3 3 4 5 8 7 12 9 13 11 -13 -14 -15
leaf_value=0.00035310711724200855 0.028557258466620744 -0.038930615236509147 0.022698398550710534 -0.061214785553276745 -0.052724932954517523 -0.034275968291141178 0.033170126747110833 0.019351110019330313 0.029827717749064644 -0.0045492524917140472 -0.0033832094454312499 0.055175181050407564 -0.026589348124005159 -0.050326303059764189
leaf_weight=25951.253109593687 28.273566972173285 23.514000812545419 21.836075702973176 12.362777299160369 28.425379330059513 21.549656506045721 15.037988832511472 15.403519506799055 60.870155405777041 31.356440252857283 87.881784868543036 9.6527955600467958 78.936560158676002 18.503309911990073
leaf_count=211582 172 288 344 311 316 148 120 287 1007 306 1902 155 1075 675
internal_value=0 -0.00646257 -0.00468747 -0.00702671 -0.0087349 -0.00697004 -0.020324 -0.0119035 0.00103737 0.00469134 0.0129472 0.00241219 -0.0190884 -0.0215374
internal_weight=0 453.604 430.09 401.816 379.98 367.618 137.803 109.378 229.814 208.264 158.405 97.5346 94.3401 49.8598
internal_count=218688 7106 6818 6646 6302 5991 1798 1482 4193 4045 3064 2057 1362 981
is_linear=0
shrinkage=0.05


Tree=185
num_leaves=15
num_cat=1
split_feature=4 6 5 0 3 0 7 0 0 6 0 5 5 4
split_gain=7.86675 7.51521 7.42038 7.10459 15.9088 9.99128 11.3388 9.16387 10.7603 7.08886 5.99924 13.2137 24.3098 50.8795
threshold=0.080415482236921895 -0.059653634028419916 -0.046880723443223436 9.5625000000000018 30.500000000000004 11.812500000000002 0 7.3125000000000009 4.979166666666667 0.085862286805290747 4.604166666666667 0.071439862698161785 0.074591119263250419 0.047595949224107252
decision_type=2 2 2 2 2 2 1 2 2 2 2 2 2 2
left_child=1 2 -1 4 7 -5 -7 8 -2 -6 11 -3 13 -13
right_child=3 10 -4 5 9 6 -8 -9 -10 -11 -12 12 -14 -15
leaf_value=-0.020191670625800847 -0.070950652988176627 0.043503808602328796 0.042670114835196227 -0.042425491468304551 0.050444568327013363 0.01495539172089675 -0.024949113011745745 -0.082962335153557901 0.03107417386022391 0.0017226160852742954 -4.2830242030432515e-05 0.050908438051184862 0.0034205730623582012 -0.59994508436744431
leaf_weight=6.2232098481617895 4.1405888022272865 21.645226084961909 19.111424033064395 32.810120671987534 14.588212031521836 25.97625445201993 27.220532985404134 6.2774066925048819 6.8760849237442017 15.290879239735657 26137.034934847732 0.68182004065601975 8.312447602133032 0.53658514001290314
leaf_count=274 510 22218 579 150 165 188 243 31 73 286 189565 480 3684 118
internal_value=0 9.66826e-06 0.0272287 -0.0121732 0.00342015 -0.0207258 -0.00734218 -0.0347458 -0.0072716 0.0255107 -1.66837e-05 0.0219037 -0.0271516 -0.235727
internal_weight=0 26193.5 25.3346 133.18 47.1732 86.0069 53.1968 17.2941 11.0167 29.8791 26168.2 31.1761 9.53085 1.21841
internal_count=218564 216918 853 1646 1065 581 431 614 583 451 216065 26500 4282 598
cat_boundaries=0 1
cat_threshold=7
is_linear=0
shrinkage=0.05


Tree=186
num_leaves=15
num_cat=1
split_feature=6 0 7 6 4 0 0 6 3 3 1 3 3 4
split_gain=7.37065 10.932 21.9048 22.5278 36.0324 42.9312 85.0037 59.9089 46.0222 35.0117 58.016 28.977 18.6419 12.0125
threshold=0.02531908297470982 12.062500000000002 0 -0.0013898547365167669 0.019532717411720513 9.3125000000000018 9.1875000000000018 1.0000000180025095e-35 54.500000000000007 30.500000000000004 20.500000000000004 123.50000000000001 108.50000000000001 -0.017521703020779794
decision_type=2 2 1 2 2 2 2 2 2 2 2 2 2 2
left_child=1 2 3 -1 5 6 7 8 -5 10 -9 13 -11 -7
right_child=-2 -3 -4 4 -6 11 -8 9 -10 12 -12 -13 -14 -15
leaf_value=0.029575111197897658 -0.001087888925717162 0.00040392501756609405 0.017869226408042872 -0.50357122236347818 0.014523419685315531 0.051442408428035213 -0.43193366109986997 0.05078254000225111 -0.089215074312854664 0.032232108651479206 -0.41316321583685406 -0.081521447760565316 -0.16173604114080042 -0.010317688567658219
leaf_weight=38.789703750779154 10359.551326224377 15523.732546526473 246.72504368617956 1.2628098631103122 67.566921411955263 9.4692413459997606 1.7546111010015 1.299619005265412 1.4278377653390633 10.59255883991136 1.3994080048287287 13.487062712199984 1.4027456662151951 46.716407468542457
leaf_count=2048 104828 94970 10848 281 1184 581 72 266 150 1690 196 242 100 1108
internal_value=0 0.000624669 0.0083794 -0.00431192 -0.0129933 -0.0339276 -0.100254 -0.0667783 -0.283686 -0.0270608 -0.189767 -0.0157073 0.00954923 9.10417e-05
internal_weight=0 15965.6 441.894 195.169 156.379 88.8123 19.1396 17.385 2.69065 14.6943 2.69903 69.6727 11.9953 56.1856
internal_count=218564 113736 18766 7918 5870 4686 2755 2683 431 2252 462 1931 1790 1689
cat_boundaries=0 1
cat_threshold=7
is_linear=0
shrinkage=0.05


Tree=187
num_leaves=15
num_cat=1
split_feature=4 6 5 0 0 3 0 7 3 0 0 6 6 5
split_gain=7.12087 6.9527 7.33355 9.02871 6.5777 15.5147 8.18033 10.6205 7.94754 6.2306 5.97844 5.88064 5.67402 11.831
threshold=0.080415482236921895 -0.059653634028419916 -0.029020844931032345 27.312500000000004 9.1875000000000018 30.500000000000004 11.812500000000002 0 23.500000000000004 5.2708333333333348 29.979166666666668 0.085862286805290747 0.02531908297470982 0.069964295275271926
decision_type=2 2 2 2 2 2 2 1 2 2 2 2 2 2
left_child=1 2 3 -1 5 8 -6 -8 9 -2 12 -7 13 -3
right_child=4 10 -4 -5 6 11 7 -9 -10 -11 -12 -13 -14 -15
leaf_value=0.036725802430674109 -0.039513230974201674 0.00070897322871193123 0.053215759722137337 -0.050268445727666013 -0.03813165845646508 0.052164971284843167 0.014367698538311217 -0.024307484008439666 -0.057863528235578013 0.059563570377279808 -0.015451087477485085 0.0053016168843741125 -0.00089277155343287515 -0.019692158963693574
leaf_weight=6.8324378319084662 3.0425881139235598 15796.658519466786 12.605459608603267 5.2930927760899067 35.320278361439705 13.000059380952736 26.177471358329058 26.767426479607821 11.171027311589567 3.3164566606283188 62.551225900650024 13.800592300656715 10234.067776560376 71.385389909031801
leaf_count=369 413 112090 363 121 161 160 188 243 165 36 253 280 103245 477
internal_value=0 1.32178e-05 0.0265117 -0.00124933 -0.0116031 0.00411082 -0.0194953 -0.00706275 -0.0324629 0.0121587 -1.18287e-05 0.0280334 2.517e-05 0.000617195
internal_weight=0 26189.4 24.731 12.1255 132.596 44.3307 88.2652 52.9449 17.5301 6.35904 26164.7 26.8007 26102.1 15868
internal_count=218564 216918 853 490 1646 1054 592 431 614 449 216065 440 215812 112567
cat_boundaries=0 1
cat_threshold=7
is_linear=0
shrinkage=0.05


Tree=188
num_leaves=15
num_cat=1
split_feature=4 6 5 0 0 3 0 7 0 5 6 0 5 5
split_gain=6.49317 6.45183 7.09625 8.0566 6.03078 12.9769 8.25127 9.93972 7.68375 9.01369 6.2999 5.69896 12.2018 15.9799
threshold=0.080415482236921895 -0.059653634028419916 -0.029020844931032345 27.312500000000004 9.5625000000000018 30.500000000000004 11.812500000000002 0 7.3125000000000009 0.080022858429854835 0.085862286805290747 4.604166666666667 0.071439862698161785 0.074591119263250419
decision_type=2 2 2 2 2 2 2 1 2 2 2 2 2 2
left_child=1 2 3 -1 5 8 -6 -8 9 -2 -7 12 -3 -14
right_child=4 11 -4 -5 6 10 7 -9 -10 -11 -12 -13 13 -15
leaf_value=0.036158898190567189 0.045913951752111132 0.043215033727012825 0.053060631917573681 -0.045667494719120516 -0.038904521917514506 0.048188094611746973 0.013767370658960418 -0.023702418584822943 -0.073562624653581654 -0.044445276132931956 0.0016412580953798998 -3.653736942714423e-05 -0.17078763387578499 0.0033532179511318559
leaf_weight=6.5985512956976908 4.8651342642260733 20.830714093608552 12.024855101015417 5.5286066960543394 32.380335450172424 13.888349785731409 26.38366786390543 26.344333728775382 6.5226120948791495 6.3781943069770932 15.252797857567201 26131.081477029831 1.5658884291478887 8.3011838853417412
leaf_count=369 307 22218 363 121 150 165 188 243 31 276 286 189565 598 3684
internal_value=0 1.26024e-05 0.0258432 -0.00114464 -0.0111042 0.00329083 -0.0190379 -0.00683776 -0.0303909 -0.00534566 0.023825 -1.12439e-05 0.0215195 -0.0242827
internal_weight=0 26185.9 24.152 12.1272 132.015 46.9071 85.1083 52.728 17.7659 11.2433 29.1411 26161.8 30.6978 9.86707
internal_count=218564 216918 853 490 1646 1065 581 431 614 583 451 216065 26500 4282
cat_boundaries=0 1
cat_threshold=7
is_linear=0
shrinkage=0.05


Tree=189
num_leaves=15
num_cat=3
split_feature=8 3 7 6 0 5 3 0 0 2 5 3 7 0
split_gain=6.22456 6.9807 11.6835 12.1732 10.632 10.0277 17.7903 9.80779 11.4882 25.4148 14.93 14.6961 14.2759 13.8145
threshold=0 136.50000000000003 1 0.10017731890049707 6.6875000000000009 -0.014219357412829096 130.50000000000003 25.729166666666668 27.229166666666668 3.5000000000000004 0.010870813540477293 144.50000000000003 2 27.729166666666668
decision_type=1 2 1 2 2 2 2 2 2 2 2 2 1 2
left_child=-1 2 3 5 -5 6 -2 -3 -9 11 13 -10 -13 -11
right_child=1 7 -4 4 -6 -7 -8 8 9 10 -12 12 -14 -15
leaf_value=-0.00093886907843331925 0.036523649933673408 -0.0026933900086526298 0.00079505714678564663 0.021011860624938677 -0.043482260265885038 0.0059227171097569796 -0.017591780175961566 0.0076320731544564065 0.034519103963064277 -0.027152560252757554 -0.022716324556133892 0.01510617931168202 -0.00099120326912708972 0.00076089387396816716
leaf_weight=11129.147777157734 65.132738512460492 3024.8827726752497 9343.6256727809232 9.0620031799189764 21.674009520560503 888.1359736622544 19.805446705315262 597.79953981842846 39.85084736533463 52.905973884277046 152.55092881992459 177.46833568811417 520.9423793843016 273.28789423964918
leaf_count=92029 1560 17374 86236 929 118 10606 210 3252 232 295 801 912 2630 1380
internal_value=0 0.00061708 0.0013506 0.00644956 -0.0244672 0.00749239 0.0239053 -0.000949948 0.00195599 -0.000832134 -0.00980478 0.00498641 0.00330129 -0.00376644
internal_weight=0 15187.1 10347.4 1003.81 30.736 973.074 84.9382 4839.69 1814.81 1217.01 478.745 738.262 698.411 326.194
internal_count=218564 126535 99659 13423 1047 12376 1770 26876 9502 6250 2476 3774 3542 1675
cat_boundaries=0 1 2 3
cat_threshold=112 136 4
is_linear=0
shrinkage=0.05


Tree=190
num_leaves=15
num_cat=1
split_feature=0 4 7 4 5 3 6 4 4 2 6 6 6 4
split_gain=7.15767 23.3913 15.1302 20.7787 20.1633 39.1614 17.9557 15.6204 16.1154 24.9237 17.3524 18.3455 14.6964 19.8915
threshold=7.5625000000000009 0.019901366074654665 0 0.053720345556179633 0.080022858429854835 29.500000000000004 0.12153736955187232 0.051206552331304507 0.045004205370941956 1.0000000180025095e-35 0.061541198040664429 0.084696499947078827 0.098301880747172485 0.011279117361820442
decision_type=2 2 1 2 2 2 2 2 2 2 2 2 2 2
left_child=1 12 7 -4 6 -6 -5 8 -3 -10 -11 -12 -1 -14
right_child=-2 2 3 4 5 -7 -8 -9 9 10 11 -13 13 -15
leaf_value=0.034442979122015049 -0.00010261361110151855 0.0077347461311155514 0.003520566877403561 -0.022964178494439748 -0.0046268091516397476 -0.1317826513655089 0.059327056585381649 0.029557941323392067 0.055010939052849719 -0.20287272634538117 0.053161311682407009 -0.10525051892364289 0.052062842015753619 -0.067736971619833428
leaf_weight=90.282793734513689 25890.413341138163 76.44824161962606 136.73560789518524 51.830498742579948 12.43385247589322 11.803208349039776 7.6009238805272608 71.967695945058949 4.1739934242505106 2.5486638685688368 2.7071759643731621 5.6255447455623653 5.7700116197083835 8.6733611390809511
leaf_count=23849 169331 6115 9560 1982 616 277 446 3105 171 172 217 453 1630 892
internal_value=0 0.00600594 0.000291778 -0.0081201 -0.0281144 -0.0665504 -0.0124396 0.0114308 -0.00157705 -0.0488605 -0.0887046 -0.0537849 0.0269513 -0.0198779
internal_weight=0 488.602 383.875 220.404 83.6685 24.2371 59.4314 163.471 91.5036 15.0554 10.8814 8.33272 104.726 14.4434
internal_count=218816 49485 23114 12881 3321 893 2428 10233 7128 1013 842 670 26371 2522
cat_boundaries=0 1
cat_threshold=196
is_linear=0
shrinkage=0.05


Tree=191
num_leaves=15
num_cat=0
split_feature=1 6 2 6 6 4 4 4 6 4 4 1 6 5
split_gain=6.60813 7.87475 12.4972 9.21795 9.27554 9.18272 8.53234 8.43123 8.33942 11.1135 10.1042 6.30423 11.5463 21.2195
threshold=22.500000000000004 0.020947394664672155 1.0000000180025095e-35 0.026896326964868465 0.037490560959273993 -0.003987594934323351 0.05455056754269353 0.012197132357080248 0.010222553624592476 -0.019475462232471572 -0.031266713298347182 18.500000000000004 0.061541198040664429 0.061478445658773535
decision_type=2 2 2 2 2 2 2 2 2 2 2 2 2 2
left_child=11 5 -3 -4 7 8 -6 -5 9 10 -2 -1 -13 -14
right_child=1 2 3 4 6 -7 -8 -9 -10 -11 -12 12 13 -15
leaf_value=0.00036236377322719667 0.023139430089842396 -0.013810610107585265 0.037142016843154047 0.014746721851768547 0.023078629312591435 -0.0060439874960773604 -0.0081917651811958848 -0.021098554722991145 -0.013972326048874554 0.032728172844755987 -0.018111649162521715 -0.0020650641476107037 -5.9171814879792016e-06 0.020875292116527583
leaf_weight=18666.889801042882 28.083279769401997 43.915000971785048 39.890235084400047 30.309962583094602 127.77536450773187 234.14465794357238 26.305257468600757 35.757886224571848 28.740546664979775 53.51289930625353 31.490327344479738 6335.7191588791029 536.60143256072479 157.33838431368349
leaf_count=155363 425 425 296 261 1551 1361 262 228 217 425 300 46638 8190 2874
internal_value=0 0.00487578 0.0108603 0.0150267 0.0110195 3.75801e-05 0.01774 -0.00465381 0.0100777 0.01619 0.0013343 -0.000118232 -0.00139443 0.00472852
internal_weight=0 679.925 303.954 260.039 220.148 375.972 154.081 66.0678 141.827 113.087 59.5736 25696.5 7029.66 693.94
internal_count=218816 5751 3023 2598 2302 2728 1813 489 1367 1150 725 213065 57702 11064
is_linear=0
shrinkage=0.05


Tree=192
num_leaves=15
num_cat=1
split_feature=0 4 6 6 1 4 7 4 4 6 1 4 2 4
split_gain=6.32467 21.9244 13.8461 17.9818 26.0723 43.3082 13.7695 18.4008 14.4441 13.992 30.4414 13.8507 20.8762 13.1783
threshold=7.5625000000000009 0.019901366074654665 0.098301880747172485 0.11438191683374681 10.000000000000002 0.011279117361820442 0 0.053720345556179633 0.051206552331304507 0.1254595650352108 15.000000000000002 0.045004205370941956 1.0000000180025095e-35 0.024039475391752916
decision_type=2 2 2 2 2 2 1 2 2 2 2 2 2 2
left_child=1 2 -1 4 5 -4 8 9 11 -8 -11 13 -13 -3
right_child=-2 6 3 -5 -6 -7 7 -9 -10 10 -12 12 -14 -15
leaf_value=0.033831309076890241 -9.5902915859970468e-05 -0.037914985196590846 0.051551182197831696 0.053151290970820664 0.0073837873053615158 -0.30069506533251761 0.0066989295694504019 -0.026402507794791058 0.028618513051023777 0.053318652018495116 -0.17281400197555713 0.054758722119202324 -0.077672923974926367 0.01693940412799012
leaf_weight=87.258000329180504 25890.684990520473 13.270836879120905 1.4229189423494957 5.464433372122584 5.5166501841740683 2.2562444776995108 130.05261573079042 84.996738904068479 70.260828596161446 2.7006106052722307 3.3152054086676799 3.9830716866417779 11.767614602926185 62.58354123934987
leaf_count=23849 169331 1212 463 1051 782 226 8750 3321 3105 430 380 171 842 4903
internal_value=0 0.00566797 0.0262773 -0.0186841 -0.0613708 -0.164464 0.00018273 -0.00779795 0.0108911 0.00325051 -0.0712989 -0.00151687 -0.0441833 0.00734255
internal_weight=0 484.849 101.918 14.6602 9.19581 3.67916 382.931 221.065 161.866 136.068 6.01582 91.6051 15.7507 75.8544
internal_count=218816 49485 26371 2522 1471 689 23114 12881 10233 9560 810 7128 1013 6115
cat_boundaries=0 1
cat_threshold=196
is_linear=0
shrinkage=0.05


Tree=193
num_leaves=15
num_cat=1
split_feature=7 0 4 6 6 6 2 5 0 0 4 0 4 5
split_gain=5.91123 7.60282 6.95165 11.2446 11.9303 11.8074 8.22194 11.4184 6.65798 6.59345 19.2366 13.1986 12.2187 9.69689
threshold=0 23.354166666666668 -0.01443869591352418 0.020577139826962902 0.026896326964868465 0.037490560959273993 2.5000000000000004 0.027958398511816685 15.437500000000002 7.5625000000000009 0.010051737100642184 7.0625000000000009 0.068473229157206703 0.016002371072910495
decision_type=1 2 2 2 2 2 2 2 2 2 2 2 2 2
left_child=1 2 -1 8 -5 -6 -7 -8 -4 10 -2 13 -13 -12
right_child=9 -3 3 4 5 6 7 -9 -10 -11 11 12 -14 -15
leaf_value=0.023904015126772094 0.033510635721140485 -0.0023244802817973201 0.016484142203605209 0.045318730691675739 -0.012274758223578375 0.0019433142122146755 0.050479398595511676 0.012230208352042086 -0.0098306462414732079 -0.00022187511389622799 0.035123089188925267 0.025933999874025188 -0.021644536585889121 -0.0048824292627576878
leaf_weight=63.76238764252048 55.097904253430897 247.98201526049525 30.092923280899413 25.628355096443556 48.67582382549881 59.057545477058738 30.858617445948767 53.065671974705765 119.44717913493514 25223.663534443127 15.947076946889863 81.970685116248205 16.153182458132505 301.99443467642413
leaf_count=977 19680 1342 454 208 361 753 365 654 637 164881 3813 1777 126 22788
internal_value=0 0.00458198 0.00866592 0.00601721 0.0132795 0.00899527 0.0162363 0.0262943 -0.00453515 -0.000112364 0.00574792 0.00207141 0.0181016 -0.00287586
internal_weight=0 678.571 430.589 366.826 217.286 191.658 142.982 83.9243 149.54 25694.8 471.163 416.065 98.1239 317.942
internal_count=218816 5751 4409 3432 2341 2133 1772 1019 1091 213065 48184 28504 1903 26601
cat_boundaries=0 1
cat_threshold=8
is_linear=0
shrinkage=0.05


Tree=194
num_leaves=15
num_cat=2
split_feature=0 7 2 4 4 0 5 2 6 7 2 6 4 6
split_gain=5.6171 13.2739 12.0222 9.579 6.78651 31.0172 8.95769 11.1493 8.6722 6.41248 6.26886 8.88442 10.3171 7.86668
threshold=29.895833333333339 0 2.5000000000000004 -0.065550418009434383 -0.060337923670305792 26.229166666666668 -0.057602395880464514 5.5000000000000009 -0.019734932950484157 1 1.0000000180025095e-35 0.020947394664672155 0.003600576299634325 0.026896326964868465
decision_type=2 1 2 2 2 2 2 2 2 1 2 2 2 2
left_child=3 2 -2 -1 5 8 7 -6 -5 10 -8 12 -12 -13
right_child=1 -3 -4 4 6 -7 9 -9 -10 -11 11 13 -14 -15
leaf_value=0.031759986931702157 -0.001567907086576976 0.0087692979774175173 -0.031393201009826038 -0.01712089385062501 0.038108830459444992 -0.092436080907437365 -0.0069691165719379848 -0.035213316408449109 0.052876269951652212 -8.8940381523104693e-05 0.010012242987755838 0.034339264539581242 -0.0082706901762001402 0.010063931093023769
leaf_weight=23.832046409370378 61.738976314663887 73.467480555176735 74.628816515207291 9.3850413928739744 29.302917186083505 10.527057448402045 94.808136726991506 6.2991103632957666 8.3725008376786736 25410.434533612002 160.09368271304993 39.374167598085478 148.95817890763283 218.98244322299433
leaf_count=811 249 297 301 320 1199 151 797 226 371 209276 1375 296 847 2300
internal_value=0 -0.00813823 -0.0166679 7.51488e-05 4.62577e-05 -0.0244322 7.27766e-05 0.0251359 0.0158821 3.85531e-05 0.00485868 0.00692061 0.00120015 0.0137636
internal_weight=0 209.835 136.368 26160.4 26136.5 28.2846 26108.3 35.602 17.7575 26072.7 662.217 567.408 309.052 258.357
internal_count=218816 847 550 217969 217158 842 216316 1425 691 214891 5615 4818 2222 2596
cat_boundaries=0 1 2
cat_threshold=74 8
is_linear=0
shrinkage=0.05


Tree=195
num_leaves=15
num_cat=1
split_feature=8 5 5 6 3 4 5 3 0 2 6 0 3 5
split_gain=9.24913 8.16293 11.1635 11.6712 10.6066 9.04193 6.80111 7.4284 18.3866 10.0319 8.89755 8.09234 14.3078 7.50317
threshold=0 0.040302769574683234 0.042152864767714182 0.041501811452550379 35.500000000000007 0.066547560531876201 0.043080411651840227 55.500000000000007 24.229166666666668 4.5000000000000009 0.035002365184484401 15.437500000000002 44.500000000000007 0.051549411459182633
decision_type=1 2 2 2 2 2 2 2 2 2 2 2 2 2
left_child=1 4 3 -3 -1 -6 -4 8 11 10 -9 -8 -13 -11
right_child=-2 2 6 -5 5 -7 7 9 -10 13 -12 12 -14 -15
leaf_value=0.0095633762472751675 0.00035808462026457754 -0.0088107773437263205 0.012745265723242647 -0.044943481285179304 -0.0012983175034269872 -0.025660876834504544 -0.00083847170707118429 -0.010129258563555751 0.046130793763649987 0.02179081361270073 -0.033445407784762113 -0.033307287309529546 -0.0031688045129759051 -0.011393538849909221
leaf_weight=227.10446541610872 20058.432795855202 61.395494806638453 56.119756053143647 35.140631082511391 4913.1170863511506 38.382650634273887 530.16457628422359 104.8303209617734 18.8276576846838 30.633339922875166 67.110078709200025 58.937420777976513 118.66882707178593 38.37042472884059
leaf_count=10052 166924 367 451 425 30520 260 7165 568 113 182 518 281 636 288
internal_value=0 -0.00183679 -0.00570982 -0.0219636 -0.00100255 -0.00148717 -0.004177 -0.00515854 -0.00263567 -0.0127666 -0.0192298 -0.00393293 -0.0131701 0.00333823
internal_weight=0 6298.8 1120.2 96.5361 5178.6 4951.5 1023.66 967.543 726.598 240.944 171.94 707.771 177.606 69.0038
internal_count=218750 51826 10994 792 40832 30780 10202 9751 8195 1556 1086 8082 917 470
cat_boundaries=0 1
cat_threshold=80
is_linear=0
shrinkage=0.05


Tree=196
num_leaves=15
num_cat=2
split_feature=8 5 5 6 3 4 5 6 5 4 7 6 6 2
split_gain=8.35292 7.39088 10.0678 10.5249 9.62733 8.24876 6.4064 10.131 9.96193 19.6322 12.3806 10.1052 11.673 10.0955
threshold=0 0.040302769574683234 0.042152864767714182 0.041501811452550379 35.500000000000007 0.066547560531876201 0.068580909425300832 0.022152872444011689 0.062456383846500367 0.059509547687011256 1 0.063456922020120848 0.047621174988937677 3.5000000000000004
decision_type=1 2 2 2 2 2 2 2 2 2 1 2 2 2
left_child=1 4 3 -3 -1 -6 8 -8 -2 10 11 12 13 -10
right_child=6 2 -4 -5 5 -7 7 -9 9 -11 -12 -13 -14 -15
leaf_value=0.0091507045964538403 0.00034159083368243484 -0.0083749405257894441 -0.0039767651450275778 -0.042688826276327495 -0.0012330914454327599 -0.024608939369932029 -0.024894111133099178 -0.0026518997294426275 0.029722545524845701 0.037082231013274618 -0.0074952439840076275 0.030333981727353056 -0.019108460283698701 -0.0047738089911401873
leaf_weight=225.52036183587916 19091.448083380601 61.361903999670176 1021.9935320200166 35.146612649637973 4914.3212115438655 38.031346683390439 56.49277662683744 546.00989410275361 48.821555609029019 52.178174262517132 132.17162788449787 56.34573011714383 36.142696507275105 37.499777511460707
leaf_count=10052 154669 367 10202 425 30520 260 385 8190 334 620 1253 921 300 252
internal_value=0 -0.00174594 -0.0054345 -0.0208714 -0.000952524 -0.00141261 0.000340212 -0.00473741 0.000497639 0.00870118 0.00393925 0.012132 0.00474795 0.0147366
internal_weight=0 6296.37 1118.5 96.5085 5177.87 4952.35 20057.1 602.503 19454.6 363.16 310.981 178.81 122.464 86.3213
internal_count=218750 51826 10994 792 40832 30780 166924 8575 158349 3680 3060 1807 886 586
cat_boundaries=0 1 2
cat_threshold=80 78
is_linear=0
shrinkage=0.05


Tree=197
num_leaves=15
num_cat=1
split_feature=1 5 2 2 2 3 6 5 2 4 7 4 5 6
split_gain=7.9356 13.7071 15.459 19.7083 17.5732 22.6418 17.9823 11.6127 21.8978 19.1676 19.6009 20.7041 18.8542 18.0782
threshold=18.500000000000004 -0.031981631116950821 5.5000000000000009 2.5000000000000004 1.5000000000000002 56.500000000000007 0.0050015634771732346 -0.003646311143020488 1.5000000000000002 0.035231801930275218 0 1.0000000180025095e-35 -0.023248884330737029 -0.017845747114749094
decision_type=2 2 2 2 2 2 2 2 2 2 1 2 2 2
left_child=-1 2 3 4 6 -6 -2 9 -9 10 11 -3 -12 -13
right_child=1 7 -4 -5 5 -7 -8 8 -10 -11 12 13 -14 -15
leaf_value=0.00040767482092008832 -0.00011091056413589118 -0.0048981789012174032 -0.018856983570331609 0.026583415539691742 0.021544105177483817 -0.045907659581658058 0.047373290639028925 -0.0057205053582449501 0.0011789615709927282 -0.024586222164682089 0.005201832065749719 -0.016783658798725992 -0.013800620573368512 0.01564050665465902
leaf_weight=18628.970129667141 72.792586821160512 549.84075002395548 45.053654632036341 135.08934349783522 19.125721443328075 35.597371214651503 27.459655146638397 1619.6701950723218 3966.1849066950963 121.856826776464 164.96923676194274 50.513209460768849 625.3781601106748 288.60211409603653
leaf_count=155340 1081 5129 622 1945 321 395 317 12695 31725 693 1507 309 4801 1870
internal_value=0 -0.00149865 0.00839165 0.012624 0.000455784 -0.0223333 0.0128953 -0.00194733 -0.000821602 -0.00543849 -0.00404906 0.00108222 -0.00971136 0.0108107
internal_weight=0 7722.13 335.118 290.065 154.975 54.7231 100.252 7387.02 5585.86 1801.16 1679.3 888.956 790.347 339.115
internal_count=218750 63410 4681 4059 2114 716 1398 58729 44420 14309 13616 7308 6308 2179
cat_boundaries=0 1
cat_threshold=104
is_linear=0
shrinkage=0.05


Tree=198
num_leaves=15
num_cat=2
split_feature=8 5 5 6 3 4 6 7 0 3 5 6 5 6
split_gain=7.35348 6.74287 9.09583 9.48906 8.70683 7.52861 6.27028 13.4687 16.3703 6.8582 16.4491 13.3978 14.8361 19.0015
threshold=0 0.040302769574683234 0.042152864767714182 0.041501811452550379 35.500000000000007 0.066547560531876201 -0.042380825682388913 1 28.812500000000004 134.50000000000003 0.051549411459182633 0.073028117216348568 0.045929625673641804 0.039704057801780768
decision_type=1 2 2 2 2 2 2 1 2 2 2 2 2 2
left_child=1 4 3 -3 -1 -6 7 8 -2 -8 11 12 -11 -14
right_child=6 2 -4 -5 5 -7 9 -9 -10 10 -12 -13 13 -15
leaf_value=0.008766380441613356 0.0033511286533979452 -0.0079594614762156183 -0.003770076925254752 -0.040542278945480917 -0.001139880138512502 -0.023573637336188984 0.00088035569002711106 0.020354460775591506 -0.055730648512591102 -0.00073883572215585342 -0.012786376684219038 -0.025764121235032685 0.0041228731603564833 0.043423418715150465
leaf_weight=224.05571510580194 70.955847385921516 61.333289510308532 1022.0402835545246 35.152096960053314 4915.9171495354967 37.684892945922911 13453.381594273946 103.94418281968683 14.045076955109833 5919.3970829523169 287.91375865414739 52.266579881310463 111.15624266117811 42.521281369030476
leaf_count=10052 1390 367 10202 425 30520 260 128538 2273 123 31588 1876 334 546 256
internal_value=0 -0.00163241 -0.00515544 -0.0198302 -0.000874482 -0.00131055 0.000325001 0.00939063 -0.00573636 0.000238945 -0.00110657 -0.000557579 -0.000340645 0.014997
internal_weight=0 6296.18 1118.53 96.4854 5177.66 4953.6 20055.6 188.945 85.0009 19866.6 6413.25 6125.34 6073.07 153.678
internal_count=218750 51826 10994 792 40832 30780 166924 3786 1513 163138 34600 32724 32390 802
cat_boundaries=0 1 2
cat_threshold=80 208
is_linear=0
shrinkage=0.05


Tree=199
num_leaves=15
num_cat=0
split_feature=1 4 0 2 6 3 4 6 6 0 0 2 6 3
split_gain=7.17353 11.1214 15.0012 12.9487 24.8401 15.4686 14.9631 15.2212 10.9742 10.7317 13.3116 10.5503 25.2017 33.4791
threshold=18.500000000000004 0.033061941115235312 7.3125000000000009 1.0000000180025095e-35 0.045716359112585536 33.500000000000007 0.036650155299659683 0.062814977414146558 0.089289165608261098 21.104166666666668 15.562500000000002 4.5000000000000009 0.019811901307288625 20.500000000000004
decision_type=2 2 2 2 2 2 2 2 2 2 2 2 2 2
left_child=-1 2 11 4 9 6 7 -5 -6 10 -3 -2 -13 -14
right_child=1 3 -4 5 8 -7 -8 -9 -10 -11 -12 12 13 -15
leaf_value=0.00039563779508301495 0.04622833739336446 -0.013836802113263684 -0.00064486772733152392 0.017561952391763665 -0.043840151474117323 -0.0053109087609052611 0.015920511264213708 -0.071688438126253168 -0.0015578632164179795 -0.020065990527374105 0.027899803909049017 -0.25183155626746978 -0.19606511030387405 0.051799462631281323
leaf_weight=18623.235702683945 28.63453607201518 33.742713266750798 6076.5555667389417 8.8063665114459599 77.191116276662797 1210.8898807960795 153.12989587886841 10.44111263626837 19.15390172530897 49.077686384320259 44.038344919681549 0.99047060171142121 1.6201135374867579 8.5622541913617152
leaf_count=155340 6720 290 41104 182 676 7061 3555 351 366 285 207 269 1195 1149
internal_value=0 -0.00141686 -0.000444448 -0.00511917 -0.0162942 -0.00331597 0.0106978 -0.0308534 -0.0354342 -0.00175804 0.00979377 0.0301494 -0.0110589 0.0123618
internal_weight=0 7722.83 6116.36 1606.47 223.204 1383.27 172.377 19.2475 96.345 126.859 77.7811 39.8074 11.1728 10.1824
internal_count=218750 63410 50437 12973 1824 11149 4088 533 1042 782 497 9333 2613 2344
is_linear=0
shrinkage=0.05


Tree=200
num_leaves=15
num_cat=2
split_feature=4 6 6 2 7 3 5 1 4 6 5 3 7 6
split_gain=7.92209 18.5548 11.5216 32.9004 28.1538 25.4125 22.0276 24.6776 17.2403 16.1414 15.8983 15.4404 25.6015 14.2832
threshold=0.028903199709223937 -0.012545206733420819 0.019074569040484112 1.5000000000000002 0 56.500000000000007 0.010529233282763452 18.500000000000004 0.040561907228573897 0.0075343758559371712 0.020063402158485313 124.50000000000001 1 0.011832652721060091
decision_type=2 2 2 2 1 2 2 2 2 2 2 2 1 2
left_child=-1 -2 3 4 8 6 -5 9 -3 -8 13 12 -12 -7
right_child=1 2 -4 5 -6 10 7 -9 -10 -11 11 -13 -14 -15
leaf_value=0.00069864270440480431 0.012468554812661292 0.035389669820531114 -0.00055888820975365922 -0.039872283810767739 -0.003845103264333273 -0.0066788804867895643 -0.047094058837122657 0.0063042789533560616 0.0040609449928224947 -0.0081087476362977067 0.030486644753396616 -0.0096297766519739987 -0.0032669709579461782 -0.027263574949124493
leaf_weight=19808.225802227142 235.61820876365528 100.82283690673648 4675.4231464583136 112.84698478176142 311.00519528100267 319.40356929029804 56.502265177521622 94.662227428052574 77.799177782639163 50.087112441658974 82.913170550018549 170.45473153144121 143.55282752774656 114.47314273100346
leaf_count=166490 1160 542 42137 721 1679 1509 362 555 440 300 431 911 829 585
internal_value=0 -0.00130775 -0.00182216 -0.00543566 0.00541172 -0.0100747 -0.0221897 -0.0122746 0.0205916 -0.0287746 -0.00549435 0.00173717 0.0102928 -0.0121099
internal_weight=0 6545.56 6309.95 1634.52 489.627 1144.9 314.099 201.252 178.622 106.589 830.797 396.921 226.466 433.877
internal_count=218651 52161 51001 8864 2661 6203 1938 1217 982 662 4265 2171 1260 2094
cat_boundaries=0 1 2
cat_threshold=88 7
is_linear=0
shrinkage=0.05


Tree=201
num_leaves=15
num_cat=1
split_feature=5 6 6 6 0 3 6 7 3 0 0 4 5 3
split_gain=7.62116 11.0185 20.516 8.75748 12.8915 19.2102 11.9502 16.996 15.2298 14.8916 9.97348 9.63329 18.6795 13.8907
threshold=0.10401453104359314 0.090529430084085968 0.11158549720781481 0.11750249666109182 6.1875000000000009 59.500000000000007 0.10621976553840283 0 25.500000000000004 5.104166666666667 7.9375000000000009 0.017244919634638537 0.061478445658773535 37.500000000000007
decision_type=2 2 2 2 2 2 2 1 2 2 2 2 2 2
left_child=3 -2 -3 6 5 -5 -1 8 9 -8 -10 -9 13 -13
right_child=1 2 -4 4 -6 -7 7 11 10 -11 -12 12 -14 -15
leaf_value=0.00024215547787737919 -0.072586935393078617 0.076561085325713221 -0.044869899374523847 0.011713930243374531 0.040431689581609725 -0.10601951645000887 0.05205534003106245 -0.087531718035828765 0.046611130864556233 -0.1017908763559366 -0.00088271935279638403 0.03309281936394038 -0.067140861994350876 -0.039912033545217475
leaf_weight=26157.588707761155 8.776890820241535 5.3566884602769269 9.919682485109659 22.412560118405967 32.698537092655897 4.0983131436514659 2.1844567368389098 8.640655853901988 17.525385250977706 5.6185972467064857 29.934361040592194 13.432295284146678 19.364768780476879 12.653770244563928
leaf_count=210551 128 174 491 3862 231 177 690 325 755 51 141 489 443 143
internal_value=0 -0.0279409 -0.00228989 0.000216496 0.0194242 -0.00648647 0.0001732 -0.0163211 0.00509088 -0.0587218 0.0166553 -0.0330313 -0.0299377 -0.00232021
internal_weight=0 24.0533 15.2764 26326.2 59.2094 26.5109 26266.9 109.354 55.2628 7.80305 47.4597 54.0915 45.4508 26.0861
internal_count=218651 793 665 217858 4270 4039 213588 3037 1637 741 896 1400 1075 632
cat_boundaries=0 1
cat_threshold=39
is_linear=0
shrinkage=0.05


Tree=202
num_leaves=15
num_cat=1
split_feature=7 6 0 0 1 6 6 6 5 6 1 5 1 5
split_gain=6.84833 25.1353 15.9528 19.1943 19.4246 20.6973 42.8534 35.2671 18.1416 17.6547 16.5027 18.312 16.4046 15.1438
threshold=0 -0.034667463638174932 29.187500000000004 28.312500000000004 12.500000000000002 -0.0047465706248511408 0.024485815360892973 -0.013069861838118361 -0.026952505202144258 -0.011969079959675279 21.500000000000004 0.020721066423292061 7.5000000000000009 0.0092613014425983135
decision_type=1 2 2 2 2 2 2 2 2 2 2 2 2 2
left_child=1 -1 3 -2 5 7 -7 -5 -6 -10 11 -11 13 -4
right_child=2 -3 12 4 8 6 -8 -9 9 10 -12 -13 -14 -15
leaf_value=0.014405434515216465 0.00082074483483282167 -0.0011378033639079168 -0.010633742838923621 0.017279447595910328 0.032605929333062451 0.040620795555733939 -0.0050490315777238816 -0.034637473650693841 -0.024339332584772218 -0.021948470391961589 0.018413598924409306 0.017818616742443984 -0.0017414535807772453 -0.042468326705592155
leaf_weight=266.50352920347359 13727.589705699116 10824.845051529803 158.38112424314022 117.9080475308001 38.82258728146553 160.77830264344811 75.478422896936536 45.269954837858677 77.325121853500605 85.885095536708832 101.04952174425125 43.667179942131042 576.56417240202427 48.888619743287563
leaf_count=3815 119024 88170 727 716 280 737 440 228 415 383 491 250 2705 270
internal_value=0 -0.000763641 0.000868448 0.00124526 0.00905504 0.0165714 0.0260304 0.0028763 0.000396633 -0.00366423 0.00326852 -0.00854449 -0.00607841 -0.0181426
internal_weight=0 11091.3 15257.6 14473.8 746.184 399.435 236.257 163.178 346.75 307.927 230.602 129.552 783.834 207.27
internal_count=218651 91985 126666 122964 3940 2121 1177 944 1819 1539 1124 633 3702 997
cat_boundaries=0 1
cat_threshold=19
is_linear=0
shrinkage=0.05


Tree=203
num_leaves=15
num_cat=2
split_feature=4 6 6 2 7 3 5 1 4 5 5 3 7 2
split_gain=7.02614 16.6842 10.4397 29.5527 25.3088 22.7086 19.3815 22.2425 15.4911 15.3746 14.4509 14.0473 23.3352 13.7458
threshold=0.028903199709223937 -0.012545206733420819 0.019074569040484112 1.5000000000000002 0 56.500000000000007 0.010529233282763452 18.500000000000004 0.040561907228573897 0.030209536818567081 0.020063402158485313 124.50000000000001 1 1.5000000000000002
decision_type=2 2 2 2 1 2 2 2 2 2 2 2 1 2
left_child=-1 -2 3 4 8 6 -5 9 -3 -8 -7 12 -12 -4
right_child=1 2 13 5 -6 10 7 -9 -10 -11 11 -13 -14 -15
leaf_value=0.0006419451335572436 0.011830318776184593 0.03350302756355001 -0.0048415852953422626 -0.037454805587862162 -0.0036739712581107297 -0.011541818522046974 -0.0014365546825413909 0.005993171594872726 0.0038204901085620367 -0.041219879037381515 0.029044258623145941 -0.0091986679656059587 -0.0031500949459650944 0.0011734416414145334
leaf_weight=19799.986652800268 235.11119813006371 100.94917375716614 1325.7552793424693 114.08084245474311 310.90269796317443 433.24071569694206 37.352615651558153 94.603115976438858 77.857894132233923 69.418713942286558 83.23882640292868 169.97869872674346 143.41656584758312 3349.3733192332438
leaf_count=166490 1160 542 11916 721 1679 2094 230 555 440 432 431 911 829 30221
internal_value=0 -0.00124771 -0.00173499 -0.00517395 0.00510623 -0.00956945 -0.0209887 -0.0116605 0.0194885 -0.0273022 -0.00522873 0.00166702 0.00981568 -0.000532277
internal_weight=0 6545.28 6310.17 1635.04 489.71 1145.33 315.455 201.374 178.807 106.771 829.875 396.634 226.655 4675.13
internal_count=218651 52161 51001 8864 2661 6203 1938 1217 982 662 4265 2171 1260 42137
cat_boundaries=0 1 2
cat_threshold=88 7
is_linear=0
shrinkage=0.05


Tree=204
num_leaves=15
num_cat=0
split_feature=4 6 0 0 3 3 0 4 6 6 2 2 0 6
split_gain=6.32911 15.0756 18.5018 13.1033 12.0019 18.9491 15.7602 61.1108 18.3529 30.2892 14.1367 31.9963 13.4077 11.9322
threshold=0.028903199709223937 -0.012545206733420819 23.354166666666668 5.6458333333333348 24.500000000000004 29.500000000000004 5.9375000000000009 0.017897737547209785 0.034616640707431048 0.018694601613671012 1.5000000000000002 4.5000000000000009 7.5625000000000009 0.075473247119107204
decision_type=2 2 2 2 2 2 2 2 2 2 2 2 2 2
left_child=3 2 -2 -1 6 -6 7 -5 9 -8 -10 -12 13 -7
right_child=1 -3 -4 4 5 12 8 -9 10 -11 11 -13 -14 -15
leaf_value=0.029832519396611131 0.025057322763787776 -0.0016463584936007598 -0.0030247135649917847 0.050577316735920676 0.020899733735175674 0.038458826295894886 0.05053594344936594 -0.39072230699892196 0.055075016442600433 -0.19836781843966039 -0.09136111628358734 0.053878208864265698 0.00040510561018504475 -0.0032486294118791934
leaf_weight=38.286285183894506 119.37707262160257 6310.3803420704498 115.30882269889116 1.8648538204724929 114.32443855854217 43.571594188571908 1.9757389035075927 1.3541541360318659 7.8798118723789257 3.2049929766217247 8.5950088065583241 6.7858689931454128 19540.627406921005 28.278434746898711
leaf_count=21587 642 51001 518 394 4546 5451 399 84 324 339 355 302 131785 924
internal_value=0 -0.00118359 0.0112597 0.00060995 0.000553325 0.000602693 -0.0302068 -0.135066 -0.0183387 -0.103445 0.000616561 -0.0272832 0.000484379 0.0220438
internal_weight=0 6545.07 234.686 19796.7 19758.5 19726.8 31.6604 3.21901 28.4414 5.18073 23.2607 15.3809 19612.5 71.85
internal_count=218651 52161 1160 166490 144903 142706 2197 478 1719 738 981 657 138160 6375
is_linear=0
shrinkage=0.05


Tree=205
num_leaves=15
num_cat=0
split_feature=3 6 5 3 0 6 4 1 3 5 6 6 5 5
split_gain=6.63015 16.0495 16.3872 19.1002 10.545 19.4251 12.8939 15.7145 16.8772 22.3938 13.6246 20.5453 38.8942 12.3218
threshold=55.500000000000007 -0.037430979492914108 -0.028390253352877311 51.500000000000007 9.1875000000000018 0.030002239140170178 0.0021923816390290798 8.5000000000000018 68.500000000000014 0.043980967306711423 0.09500244857982372 0.069163515820171731 0.027958398511816685 0.074591119263250419
decision_type=2 2 2 2 2 2 2 2 2 2 2 2 2 2
left_child=1 2 3 -1 5 -2 -7 -8 9 10 11 12 -9 -10
right_child=4 -3 -4 -5 -6 6 7 8 13 -11 -12 -13 -14 -15
leaf_value=0.02947597971906751 0.042380165187756898 0.0011201762103200202 0.041069230362396229 -0.073404721211415822 -0.00058757499586592856 0.039423743709198378 0.019100469427175991 -0.18960757277044205 0.010005058633929777 -0.0049087832438660861 -0.13252791913662063 0.0081519141186288859 0.0047689828653485764 -0.023828547971601412
leaf_weight=10.595587139483543 36.505405689269537 7630.9366878492146 48.272016617003828 7.8565455111674956 18216.308116782922 24.159646643296583 93.378544061270077 5.1798541513562721 140.51350969457417 48.012556466273963 5.5028663561388376 9.7851547957106941 5.1148591578821652 33.28469057631446
leaf_count=391 3521 96136 826 203 107674 2637 2034 434 2706 957 115 345 226 321
internal_value=0 0.00133366 0.0257493 -0.0143285 -0.000410927 0.00760497 0.00412628 0.00162381 -0.00497275 -0.0250416 -0.0628261 -0.0437243 -0.0930329 0.00352547
internal_weight=0 7697.66 66.7241 18.4521 18617.7 401.437 364.932 340.772 247.393 73.5953 25.5827 20.0799 10.2947 173.798
internal_count=218526 97556 1420 594 120970 13296 9775 7138 5104 2077 1120 1005 660 3027
is_linear=0
shrinkage=0.05


Tree=206
num_leaves=15
num_cat=0
split_feature=1 3 2 6 0 6 4 3 0 0 0 4 3 3
split_gain=6.43392 12.436 11.8199 23.1276 23.9769 15.1813 19.7276 17.7559 15.2723 21.4998 19.1591 19.0365 20.8227 14.7567
threshold=18.500000000000004 139.50000000000003 1.5000000000000002 0.033516939839623824 29.604166666666668 0.061541198040664429 -0.0095001620452988388 54.500000000000007 21.729166666666668 21.604166666666668 24.104166666666668 1.0000000180025095e-35 57.500000000000007 58.500000000000007
decision_type=2 2 2 2 2 2 2 2 2 2 2 2 2 2
left_child=1 -1 3 4 -2 8 -7 -8 9 -4 11 -10 -13 -5
right_child=2 -3 5 13 -6 6 7 -9 10 -11 -12 12 -14 -15
leaf_value=0.0014506866518415357 0.00039882042131491501 -0.0013606457907077731 -0.0026981039883926076 -0.0072349290939497509 -0.030119983939132497 0.056406336070253693 0.011256220175907765 -0.010686866525002779 0.00038298065324541056 -0.033483931300213404 -0.00057142873060734276 0.0021671772422044628 0.027671457914059436 -0.023708167076884834
leaf_weight=12965.653414829663 1503.6673369451746 5646.8595606051385 2534.3232755554636 459.9804010715452 67.235046714544296 20.328768899082206 399.85752385284286 119.81551759535796 297.08220390789211 58.009837865829468 1707.7371260691434 130.9999285377562 205.68690363131464 192.98321867911727
leaf_count=123896 10792 31291 23856 5704 287 638 7058 952 1761 303 9029 645 1020 1294
internal_value=0 0.000597755 -0.00112089 -0.00419478 -0.000907393 0.00012794 0.0080872 0.00619703 -0.00074319 -0.00338701 0.00218384 0.00960813 0.0177481 -0.0121036
internal_weight=0 18612.5 7697.71 2223.87 1570.9 5473.84 540.002 519.673 4933.84 2592.33 2341.51 633.769 336.687 652.964
internal_count=218526 155187 63339 18077 11079 45262 8648 8010 36614 24159 12455 3426 1665 6998
is_linear=0
shrinkage=0.05


Tree=207
num_leaves=15
num_cat=1
split_feature=1 5 4 0 6 2 5 0 6 5 7 0 5 6
split_gain=5.80715 12.3696 14.2587 16.0108 13.514 12.403 19.824 18.9674 20.3603 16.4618 25.2297 23.8125 17.193 19.6289
threshold=18.500000000000004 -0.031981631116950821 -0.04330550802240337 27.062500000000004 0.013336890786197085 1.5000000000000002 -0.026363642708913834 29.604166666666668 0.033516939839623824 -0.0032883923319145989 0 13.562500000000002 -0.0074608311005885533 0.010222553624592476
decision_type=2 2 2 2 2 2 2 2 2 2 1 2 2 2
left_child=-1 2 3 -2 -4 6 -3 8 -8 10 12 -12 13 -7
right_child=1 5 4 -5 -6 9 7 -9 -10 -11 11 -13 -14 -15
leaf_value=0.00056798949468801806 0.0063694466510601207 0.023507290494701891 0.0069726415082485482 -0.062553307236609276 0.034934912631194082 0.00078222062413121863 -0.001201264585619142 -0.032437640331798294 -0.011993764490361601 0.0014299924513430328 0.034463020782748814 -0.0025507942258540701 -0.038057168932542913 -0.026424032421757223
leaf_weight=18608.824793401203 20.507844460138585 60.43979637225857 247.26258328718541 14.302794542163609 52.359149999931105 152.9431694947416 1352.0475693303451 63.544779047369957 645.69776084383193 3933.2056585097598 45.610680917045102 918.42554462142289 75.108392952606664 117.02650332037592
leaf_count=155187 692 582 3168 178 618 1346 8925 266 6902 31595 2120 5518 516 913
internal_value=0 -0.00106479 0.00834002 -0.0219491 0.0118591 -0.0014919 -0.00471737 -0.00554495 -0.00468954 -0.000186457 -0.00504305 -0.00079138 -0.016422 -0.0110112
internal_weight=0 7698.48 334.432 34.8106 299.622 7364.05 2121.73 2061.29 1997.75 5242.32 1309.11 964.036 345.078 269.97
internal_count=218526 63339 4656 870 3786 58683 16675 16093 15827 42008 10413 7638 2775 2259
cat_boundaries=0 1
cat_threshold=1
is_linear=0
shrinkage=0.05


Tree=208
num_leaves=15
num_cat=1
split_feature=0 6 7 5 6 5 5 4 4 2 1 0 0 2
split_gain=5.3843 24.9424 13.5932 24.8507 19.8433 13.1928 19.4354 18.5596 59.2873 14.6326 18.1915 13.6881 12.4286 11.6562
threshold=6.4375000000000009 0.091956576132191589 0 0.068580909425300832 0.1254595650352108 0.056125734599486062 0.047998136067101592 0.012540272378292852 0.011279117361820442 1.0000000180025095e-35 8.5000000000000018 6.0625000000000009 5.9375000000000009 1.0000000180025095e-35
decision_type=2 2 1 2 2 2 2 2 2 2 2 2 2 2
left_child=1 -1 3 13 12 6 7 8 -4 -8 -11 -9 -5 -3
right_child=-2 2 5 4 -6 -7 9 11 -10 10 -12 -13 -14 -15
leaf_value=0.024553104640709641 1.8831315826570513e-05 -0.072252746834207238 0.050500402566989379 -0.017276361897719025 -0.17538575896211003 0.020866505219564992 -0.17820620969039982 0.051848395663715546 -0.45115273825603391 0.052992085090635778 -0.10684385178981533 -0.033439102925935556 -0.12008905130526973 0.026530780350088237
leaf_weight=112.21614830911858 26075.05464901845 3.8662807777145671 1.7344156117760605 8.9822666667460016 4.2127842539048279 49.081727489508921 2.6743688298738544 13.149867598258426 0.89181326987454657 3.0056627146550454 4.3660508088651113 7.3251017136499277 4.3693584389984599 13.119926851548369
leaf_count=28866 177641 294 1001 683 388 4533 107 2152 51 438 413 110 37 1812
internal_value=0 0.00771934 -0.00845659 -0.0303031 -0.0807744 0.00393005 -0.0199624 0.00528541 -0.119851 -0.0780203 -0.0416741 0.021336 -0.0509221 0.00404637
internal_weight=0 228.996 116.78 34.5506 17.5644 82.229 33.1473 23.1012 2.62623 10.0461 7.37171 20.475 13.3516 16.9862
internal_count=218526 40885 12019 3214 1108 8805 4272 3314 1052 958 851 2262 720 2106
cat_boundaries=0 1
cat_threshold=18
is_linear=0
shrinkage=0.05


Tree=209
num_leaves=15
num_cat=1
split_feature=3 6 5 0 0 6 6 5 1 7 0 3 2 5
split_gain=5.82075 14.8344 15.4692 17.5789 10.3924 27.7583 23.0896 22.1423 26.6209 31.6818 21.959 36.9883 20.2439 16.0479
threshold=55.500000000000007 -0.037430979492914108 -0.028390253352877311 20.062500000000004 20.645833333333339 0.048219821788595511 -0.014213199597252594 0.0022962142781820104 20.500000000000004 0 23.354166666666668 53.500000000000007 2.5000000000000004 0.034735364933080999
decision_type=2 2 2 2 2 2 2 2 2 1 2 2 2 2
left_child=1 2 3 -1 6 7 -3 10 9 13 11 -6 -10 -9
right_child=-2 4 -4 -5 5 -7 -8 8 12 -11 -12 -13 -14 -15
leaf_value=0.051915837148674773 -0.0003960129702038199 0.017039306627200389 0.04029818453916896 -0.049581512522667154 -0.0095227540309352088 -0.02459761425524571 0.0013584713208728235 -0.0063185135998636149 0.041546389704186754 0.0090230073452348195 0.0020090959758299648 -0.056447410564463632 0.0094364310377424137 -0.033800299623429633
leaf_weight=6.6117190729128223 18611.699667948065 244.75093590236793 46.771924654021859 12.024336316622792 289.40274950116873 130.75584837421775 5749.0598424234049 188.36431646347046 70.478774543851614 352.06039960309863 315.08514817431569 49.12386529520154 161.70962841808796 73.986290547996759
leaf_count=339 120970 4188 826 255 1781 808 83325 846 352 1659 1767 280 758 372
internal_value=0 0.00123926 0.0249494 -0.0135722 0.00103587 -0.00250283 0.00199878 -0.00057709 0.00476026 -0.000690202 -0.00749036 -0.016332 0.0191831 -0.0135522
internal_weight=0 7690.19 65.408 18.6361 7624.78 1630.97 5993.81 1500.21 846.599 614.411 653.612 338.527 232.188 262.351
internal_count=218526 97556 1420 594 96136 8623 87513 7815 3987 2877 3828 2061 1110 1218
cat_boundaries=0 1
cat_threshold=64
is_linear=0
shrinkage=0.05


Tree=210
num_leaves=15
num_cat=0
split_feature=3 3 6 5 3 1 4 4 6 5 3 4 6 6
split_gain=5.80049 15.8458 43.3551 20.0866 20.7998 13.3771 13.691 12.2732 11.7823 14.5253 11.6485 29.5574 19.8753 12.1038
threshold=143.50000000000003 72.500000000000014 -0.020476871325202897 -0.038532818685691424 92.500000000000014 10.000000000000002 0.009175995904565604 -0.035155322149643696 0.073028117216348568 0.054029911751885706 58.500000000000007 0.061841202908876347 0.082224733544700848 -0.0055690922166460217
decision_type=2 2 2 2 2 2 2 2 2 2 2 2 2 2
left_child=1 10 5 -4 -5 -3 -7 -6 9 -2 -1 13 -13 -12
right_child=8 2 3 4 7 6 -8 -9 -10 -11 11 12 -14 -15
leaf_value=0.00080127511639909951 -0.00082259786418249672 0.042338991659822543 0.04021464747901491 0.010405168095462228 0.020334082512446727 0.025711716932691732 -0.01106861748798626 -0.00022053811557924937 -0.025699696812890024 -0.015856942536391548 -0.0048831566227313999 -0.038059845658849845 0.015598395242737857 -0.00024356799039457495
leaf_weight=8973.7851579955386 5352.4812516570091 74.835207788040861 33.91138015598699 577.04853692709003 74.118787799030542 93.175883244839497 34.732756815850735 3600.0026368252002 49.816451542079449 165.62701711058617 1926.5436365794158 88.61496175150387 21.431343451782595 5199.9957319387613
leaf_count=106042 29252 1181 950 8991 1359 1695 264 23089 364 1156 13028 872 226 30032
internal_value=0 0.000325577 0.00295487 0.0018859 0.00158015 0.0255481 0.0157243 0.000194114 -0.0014924 -0.00127386 -0.00040234 -0.00189489 -0.02761 -0.00149781
internal_weight=0 20698.2 4487.83 4285.08 4251.17 202.744 127.909 3674.12 5567.92 5518.11 16210.4 7236.59 110.046 7126.54
internal_count=218501 187729 37529 34389 33439 3140 1959 24448 30772 30408 150200 44158 1098 43060
is_linear=0
shrinkage=0.05


Tree=211
num_leaves=15
num_cat=0
split_feature=3 3 6 5 3 0 1 0 2 0 0 3 5 1
split_gain=5.23921 14.3428 40.0901 18.8351 18.904 17.7135 12.807 12.4892 12.4791 12.3176 12.0649 20.2461 11.734 11.0323
threshold=143.50000000000003 72.500000000000014 -0.020476871325202897 -0.038532818685691424 92.500000000000014 13.062500000000002 10.000000000000002 12.937500000000002 1.5000000000000002 15.312500000000002 9.1875000000000018 110.50000000000001 0.069964295275271926 7.5000000000000009
decision_type=2 2 2 2 2 2 2 2 2 2 2 2 2 2
left_child=1 -1 6 -4 5 -5 -3 -2 -9 -8 11 12 -6 -12
right_child=7 2 3 4 10 -7 9 8 -10 -11 13 -13 -14 -15
leaf_value=-0.00038229655824961544 -0.028598216087238046 0.041491908068872312 0.03954344742848289 0.006567852787769027 0.036031349438826354 0.032807747993939096 0.053400171014273502 0.0022724295201992021 -0.0028327475715778528 0.0087658843156249357 -0.0071902484149873368 -0.02101348547970389 -0.01856280652878739 0.00080600070273132741
leaf_weight=16210.288418381519 41.946669255383313 72.602029669564217 32.791244576059398 499.90596146151074 72.336055128835142 73.812761381268501 18.03154630959034 1753.8032855391502 3770.501006890554 108.26541170151904 502.13505738088861 27.252153004286811 11.392303459346293 3060.0196250122972
leaf_count=150200 319 1181 950 8433 1776 558 603 9565 20888 1356 3087 454 81 19050
internal_value=0 0.000309681 0.00281432 0.00179448 0.00150301 0.00994379 0.0247579 -0.00141838 -0.001212 0.0151384 0.000184619 0.0164194 0.0286031 -0.000321181
internal_weight=0 20688.8 4478.54 4279.65 4246.85 573.719 198.899 5566.25 5524.3 126.297 3673.14 110.981 83.7284 3562.15
internal_count=218501 187729 37529 34389 33439 8991 3140 30772 30453 1959 24448 2311 1857 22137
is_linear=0
shrinkage=0.05


Tree=212
num_leaves=15
num_cat=2
split_feature=8 3 6 5 0 7 5 0 5 0 3 2 0 2
split_gain=4.79415 6.21045 8.53755 11.1156 7.43863 7.13406 11.2343 11.1718 11.6767 11.1497 16.2995 12.0175 9.78833 7.79992
threshold=0 143.50000000000003 0.073028117216348568 0.052740476373875612 13.312500000000002 1 -0.033596131624226221 16.812500000000004 -0.010389043518681229 18.437500000000004 120.50000000000001 4.5000000000000009 20.770833333333339 1.5000000000000002
decision_type=1 2 2 2 2 1 2 2 2 2 2 2 2 2
left_child=-1 5 3 4 -3 6 -2 8 -8 10 -9 12 -11 -10
right_child=1 2 -4 -5 -6 -7 7 9 13 11 -12 -13 -14 -15
leaf_value=-0.00084234827773968339 0.042129649925601531 -0.021761411567859764 -0.024536895395578795 -0.014681710394371187 -0.00018950050560229882 0.00070920429840225403 0.032869082621006761 0.00046914724973183607 -0.0016829739342997402 0.02056700306551832 -0.036215248480633427 -0.01256710527767297 0.00057660458944113814 0.010283969044994463
leaf_weight=11102.74999964326 19.880037672206527 40.362749971915036 38.489706419408321 141.02337037399411 4032.9768198411912 9717.765388586864 45.218993784219492 74.414084443822503 197.33988818571379 101.44257314223796 51.053906764835119 92.037807142361999 154.49974742531776 439.24023124395171
leaf_count=92064 615 332 287 971 21921 88378 1278 435 2897 548 296 496 815 7168
internal_value=0 0.000524893 -0.00109514 -0.00088105 -0.000403257 0.00115788 0.00482113 0.00422084 0.00831817 -0.00167962 -0.014458 0.00292777 0.00849979 0.00657422
internal_weight=0 15145.7 4252.85 4214.36 4073.34 10892.9 1175.13 1155.25 681.799 473.448 125.468 347.98 255.942 636.58
internal_count=218501 126437 23511 23224 22253 102926 14548 13933 11343 2590 731 1859 1363 10065
cat_boundaries=0 1 2
cat_threshold=208 136
is_linear=0
shrinkage=0.05


Tree=213
num_leaves=15
num_cat=2
split_feature=4 0 7 4 3 0 8 3 4 4 0 4 6 0
split_gain=5.25183 15.0183 17.9203 21.7242 23.0439 17.8361 4.38165 6.61539 10.8184 15.8368 29.6565 22.5382 18.816 14.9718
threshold=-0.052231588671728391 19.812500000000004 0 -0.056935097424333177 146.50000000000003 25.854166666666668 1 143.50000000000003 0.0094647888525583208 -0.0095001620452988388 19.437500000000004 -0.010898309229371897 0.019420517312699226 29.354166666666668
decision_type=2 2 1 2 2 2 1 2 2 2 2 2 2 2
left_child=1 -1 3 4 5 -3 -2 -8 9 11 12 13 -11 -9
right_child=6 2 -4 -5 -6 -7 7 8 -10 10 -12 -13 -14 -15
leaf_value=0.041225728591630637 -0.0012565358416407821 0.032438285924909875 0.019997375824490956 0.014251303875649494 -0.10434362080271108 -0.06031588083360321 0.00082738878843321333 -0.00041717514248790422 -0.0038030451020527227 -0.020782333603553388 0.0069932478626708013 -0.029140102170423766 0.0042204654849041798 -0.02330249820952866
leaf_weight=29.600441522299661 6248.4861774383025 9.9534916048869508 54.080215494148433 25.997660384513438 11.395977073349057 10.813797606155275 14330.368318524881 1319.4521158635616 2326.7666633762419 176.67067624442279 1414.96788833756 78.810860931873322 131.07339836657047 75.558788206428289
leaf_count=2051 50787 287 1037 428 236 161 133595 9087 11741 1154 6525 429 590 393
internal_value=0 0.00954424 0.00118913 -0.016842 -0.0472112 -0.01586 -0.00010294 0.00026063 -0.00120937 0.000678571 0.00393379 -0.00312637 -0.0101332 -0.00165673
internal_weight=0 141.842 112.241 58.1609 32.1633 20.7673 26102.2 19853.7 5523.3 3196.53 1722.71 1473.82 307.744 1395.01
internal_count=218501 4200 2149 1112 684 448 214301 163514 29919 18178 8269 9909 1744 9480
cat_boundaries=0 1 2
cat_threshold=23 80
is_linear=0
shrinkage=0.05


Tree=214
num_leaves=15
num_cat=1
split_feature=4 0 7 4 3 0 5 5 0 0 1 0 5 1
split_gain=4.88875 14.1818 16.3031 18.6753 17.8684 15.5403 8.65636 6.35153 12.0959 8.11337 20.0068 22.0597 5.50697 6.45237
threshold=-0.052231588671728391 19.812500000000004 0 -0.056935097424333177 146.50000000000003 25.854166666666668 -0.021103448376235182 -0.051276020937356774 28.812500000000004 22.604166666666668 15.000000000000002 18.562500000000004 -0.031981631116950821 12.500000000000002
decision_type=2 2 1 2 2 2 2 2 2 2 2 2 2 2
left_child=1 -1 3 4 5 -3 -5 8 9 10 11 -2 13 -4
right_child=7 2 12 6 -6 -7 -8 -9 -10 -11 -12 -13 -14 -15
leaf_value=0.040767539884038438 0.035838378686759285 0.031759972737473711 0.026715382961032808 -0.017465285433139913 -0.090391908229127016 -0.054504656309171541 0.040730016284812577 -0.00014181596146162876 -0.036431601200503337 0.034726035905048871 0.047751343985820344 -0.082244621205896831 0.036842506134176466 -0.02775554712286233
leaf_weight=28.465339729104016 6.537087143660762 9.6651639575138706 13.188269058242442 11.930164272896947 12.466651652939616 11.353572373278437 13.760096834041176 26018.638181214497 10.507402671501039 43.262119246181101 12.738416753476484 10.014002983458338 30.73129987064749 9.2496187007054669
leaf_count=2051 468 287 306 229 236 161 199 211679 178 1075 606 295 522 209
internal_value=0 0.00924383 0.00125652 -0.0157087 -0.0429663 -0.0148371 0.013705 -9.77477e-05 0.0137068 0.0209682 0.000647237 -0.0356061 0.019437 0.00426071
internal_weight=0 140.81 112.345 59.1756 33.4854 21.0187 25.6903 26101.7 83.059 72.5516 29.2895 16.5511 53.1692 22.4379
internal_count=218501 4200 2149 1112 684 448 428 214301 2622 2444 1369 763 1037 515
cat_boundaries=0 1
cat_threshold=23
is_linear=0
shrinkage=0.05


Tree=215
num_leaves=15
num_cat=0
split_feature=4 0 6 3 0 3 0 5 0 5 1 1 0 5
split_gain=6.06203 26.3888 25.8226 25.2104 54.8047 19.0244 29.8612 14.4254 14.0628 17.7939 20.0972 17.135 19.6494 23.8786
threshold=-0.003987594934323351 10.812500000000002 0.074629609306409148 33.500000000000007 11.187500000000002 72.500000000000014 7.3125000000000009 0.065283038648598149 13.687500000000002 -0.026952505202144258 21.500000000000004 12.500000000000002 13.187500000000002 -0.010023079851527552
decision_type=2 2 2 2 2 2 2 2 2 2 2 2 2 2
left_child=1 2 -1 4 -3 6 -4 8 9 -5 11 12 13 -11
right_child=-2 3 5 7 -6 -7 -8 -9 -10 10 -12 -13 -14 -15
leaf_value=0.026853365815060828 0.000582741752418201 -0.14733091938853635 0.050637977565299898 0.051426460029078726 0.0034663018567953549 0.05853220195528315 -0.10037910362146252 -0.038361761136112241 -0.0016827673873458353 -0.05981999481177043 -0.021434102653411224 0.028537268906060155 0.030027056432722715 0.00097846693716898922
leaf_weight=138.49228952552221 18522.736853353781 9.3764508508611488 4.5451463452773231 22.589851909782737 16.857847166713327 4.453059212799416 11.698585909791289 26.20905889570713 7218.8602442150004 18.707096453290433 57.116764252074063 93.707795259542763 47.379672040231526 118.13034008303657
leaf_count=17271 140534 222 2065 1228 473 109 163 136 50828 588 983 1738 657 1913
internal_value=0 -0.00107982 0.0190685 -0.00150024 -0.0504304 -0.0330239 -0.0581231 -0.0013314 -0.0012033 0.00847474 0.00557876 0.0111302 0.00227558 -0.00733331
internal_weight=0 7788.12 159.189 7628.94 26.2343 20.6968 16.2437 7602.7 7576.49 357.632 335.042 277.925 184.217 136.837
internal_count=218908 78374 19608 58766 695 2337 2228 58071 57935 7107 5879 4896 3158 2501
is_linear=0
shrinkage=0.05


Tree=216
num_leaves=15
num_cat=0
split_feature=4 0 6 3 0 3 0 4 3 6 5 6 1 5
split_gain=5.45725 24.2769 23.5368 21.6024 41.9438 16.7754 24.8753 13.4975 26.1 16.3883 16.7872 11.7418 32.757 11.1581
threshold=-0.003987594934323351 10.812500000000002 0.074629609306409148 33.500000000000007 11.187500000000002 72.500000000000014 7.3125000000000009 -0.013368296605858981 117.50000000000001 0.026896326964868465 0.031665860380567047 -0.028330545921700079 6.5000000000000009 0.030929531214486595
decision_type=2 2 2 2 2 2 2 2 2 2 2 2 2 2
left_child=1 2 7 4 -3 6 -4 -1 9 10 -9 12 -2 -5
right_child=11 3 5 13 -6 -7 -8 8 -10 -11 -12 -13 -14 -15
leaf_value=0.041821852232139953 -0.029148217603355505 -0.12384542891219599 0.050606955371657339 -0.00058379252363202443 0.0033031052280392014 0.058090760434923353 -0.088355617576068163 0.011008884218179023 -0.12608192499957355 0.035564088856378691 -0.085000410594003983 0.00035987148063583592 0.013777109256174465 -0.0066587548511681085
leaf_weight=68.198250870809716 50.362240128801204 10.562113190535458 4.3260604290189866 6754.0379637593869 16.807528605218977 4.2672549351118496 12.600601524114607 15.039113671809902 3.3373648896813384 41.991732999696978 6.5297778788371934 18093.358607342176 378.23393773334101 851.11141864210367
leaf_count=11434 352 222 2065 53733 473 109 163 1782 86 3674 295 137487 2695 4338
internal_value=0 -0.00102378 0.0184836 -0.00142323 -0.0457643 -0.0305048 -0.05284 0.0261689 0.0102118 0.0173681 -0.018057 0.000553629 0.00873316 -0.00126366
internal_weight=0 7788.81 156.29 7632.52 27.3696 21.1939 16.9267 135.096 66.898 63.5606 21.5689 18522 428.596 7605.15
internal_count=218908 78374 19608 58766 695 2337 2228 17271 5837 5751 2077 140534 3047 58071
is_linear=0
shrinkage=0.05


end of trees

feature_importances:
days_to_departure=775
price_delta_24h=553
price_delta_6h=534
price_delta_12h=502
seats_left=350
carrier=128
day_of_week=94
hour_of_day=85
route=17

parameters:
[boosting: gbdt]
[objective: binary]
[metric: auc]
[tree_learner: serial]
[device_type: cpu]
[data_sample_strategy: bagging]
[data: ]
[valid: ]
[num_iterations: 600]
[learning_rate: 0.05]
[num_leaves: 15]
[num_threads: 0]
[seed: 608]
[deterministic: 0]
[force_col_wise: 0]
[force_row_wise: 0]
[histogram_pool_size: -1]
[max_depth: -1]
[min_data_in_leaf: 200]
[min_sum_hessian_in_leaf: 0.001]
[bagging_fraction: 0.8]
[pos_bagging_fraction: 1]
[neg_bagging_fraction: 1]
[bagging_freq: 5]
[bagging_seed: 21918]
[feature_fraction: 0.9]
[feature_fraction_bynode: 1]
[feature_fraction_seed: 18403]
[extra_trees: 0]
[extra_seed: 7185]
[early_stopping_round: 0]
[early_stopping_min_delta: 0]
[first_metric_only: 0]
[max_delta_step: 0]
[lambda_l1: 0]
[lambda_l2: 0]
[linear_lambda: 0]
[min_gain_to_split: 0]
[drop_rate: 0.1]
[max_drop: 50]
[skip_drop: 0.5]
[xgboost_dart_mode: 0]
[uniform_drop: 0]
[drop_seed: 3678]
[top_rate: 0.2]
[other_rate: 0.1]
[min_data_per_group: 100]
[max_cat_threshold: 32]
[cat_l2: 10]
[cat_smooth: 10]
[max_cat_to_onehot: 4]
[top_k: 20]
[monotone_constraints: ]
[monotone_constraints_method: basic]
[monotone_penalty: 0]
[feature_contri: ]
[forcedsplits_filename: ]
[refit_decay_rate: 0.9]
[cegb_tradeoff: 1]
[cegb_penalty_split: 0]
[cegb_penalty_feature_lazy: ]
[cegb_penalty_feature_coupled: ]
[path_smooth: 0]
[interaction_constraints: ]
[verbosity: -1]
[saved_feature_importance_type: 0]
[use_quantized_grad: 0]
[num_grad_quant_bins: 4]
[quant_train_renew_leaf: 0]
[stochastic_rounding: 1]
[linear_tree: 0]
[max_bin: 255]
[max_bin_by_feature: ]
[min_data_in_bin: 3]
[bin_construct_sample_cnt: 200000]
[data_random_seed: 2024]
[is_enable_sparse: 1]
[enable_bundle: 1]
[use_missing: 1]
[zero_as_missing: 0]
[feature_pre_filter: 1]
[pre_partition: 0]
[two_round: 0]
[header: 0]
[label_column: ]
[weight_column: ]
[group_column: ]
[ignore_column: ]
[categorical_feature: 7,8]
[forcedbins_filename: ]
[precise_float_parser: 0]
[parser_config_file: ]
[objective_seed: 21428]
[num_class: 1]
[is_unbalance: 0]
[scale_pos_weight: 1]
[sigmoid: 1]
[boost_from_average: 1]
[reg_sqrt: 0]
[alpha: 0.9]
[fair_c: 1]
[poisson_max_delta_step: 0.7]
[tweedie_variance_power: 1.5]
[lambdarank_truncation_level: 30]
[lambdarank_norm: 1]
[label_gain: ]
[lambdarank_position_bias_regularization: 0]
[eval_at: ]
[multi_error_top_k: 1]
[auc_mu_weights: ]
[num_machines: 1]
[local_listen_port: 12400]
[time_out: 120]
[machine_list_filename: ]
[machines: ]
[gpu_platform_id: -1]
[gpu_device_id: -1]
[gpu_use_dp: 0]
[num_gpu: 1]

end of parameters

pandas_categorical:[["ABC Transport", "Air Peace", "Arik Air", "British Airways", "CHISCO", "Cross Country", "GIGM", "Ibom Air"], ["ABV-LOS", "LHR-LOS", "LOS-ABV", "LOS-LHR", "LOS-ONI", "LOS-PHC", "ONI-LOS", "PHC-LOS"]]
